,Strategy (base),Nifty 50 price (^NSEI),Nifty approx TRI (+1.3%/yr),"EW buy&hold, 272 names live 2010","EW daily-rebal, all names with data"
2010-01-04,1000000.0,1000000.0,1000000.0,1000000.0,1015742.1619959504
2010-01-05,1000000.0,1008734.3192778045,1008769.9914751367,1012406.8883009704,1028344.3615424193
2010-01-06,1000000.0,1009479.68493626,1009551.0833105568,1016368.0116819509,1032290.2428456768
2010-01-07,1000000.0,1005905.7186633326,1006012.4389430743,1018188.7835605703,1034149.699621091
2010-01-08,1000000.0,1002398.5711973986,1002540.3712958721,1044395.8565876934,1060970.0171036515
2010-01-11,1000000.0,1003287.2799948785,1003535.6633480852,1058068.8711244266,1074292.9967555944
2010-01-12,1000000.0,995833.4367656114,996115.1994720693,1049988.605053547,1065878.6859556448
2010-01-13,1000000.0,1000334.4673243901,1000652.8887193964,1055927.6986498262,1072501.7804940112
2010-01-14,1000000.0,1005294.0839412196,1005649.6459116845,1067761.9635360735,1085136.6262498905
2010-01-15,1000000.0,1003822.4837073165,1004213.0362421698,1072933.0862940142,1090845.1385675184
2010-01-18,1000000.0,1008151.427841381,1008650.6647675928,1081370.554192332,1099779.9788403679
2010-01-19,1000000.0,998748.0805924401,999277.9975186867,1074509.7701128016,1093613.447783349
2010-01-20,1000000.0,997993.1960536588,998558.0235333669,1074102.7780783987,1092973.4074125928
2010-01-21,1000000.0,973615.2502168345,974200.7304315427,1050328.1860303448,1069239.258691192
2010-01-22,1000000.0,962501.3975022831,963114.2521552934,1042011.7895837739,1060375.7624744878
2010-01-25,1000000.0,957130.7892290322,957841.8344715456,1030571.498181919,1049635.5336722708
2010-01-27,1000000.0,927544.8026633454,928299.5207282875,988829.7601541458,1007631.9589398523
2010-01-28,1000000.0,930249.1912218005,931039.0332439811,989734.8948679843,1009551.7509345062
2010-01-29,1000000.0,933077.7918362722,933903.0602717123,996323.91084038,1016454.9923645509
2010-02-01,997500.0,936451.2083658639,937378.8999124024,1015474.032740274,1035732.3395401629
2010-02-02,989294.1165155099,923148.9463999314,924096.1380696531,1007153.5836805068,1026690.6902006476
2010-02-03,1010316.2966399494,942595.8322609039,943596.3448182024,1021824.2018744994,1042163.9631686074
2010-02-04,989201.431849758,926063.5902267603,927079.3381838301,1004944.894627597,1025051.3540475705
2010-02-05,958727.4908507458,901848.1186119681,902869.2332839827,980369.8871830332,999394.5423603407
2010-02-06,960075.0963827166,,,980692.313274542,999677.6236924636
2010-02-08,967956.7418315756,909827.5533509912,910954.338994825,991979.2686884641,1011556.7858549547
2010-02-09,978159.6615911634,915991.308329039,917158.160154143,998212.7884836132,1018007.1426902866
2010-02-10,974609.9183550626,909216.0119512342,910406.4268023543,997980.926727336,1017880.0368761009
2010-02-11,988597.146988779,922527.7927974926,923768.302807432,1004655.1176758811,1024583.8403257459
2010-02-15,989335.4406768858,917768.8192463547,919132.9328169922,1000156.0984652062,1020391.2839435599
2010-02-16,992956.9521048259,928051.2630900935,929463.5275918433,1006617.8850351283,1026545.4726466292
2010-02-17,1004720.7989273423,939184.2468876528,940646.7162545436,1015106.0298053664,1035990.4890898833
2010-02-18,995420.2959287519,934167.2370217999,935654.9807513689,1011469.8071827102,1031645.7990347942
2010-02-19,983632.7537189723,925977.5470144032,927485.045733415,1000010.1151984857,1019335.386867657
2010-02-22,978790.6984110685,928175.47514611,929785.1860142034,993158.317539631,1012648.239726371
2010-02-23,986366.2735758999,930784.3016118824,932431.5096110766,989250.1286711877,1007463.3232542527
2010-02-24,984682.4464908516,928595.9856828573,930272.2173750266,985238.1000825865,1003846.0307611321
2010-02-25,973035.1692849351,928815.7598315568,930525.2935461741,981975.2135869697,1000789.6182984768
2010-02-26,987013.1245832167,940770.5402972467,942535.4074122758,998917.7870602491,1017370.9460592908
2010-03-02,1023348.5549450238,958870.0379803325,960804.7563789404,1020088.8556495302,1039401.3799405821
2010-03-03,1043390.6894155164,972458.9862243137,974455.5819021031,1034221.1281652618,1053020.3583954447
2010-03-04,1067672.993185043,970958.6427047207,972986.5647865232,1043519.4610226357,1062313.378726383
2010-03-05,1072820.6113051646,972573.6794000043,974639.4398809236,1049477.4373841512,1069557.2107529442
2010-03-08,1092633.58860611,979320.3258144754,981504.5366904469,1058065.9775336199,1077684.483514135
2010-03-09,1102829.432101679,975020.0316437446,977229.2082796817,1053668.2206050323,1071283.908160179
2010-03-10,1087325.9609204442,977839.1133778904,980089.3354104471,1050756.9891829086,1068396.508117958
2010-03-11,1071693.970685801,981116.874492443,983409.4147662282,1049122.519562558,1066509.6768613711
2010-03-12,1069213.3533398013,981804.9402242312,984133.889290003,1048121.7652165837,1065209.731920816
2010-03-15,1053209.4042586403,980256.8156582968,982686.3381921664,1040279.0155047567,1056237.0102610071
2010-03-16,1067336.7211915713,993482.6466145542,995980.1686997061,1051856.3794723817,1066832.336364348
2010-03-17,1081353.434197369,999942.6067509765,1002491.8187574534,1055488.8395863327,1071248.451275553
2010-03-18,1080595.760964336,1002618.3453460982,1005209.9250750381,1057678.8359895458,1074676.9374833808
2010-03-19,1088751.6182471989,1005848.3254143094,1008483.9161149549,1061529.590689691,1079064.0108786046
2010-03-22,1067786.883697314,994839.6469951229,997552.2148224838,1050897.2607628966,1068801.1568655719
2010-03-23,1078069.2310552825,998681.168463091,1001439.6237101362,1054071.5694246148,1071373.3742539748
2010-03-25,1078021.339674025,1005389.6460339024,1008237.936258092,1055838.0368308807,1073013.8275315554
2010-03-26,1097162.7336285748,1009517.9471022754,1012413.7339387037,1062644.3207439098,1078863.478509277
2010-03-29,1083594.4364223306,1013502.9050316243,1016517.9573901424,1060358.6098586016,1077666.26441133
2010-03-30,1085651.2885610838,1005781.5066073161,1008809.2622965103,1061731.968706637,1080013.893177968
2010-03-31,1090852.1985098806,1003229.9800682112,1006285.6391115969,1063993.5669329786,1082983.3286094668
2010-04-01,1106927.986964728,1011142.5026778851,1014258.1281188218,1076927.8556333154,1095913.5220149772
2010-04-05,1125651.8240416283,1026031.0580534113,1029338.1498802783,1095504.9317507285,1115083.512315199
2010-04-06,1126168.213963174,1025572.3786730047,1028914.3766341605,1098225.724722564,1118303.7172892175
2010-04-07,1133227.2113674372,1027225.5842119477,1030609.4139025443,1106030.9856397228,1127284.4528258408
2010-04-08,1124216.1407324949,1013808.7223926806,1017184.3247449229,1102083.2453875258,1123173.7399467248
2010-04-09,1131607.8347922459,1024760.1008851998,1028208.5267997145,1111039.9534378764,1131318.3273191582
2010-04-12,1128872.8970597768,1020545.8499268258,1024088.7322995098,1109687.466469987,1130789.0927931932
2010-04-13,1136694.649308455,1017344.5198219484,1020912.3901746573,1111201.028129432,1131960.3461586828
2010-04-15,1124706.2472451623,1007912.5226096739,1011518.8520889694,1108267.1738656533,1129810.8765893155
2010-04-16,1124992.648021578,1005810.1565706498,1009444.6598007272,1104514.5417943853,1125659.732165091
2010-04-19,1115594.424498429,994543.348514392,998243.0351236057,1092560.0038649498,1113421.553906596
2010-04-20,1143025.6767307536,999598.6205462606,1003352.5933198878,1110413.246827298,1131437.1239177834
2010-04-21,1169711.8035654535,1002427.2211607323,1006227.3989738012,1121109.461763969,1141999.457700752
2010-04-22,1178680.4875966234,1007100.2448218691,1010953.8873811879,1121108.2297607,1142126.7828606109
2010-04-23,1189525.0224586343,1013741.8102633313,1017656.8530530436,1125609.6490808704,1145885.3580266365
2010-04-26,1199651.329917133,1017248.9577292656,1021285.8855499531,1130468.4696684906,1149730.762144439
2010-04-27,1199955.1071005163,1014554.0880511361,1018616.3417315376,1131008.6451529418,1148791.8012699627
2010-04-28,1180005.4267419348,996798.6698951224,1000825.2225006224,1114355.5678281519,1132735.8683014961
2010-04-29,1208377.7450979992,1004195.119875366,1008287.2054496639,1125267.7030283012,1142132.346738771
2010-04-30,1213650.074312465,1008753.4503608122,1012899.9293290303,1132777.9103883686,1150293.725275358
2010-05-03,1200329.8189039067,998193.8391193505,1002403.250235539,1127382.659189344,1145485.0478864738
2010-05-04,1180021.872039209,984002.8683559382,988187.3801082061,1110372.5749157772,1127890.7706632223
2010-05-05,1171846.3604453648,979492.3189168335,983692.4347792584,1111694.282821478,1128408.6243680075
2010-05-06,1190841.8522688316,972984.5777340698,977191.3435624101,1112288.8566728965,1128487.3383698382
2010-05-07,1163206.8796552934,959070.6810460241,963251.3517477306,1087360.850039095,1102761.1078889673
2010-05-10,1188022.5462214763,992622.587780408,997055.2841810329,1113099.467415703,1129262.6351773692
2010-05-11,1167525.3161082251,981642.4660021991,986060.9982780571,1104166.5135906048,1120041.3809494965
2010-05-12,1165890.4191331265,985560.5118021984,990031.6894111028,1107751.432920747,1122728.5112176554
2010-05-13,1175915.3345650455,989813.0249265879,994338.6567235057,1120607.6299140975,1133612.0928106247
2010-05-14,1162182.7918402907,973491.0381608179,977976.6257067473,1110279.2347388621,1123231.0912391548
2010-05-17,1180940.65059802,967069.2468680551,971628.3172366252,1114313.4429193065,1120649.316297479
2010-05-18,1201450.0900751797,968273.3852292735,972872.5350759008,1123824.3864452445,1126854.0503850915
2010-05-19,1165388.7372787658,940264.0798704984,944763.5986177295,1096015.8474391054,1098917.6511753253
2010-05-20,1182829.029362999,945606.0381804156,950164.720009233,1099473.4880590448,1098810.57486335
2010-05-21,1150905.112136695,942462.0080022054,947039.0220060832,1086713.657828807,1087093.9924545628
2010-05-24,1157391.3513453298,944908.4535683015,949598.0843040915,1090251.8672059919,1092169.995875538
2010-05-25,1110193.2414597138,918686.1780071682,923278.315234051,1059026.6096025133,1061938.975063866
2010-05-26,1133338.4160847105,939834.0504534254,944565.299049172,1076733.1362997065,1076781.8513012235
2010-05-27,1140098.1251490724,956213.4304682189,961061.1201365539,1086051.2296589182,1086997.8700816373
2010-05-28,1155129.4454264434,968340.2040362665,973283.7898161091,1099364.5724492236,1102017.7015131717
2010-05-31,1163935.2859820107,972114.9066972416,977181.4249637227,1105614.1598505971,1110434.1137520517
2010-06-01,1140038.4651742436,949925.4634341544,954910.101223603,1094118.4378747893,1098037.0883731246
2010-06-02,1151593.1634334163,959414.7605730962,964483.2986175886,1103170.8737941203,1106348.4284822803
2010-06-03,1164343.7208685488,976740.1493120369,981934.9397341673,1117320.97304932,1120838.2683103674
2010-06-04,1171274.2149373787,981518.2539461826,986773.3510582669,1119961.7791201116,1124339.24681564
2010-06-07,1151936.8454561175,962119.1491315515,967373.003793448,1104148.571366941,1109346.4374240916
2010-06-08,1144853.2745285993,953155.4435023656,958394.2407643461,1096039.6602076383,1102540.5045709405
2010-06-09,1154549.943545912,955678.2267557809,960964.8716185311,1102010.6254033856,1108469.154717565
2010-06-10,1159377.019020501,970643.3064633384,976047.2505839895,1115104.0046046926,1121753.0560783409
2010-06-11,1167196.3209937718,978431.6170169957,983913.7148819484,1118478.7604943486,1125149.4082076997
2010-06-14,1173276.068347264,993406.2156048791,999078.1999904184,1128100.7413083462,1135559.98310615
2010-06-15,1185393.3819569026,998117.4081096754,1003851.789952452,1136638.6265997053,1145686.9418494347
2010-06-16,1184347.5647536453,1000219.7741486996,1006001.8088086761,1139241.7756582622,1147692.7901289952
2010-06-17,1203405.5416945657,1008151.427841381,1014015.1711988074,1144986.8954879553,1153079.1024022067
2010-06-18,1194874.4919876433,1005810.1565706498,1011696.0579862947,1138353.3382759604,1147167.4539553705
2010-06-21,1214072.0330142023,1023145.0641899162,1029241.5922536048,1152033.3639315206,1160950.4220619071
2010-06-22,1219364.459639938,1016121.2503777222,1022212.0737726032,1151528.023775893,1159249.889200496
2010-06-23,1239788.728220823,1017382.6886656078,1023517.2670522666,1159415.057308473,1167383.9314723036
2010-06-24,1342886.7761490664,1016895.3593218675,1023063.1768611603,1165953.1815218786,1174411.6856614924
2010-06-25,1339757.6122172917,1007042.8515728456,1013186.7386714962,1162776.5322469173,1169797.8452446708
2010-06-28,1339019.9921786075,1019360.8426486154,1025688.6884006897,1175664.730021832,1183659.8838682324
2010-06-29,1316714.7675042462,1004577.3682460977,1010849.1889342827,1169188.0766278792,1175932.3696836797
2010-06-30,1323188.7344379153,1015347.2347559332,1021722.4245607303,1175094.9068343844,1182260.1642751058
2010-07-01,1309773.5676494082,1003669.52836561,1010007.111814709,1171989.2628407944,1179430.6061168343
2010-07-02,1310018.140691541,1000936.4898438214,1007292.4357081229,1174421.8601347287,1181871.481819381
2010-07-05,1323631.4301310016,1000707.10349244,1007168.4356643282,1178107.3326600615,1185254.034400759
2010-07-06,1346050.6868781522,1010865.3352801622,1017428.2351542355,1186125.4770797503,1192659.9356684813
2010-07-07,1341555.3994614028,1001700.9865852846,1008240.0416819395,1185510.0763524768,1190156.6054686636
2010-07-08,1370018.5949500059,1012356.1599194293,1019000.8054471059,1199100.3185231287,1201961.5218668801
2010-07-09,1372103.420776563,1022982.6832902402,1029733.4899956536,1205396.2051304677,1209747.1472611655
2010-07-12,1387406.0266329856,1028821.4898242236,1035720.6994409879,1208059.9725696451,1212562.672449739
2010-07-13,1397054.4899091644,1032194.8130314591,1039153.390550292,1215666.2383718125,1218741.9923645942
2010-07-14,1402896.5376263268,1029423.5123436548,1036400.0562954254,1213402.1929888749,1216393.0874444323
2010-07-15,1397277.9787847481,1028009.2120364188,1035012.7712779616,1212056.506969601,1214928.0354062205
2010-07-16,1406134.0111577262,1030904.7247802399,1037964.7149798579,1217805.8557528157,1221518.7432100337
2010-07-19,1410495.3916797887,1029480.9055926781,1036641.1144338376,1218375.4772275493,1223364.582056742
2010-07-20,1407018.3449165304,1025954.6270437363,1033126.8435443186,1213512.5540168444,1220049.8182926574
2010-07-21,1409530.5545451827,1031946.388919426,1039197.2406385398,1219446.5015281294,1226398.247954127
2010-07-22,1410898.7394412674,1040088.2978804813,1047433.3971948993,1225551.5998872267,1231612.9395535528
2010-07-23,1403129.6809500947,1041454.8171413757,1048846.6562004827,1225266.8413082177,1230408.7637600466
2010-07-26,1389459.1882910433,1035625.5294877181,1043086.6477456602,1214346.31886034,1220159.4776936022
2010-07-27,1388624.5908961715,1037919.019712108,1045433.6300183577,1217385.2280754084,1223014.0748846533
2010-07-28,1395935.728804338,1031602.3093923539,1039107.9312594353,1216589.9708110173,1221719.590812772
2010-07-29,1395240.3996504862,1033771.5875607271,1041329.8160103421,1216565.526684122,1222253.31543395
2010-07-30,1396239.4505048404,1025878.1960340613,1033415.2571264632,1218022.702223813,1223602.4987603512
2010-08-02,1405368.292293893,1038119.6627777998,1045857.6082921869,1228312.5765099428,1235915.8584547427
2010-08-03,1400701.9836665702,1039629.5251777184,1047415.7637097244,1231435.3642252947,1240244.1397969855
2010-08-04,1410967.3544864159,1045038.3956169848,1052902.3763465376,1235672.585514285,1244375.843940594
2010-08-05,1410075.0906745808,1041072.5687706441,1048943.7992260936,1239264.7242762507,1247195.7502177819
2010-08-06,1418922.303724567,1039572.2252510511,1047469.1527490873,1241734.3219094067,1249154.5144328447
2010-08-09,1439795.0444670783,1048535.9308802369,1056613.0377069449,1254309.5360613475,1262981.5249376828
2010-08-10,1428565.7074643974,1043671.8763560904,1051748.7062964905,1248440.988227563,1258027.3136495973
2010-08-11,1422918.5915675766,1036007.7778584497,1044062.21662148,1248382.7307264835,1255267.6187128942
2010-08-12,1435827.873870099,1035214.6311536528,1043299.7968432686,1252797.2200138108,1257880.4401811203
2010-08-13,1449257.8336186737,1042028.1896974732,1050203.7075763457,1264246.3960280519,1268661.5897589051
2010-08-16,1436335.8912685819,1035568.1362386945,1043803.6992666633,1261626.684458958,1265644.54945426
2010-08-17,1466964.4430591534,1034774.9895338978,1043041.1289996031,1270126.8533794961,1272581.913055745
2010-08-18,1475812.068490395,1047198.0615826761,1055600.7690627624,1282124.1794831518,1283174.3698022238
2010-08-19,1493792.5036850732,1058866.2490926734,1067400.327488035,1294517.839591327,1295847.6034088787
2010-08-20,1487387.7589173121,1057040.957129016,1065598.00608605,1296023.4002411088,1298585.4350403193
2010-08-23,1487806.5892030299,1059496.9215754382,1068187.1681956,1303800.6647338306,1307306.6633757735
2010-08-24,1478182.5580888467,1052157.7715218617,1060825.3336637584,1296049.9155215328,1299196.8256885863
2010-08-25,1461608.5955652194,1043987.212597473,1052624.6895472924,1280409.7093029094,1284344.0467099587
2010-08-26,1487036.6713767666,1046959.156350969,1055658.5520902015,1282116.601659539,1286619.7325354342
2010-08-27,1475779.1792056963,1033733.4187170677,1042359.7791246567,1271076.2227239332,1274584.9788957473
2010-08-30,1471325.4290206858,1035023.5069682869,1043771.3588204625,1270638.081092395,1274683.8260282436
2010-08-31,1459664.6168931262,1032529.2803558492,1041292.8736805676,1264956.8122275083,1269064.1377690316
2010-09-01,1483132.579615025,1045802.8923584481,1054716.442437687,1288415.5942480257,1292415.7172922243
2010-09-02,1492544.6762136484,1048535.9308802369,1057510.1708474408,1298427.0562165936,1303047.7788045066
2010-09-03,1509729.186412193,1047245.8426290177,1056246.3920124348,1311581.8879482062,1315281.8079027426
2010-09-06,1543647.6634672848,1065890.0629048673,1075164.9060941783,1333675.6082796336,1336654.0120528755
2010-09-07,1560752.950995295,1071059.9347900704,1080417.9694418106,1335847.623986304,1341791.0232503004
2010-09-08,1560868.6879323665,1071795.7815682,1081198.4788583915,1341065.3053644844,1348267.1054672296
2010-09-09,1574626.7486752209,1077949.924343566,1087445.065279823,1349562.050885812,1353640.922730282
2010-09-13,1587372.0963223742,1100875.3077071386,1110729.4897398879,1357499.6290395772,1362709.5376871722
2010-09-14,1577218.945214932,1107669.7351679513,1117624.2571560354,1353116.5164420349,1358513.295017062
2010-09-15,1564686.2789056178,1120169.331548761,1130276.155121306,1354719.4492873282,1360400.6497629562
2010-09-16,1562102.0568194422,1114005.5765707132,1124096.5375199316,1343426.2288417832,1349371.2279908853
2010-09-17,1580840.0440307076,1124756.3119975408,1134984.7914025325,1360254.6478246204,1365077.9698604252
2010-09-20,1584687.627611117,1143008.6716999768,1153525.5060093196,1370153.8093985626,1377730.92823094
2010-09-21,1562115.0105101226,1148474.7487435546,1159082.864054865,1357182.8383352824,1366679.1757537364
2010-09-22,1550819.098697323,1145024.9945266438,1155642.111397235,1351188.573200968,1360743.0394619606
2010-09-23,1561228.2308647323,1139014.1015679461,1149616.1359111967,1350252.8921092262,1358027.38103396
2010-09-24,1570667.6440035775,1150242.6474581885,1160990.253025742,1362497.3133747124,1371116.5555661165
2010-09-27,1568634.940478801,1153558.6707387567,1164460.7893446942,1366058.618667096,1376746.4232588278
2010-09-28,1569143.6581014886,1152383.275663228,1163315.42302186,1367320.1097416403,1376850.8452623975
2010-09-29,1573085.559731593,1145082.294453311,1155986.058714472,1361497.584124355,1370405.4064145458
2010-09-30,1571522.4187199082,1152469.318875585,1163484.5674836736,1359369.8866256094,1368174.1374693876
2010-10-01,1596120.9954452135,1174152.301711924,1185416.7140616348,1382309.1732462246,1391715.6156339329
2010-10-04,1617743.2890548012,1177219.9008804592,1188639.8365632538,1392344.8296176172,1399877.8068752615
2010-10-05,1628956.5040114308,1174610.9810923305,1186047.5493519106,1401986.6657905814,1409808.6405493354
2010-10-06,1636082.99380699,1182380.2538853362,1193934.6874654233,1415632.2848112446,1422219.9260487447
2010-10-07,1634681.2803710797,1169737.3143655022,1181209.9688874087,1408171.6278223789,1413668.99165922
2010-10-08,1637822.0538392223,1166516.9464999728,1177999.6725187,1403167.6111300988,1408313.1939822943
2010-10-11,1645397.3665871143,1172709.3514413545,1184378.6748261107,1414438.798427645,1419891.4334413272
2010-10-12,1651520.6479888156,1164118.2819802184,1175743.6946180058,1407438.5857020076,1413779.6252648195
2010-10-13,1660902.527209833,1191449.0404875309,1203389.9448258053,1420633.8290728896,1427929.34065947
2010-10-14,1655512.276351636,1180641.005134036,1192515.7593375463,1411788.186888247,1420374.9170979692
2010-10-15,1637267.4452320882,1158719.0237436339,1170414.6774167274,1394805.3426235258,1403228.0878643375
2010-10-18,1637818.822537361,1161261.031402413,1173106.7891604693,1392408.919638902,1399154.3368118964
2010-10-19,1632770.4784612881,1151962.7651264807,1163754.8261825722,1391116.5490674158,1399541.6028727605
2010-10-20,1635996.0649941978,1143324.0079413592,1155068.4840181358,1383555.9127810504,1391786.3671916123
2010-10-21,1641398.722620186,1166144.2170095672,1178164.7696487617,1402148.6865128647,1409393.9982274643
2010-10-22,1631710.673782844,1159368.8273094064,1171360.961342462,1403626.523827022,1410923.8159778565
2010-10-25,1650453.7024988635,1166966.0136776979,1179161.8189282054,1412492.4777440203,1418738.0801340626
2010-10-26,1650119.3611360725,1162417.2953949335,1174607.0991420343,1408287.4967382615,1415705.8355323682
2010-10-27,1643804.5499748257,1149162.8144753426,1161254.6881717069,1401470.1604880895,1409043.5548574661
2010-10-28,1631526.9489618214,1144394.322043879,1156476.9154956753,1394235.7326061078,1401784.9584157495
2010-10-29,1629747.0024444538,1150128.0476048538,1162312.2798937545,1387653.1520396504,1393908.649325168
2010-11-01,1649398.673392201,1169211.722855746,1181723.4840199961,1404712.4959036096,1410306.9570293787
2010-11-02,1650987.5459111577,1169488.890253469,1182045.4169677778,1410760.8533852987,1416519.2242542796
2010-11-03,1651651.977889714,1177420.5439461507,1190104.3155124742,1419492.3107152497,1425433.4782453072
2010-11-04,1659276.795770054,1200603.8703020827,1213580.2991382247,1429793.2856990914,1436536.6225857195
2010-11-08,1673098.596580309,1198960.2769658214,1212090.3804480236,1439059.058967905,1447403.024063471
2010-11-09,1698777.9325419706,1204378.5729630576,1217611.0707636427,1448991.254489259,1455774.9723725682
2010-11-10,1726259.9757648867,1199438.0874292362,1212659.186296334,1456187.724061984,1461100.108466758
2010-11-11,1723554.0984158698,1183870.9852022473,1196962.8189738581,1445542.7793055503,1448809.428741017
2010-11-12,1677460.7453077969,1160439.1414119261,1173313.3449999064,1415182.1337107273,1420387.507206572
2010-11-15,1685698.0841955496,1169985.8317998915,1183091.4540294602,1419382.9565111264,1421968.612672721
2010-11-16,1652444.104564676,1144585.4462292448,1157447.475218058,1392402.9529877931,1391959.6083122932
2010-11-18,1637912.4865467697,1146515.7258435548,1159481.4478115644,1387490.1304811183,1388517.6631729684
2010-11-19,1623551.1182649154,1125778.7517313631,1138550.224812729,1363486.6914367552,1364716.3097456328
2010-11-22,1637847.8148403072,1148656.3540485944,1161810.6113685225,1380329.4446042033,1382002.5823720533
2010-11-23,1622257.3909700415,1134274.2590998162,1147304.3856727933,1366751.0852667296,1366488.0153225965
2010-11-24,1633782.436458051,1121086.6903095744,1134005.423711967,1355913.8423799751,1354372.6533733928
2010-11-25,1602935.140438705,1108472.4940754303,1121285.5199943683,1330383.2742674353,1327182.5704991238
2010-11-26,1557136.3383865303,1099336.7953438864,1112083.5457145162,1301646.6765413792,1296237.0862637365
2010-11-29,1549355.7737863045,1114254.0006827463,1127293.3012908509,1310908.5752282643,1306648.1906676483
2010-11-30,1562902.824900239,1120503.7988731512,1133656.3247408776,1330284.8748629706,1327664.9347509244
2010-12-01,1592151.4571940845,1139272.1378826613,1152685.7287453418,1360632.386094333,1359328.2587749392
2010-12-02,1605755.3154822367,1148981.3024926588,1162550.3175494035,1373179.504986181,1369352.1744645906
2010-12-03,1571913.5030846612,1145368.98073136,1158936.31808567,1349445.9602378653,1345569.5797399734
2010-12-06,1572864.9789084287,1145263.899758351,1158952.9369728367,1345452.3085001395,1342309.74505847
2010-12-07,1554742.1918267813,1142263.2127191653,1155957.260557384,1330132.0926420866,1327242.2521151458
2010-12-08,1524730.15668978,1128339.89047315,1141907.3984660206,1305988.4357801727,1303193.6441719634
2010-12-09,1456286.9359021334,1102117.6149120166,1115409.261332303,1255514.899270491,1254617.6564036077
2010-12-10,1505585.8550038151,1119481.2658169728,1133022.3855879186,1281847.5976438369,1278541.9084279337
2010-12-13,1532675.2403540271,1129094.7750119313,1142873.4175411062,1300450.9720142973,1298157.5807101866
2010-12-14,1546603.3681337805,1136061.288897458,1149965.6108073704,1315396.294051126,1314011.497527674
2010-12-15,1524127.6322936036,1126161.0001020948,1139984.4639996267,1299630.9992325115,1298163.63468498
2010-12-16,1542873.499681151,1136949.9976949377,1150946.5948389336,1303063.0096643984,1301563.3430312064
2010-12-20,1557575.8715847377,1136625.0492508733,1150780.4133538536,1304586.4174089872,1302957.9683862138
2010-12-21,1557425.5267209224,1146869.3242509526,1161193.331276812,1312115.0154875221,1311579.2236256078
2010-12-22,1553295.6398254246,1143763.5562387581,1158089.7257331042,1312269.7732246928,1312742.3207777021
2010-12-23,1550862.1329659333,1142922.6284876198,1157279.1887618091,1309658.5211320645,1310333.1928824931
2010-12-24,1512229.741719746,1148962.171409651,1163435.7375146798,1310600.1014692385,1312410.9320262736
2010-12-27,1516989.6684819986,1146381.9949072124,1160946.2143641692,1310234.7464673908,1310744.807624743
2010-12-28,1531357.2120164195,1145980.6154534728,1160580.776123136,1312561.3436850065,1312590.019567941
2010-12-29,1536719.825873111,1158279.475446235,1173077.8099999449,1320421.0998553492,1319764.4246224368
2010-12-30,1533813.880771054,1166211.1291389165,1181152.5675707355,1325542.2865203973,1326586.5617259347
2010-12-31,1546239.3092080182,1172451.3151266393,1187514.6954884888,1338655.1465178533,1340065.0909198893
2011-01-03,1558809.619637885,1176866.302473061,1192112.8678321033,1354261.3723319494,1355115.039111661
2011-01-04,1540890.04692138,1174716.1553876956,1189976.9451625429,1349845.989514693,1354589.4303898169
2011-01-05,1519644.3115882783,1161996.7848581865,1177133.9626215273,1335812.5892602871,1341214.5571184433
2011-01-06,1498338.4323287003,1155966.8541388372,1171066.8921477397,1321916.1644129872,1327406.741089972
2011-01-07,1455242.689872,1128511.883575508,1143293.71501805,1291234.7300225487,1296155.3869300643
2011-01-10,1416309.4147193977,1101420.0302999027,1115965.3830164638,1262171.4451400216,1266053.9508168832
2011-01-11,1406856.5371807208,1099747.6936779516,1114310.3658410693,1255717.9220168511,1260576.2685498788
2011-01-12,1443399.4251595032,1120608.87984616,1135487.94549994,1275922.8392630992,1278030.9162519919
2011-01-13,1411545.6601412978,1099327.1831412043,1113963.0696673645,1263325.5122833368,1267682.5708884622
2011-01-14,1388140.9382660647,1080721.2250313703,1095148.1279417777,1246639.8706596482,1252463.454090613
2011-01-17,1366722.6242448983,1080759.487197386,1095303.0933345226,1234440.0948627982,1239306.626597121
2011-01-18,1380598.6647804484,1094004.355914295,1108765.40435625,1239449.8792901642,1243261.390149108
2011-01-19,1379927.9666884092,1087697.2577972228,1102412.1901750623,1241489.776499432,1245948.406416941
2011-01-20,1393193.4811140038,1091624.9157999044,1106432.1093035457,1244700.8241993468,1248777.815144164
2011-01-21,1393897.3335827473,1088738.921936409,1103545.9924530305,1245991.1271667082,1250805.0670434707
2011-01-24,1404796.7934099324,1097673.9776022614,1112720.6068363725,1254248.7694071983,1258117.0178096949
2011-01-25,1405425.7694849954,1086999.673185109,1101938.948676804,1246618.3330689524,1251530.0688858381
2011-01-27,1395470.8055835152,1071117.2347167376,1085915.027573647,1229125.8145437057,1231928.1851295487
2011-01-28,1349854.4089306758,1053505.1596997485,1068097.4068093589,1195696.5555279767,1200096.2836666754
2011-01-31,1363675.3577644194,1052310.633541212,1066999.525042354,1196014.9251170992,1197292.978561333
2011-02-01,1328845.8765641362,1035357.9742926772,1049847.3534378328,1174715.641057249,1178823.300112226
2011-02-02,1328845.8765641362,1038186.5749071488,1052752.7665923208,1173658.1601641877,1178098.887047666
2011-02-03,1328845.8765641362,1056295.5914705605,1071153.7384449334,1187528.192333211,1191605.6633248646
2011-02-04,1328845.8765641362,1031258.3231876377,1045801.2706971184,1169712.4009499587,1174795.829494853
2011-02-07,1328845.8765641362,1031306.1042339792,1045960.6836464123,1161097.039774819,1166606.17891636
2011-02-08,1328845.8765641362,1015356.7536362589,1029821.1137206753,1137626.0617502055,1141447.40815503
2011-02-09,1328845.8765641362,1004080.4266996755,1018420.1622560334,1103596.8501390321,1105766.4157327842
2011-02-10,1328845.8765641362,998776.7305557738,1013076.5460679872,1101376.445623275,1102192.7460882897
2011-02-11,1328845.8765641362,1014869.4242925185,1029436.04719481,1130898.2213800305,1130892.8149104284
2011-02-14,1328845.8765641362,1042773.5553559287,1057852.911451819,1168375.5708996502,1171143.6490286672
2011-02-15,1328845.8765641362,1047551.6599900742,1062737.6919830504,1170337.5538271265,1175084.3381087629
2011-02-16,1328845.8765641362,1047685.4842487728,1062911.0429876908,1177787.605497385,1181401.942650546
2011-02-17,1328845.8765641362,1060060.7752512097,1075504.2107844544,1188060.705936911,1192937.5498466599
2011-02-18,1328845.8765641362,1043337.4090317002,1058574.6445417653,1169928.962469635,1173228.6753980434
2011-02-21,1328845.8765641362,1054737.9480243004,1070255.2159890723,1172508.7193748544,1175677.5189399566
2011-02-22,1328845.8765641362,1045296.4319317,1060712.3056256748,1161992.2437088892,1164806.9721266567
2011-02-23,1328845.8765641362,1039209.1079633272,1054572.4985929246,1154980.1789408657,1158165.8063445974
2011-02-24,1328845.8765641362,1005829.2876536576,1020735.2952267174,1125276.2465264746,1127207.3474982746
2011-02-25,1328845.8765641362,1013636.6359679665,1028694.7222513757,1124741.8835851091,1126741.5180968794
2011-02-28,1328845.8765641362,1019313.0616022738,1034565.2232967254,1128926.7353772204,1130083.7227415543
2011-03-01,1328845.8765641362,1055445.0515167401,1071275.7450996586,1162007.7127107033,1163885.8501027382
2011-03-03,1328845.8765641362,1058101.7523512102,1074048.2537751882,1164302.441558757,1165463.2716561267
2011-03-04,1328845.8765641362,1058589.0816949506,1074580.9269987326,1165531.0039044693,1167198.0314530185
2011-03-07,1328845.8765641362,1044140.074616823,1060026.0925001355,1150623.2060672345,1152361.8351160125
2011-03-08,1328845.8765641362,1055158.3652386914,1071249.90197996,1161624.807197686,1162269.1829341378
2011-03-09,1328845.8765641362,1057107.8692583654,1073267.0895710073,1168606.7892426047,1168828.3764812322
2011-03-10,1328845.8765641362,1050112.705409505,1066202.6990015942,1165603.6460103411,1165954.2169744396
2011-03-11,1328845.8765641362,1040757.2325292617,1056741.2486409647,1155886.7859576235,1155397.8578115916
2011-03-14,1328845.8765641362,1057203.4313510484,1073553.9144816282,1164323.6129787948,1163337.6206246726
2011-03-15,1328845.8765641362,1041559.8981143845,1057705.8443618214,1147398.6219442647,1146185.8114672243
2011-03-16,1328845.8765641362,1053314.0355143826,1069680.016943725,1163651.9481092137,1161340.2955144644
2011-03-17,1328845.8765641362,1040986.525558287,1057198.3516849356,1159214.241135364,1157331.061892331
2011-03-18,1328845.8765641362,1027044.072229264,1043075.650574558,1153284.8566666872,1150090.8600420845
2011-03-21,1328845.8765641362,1025333.4734412973,1041448.8297643488,1149621.368369918,1146456.0299788476
2011-03-22,1328845.8765641362,1034717.6896072306,1051017.7055598672,1160083.5950779826,1156126.4448526087
2011-03-23,1328845.8765641362,1047408.31685105,1063945.8729124067,1170283.2470538314,1165851.1975924012
2011-03-24,1328845.8765641362,1055464.1825997483,1072166.846968028,1178071.9901712947,1176900.1347418542
2011-03-25,1328845.8765641362,1080663.925104703,1097804.1946846824,1191564.1994268515,1190215.692217573
2011-03-28,1328845.8765641362,1086971.0232217752,1104328.478750074,1196872.8212513484,1195868.5105477937
2011-03-29,1328845.8765641362,1096355.2393877083,1113901.9380231702,1199742.735501525,1199517.38116608
2011-03-30,1328845.8765641362,1106159.8727680326,1123903.2339320274,1220454.764564848,1218984.8092402907
2011-03-31,1328845.8765641362,1114970.716377868,1132895.4694399096,1224069.269123861,1222546.5774040504
2011-04-01,1325523.761872726,1113499.022821609,1131440.126366926,1236054.3979518174,1237337.7022191163
2011-04-04,1345270.1073568296,1129247.7303536376,1147564.3192873774,1256651.921987281,1260185.0305137278
2011-04-05,1361280.4766021667,1129553.454392338,1147915.594895842,1265970.728981605,1271277.8721463205
2011-04-06,1386267.522858877,1126055.919129086,1144401.6717437916,1272681.0077972326,1278813.872513799
2011-04-07,1386865.7538390635,1124899.655136565,1143266.9981375944,1283505.7019491086,1289463.34028325
2011-04-08,1381556.301134883,1116547.4909071361,1134818.5894454536,1273083.2857722833,1276245.2124830352
2011-04-11,1367943.6692784163,1105787.2365999827,1124001.4920015223,1267567.428105106,1268342.8048770612
2011-04-13,1385260.736991926,1129830.6217900608,1148522.1407288343,1285958.594030054,1286160.5780008682
2011-04-15,1401751.7544207703,1113212.3365435603,1131708.966171331,1282504.1518683825,1282862.281533705
2011-04-18,1392737.478785018,1094969.589043806,1113281.2050952176,1268341.396209601,1270217.162202685
2011-04-19,1402037.9899076829,1097196.1671388466,1115584.4685282672,1270033.1990847627,1271456.0654129605
2011-04-20,1420988.6920158833,1118391.8206314452,1137175.5604120388,1283971.6446688608,1286406.9106942837
2011-04-21,1401662.1557970245,1124708.5309511994,1143638.8032916416,1285714.787710589,1288024.1840441877
2011-04-25,1407865.8942300954,1122759.0269315254,1141817.9862783721,1289396.5636974636,1290128.7189915364
2011-04-26,1398721.9170996828,1121593.1507363229,1140672.6557539739,1289629.8915064782,1291399.9016473223
2011-04-27,1398407.5311887483,1114999.3663412018,1134006.8048296603,1290342.1162381228,1292981.4143061992
2011-04-28,1395213.23364051,1105739.4555536415,1124628.8091802946,1282548.5432899343,1284004.184597055
2011-04-29,1379608.6054999458,1098868.5037607977,1117680.0043586146,1271802.8817126125,1273489.9445306344
2011-05-02,1354433.816447383,1089656.2806972226,1108427.662233321,1260640.3790240115,1262202.0473918528
2011-05-03,1334614.2268549767,1063653.8726071448,1082015.576007701,1238075.62560373,1238438.419171706
2011-05-04,1340738.763955781,1058283.264333894,1076590.326163297,1235775.463965671,1233969.8537802873
2011-05-05,1325932.2765897657,1043509.4021340583,1061598.4337596607,1221319.1799553817,1219799.7515299756
2011-05-06,1345557.9237967883,1061016.396178039,1079447.079610851,1233801.853060584,1231297.0194768244
2011-05-09,1365643.514478872,1060949.4840486897,1079493.5204995912,1232641.8793408223,1233943.8016059948
2011-05-10,1368864.189075887,1059066.892158365,1077616.1300566634,1231406.9464339428,1233248.067607495
2011-05-11,1379852.760924593,1063615.6104411292,1082282.7895334584,1239032.5621723388,1239705.3027516168
2011-05-12,1361923.6780472544,1048535.9308802369,1066976.181804412,1226390.4581988438,1226816.0244397982
2011-05-13,1355418.6709793683,1059735.8268071455,1078411.181411341,1237607.588357842,1237239.8541301815
2011-05-16,1356377.9646587523,1050991.895326659,1069626.6273078802,1232478.4553258498,1230665.8228430487
2011-05-17,1347922.632467539,1039514.9253243838,1057983.5760682528,1221891.5139542972,1221323.7939079716
2011-05-18,1356024.472952333,1036007.7778584497,1054451.406086531,1216916.7497088655,1214472.0337406918
2011-05-19,1352429.2950122168,1037441.2092486935,1055947.6967758886,1211084.6310124258,1209439.499872529
2011-05-20,1360656.59691891,1048574.1930462527,1067317.0198393078,1219683.4436863891,1217612.4955336116
2011-05-23,1350618.2709731814,1029499.9433533298,1048013.0016837448,1203455.6638730057,1200886.0588670988
2011-05-24,1354482.8104526605,1031086.33008528,1049665.0340623783,1204600.967752426,1201631.2604778814
2011-05-25,1349652.9555906362,1022313.7486414597,1040771.1870481515,1197580.4992251517,1195741.8947302906
2011-05-26,1361957.4564850777,1034431.0033291817,1053144.4549679148,1202186.6348419054,1200507.4591369198
2011-05-27,1370686.540913852,1046615.170146253,1065586.7217231458,1214974.7887414107,1213924.8088547222
2011-05-30,1375691.7387890096,1046041.7975901555,1065115.9460101398,1222821.7448529208,1222455.909754244
2011-05-31,1376799.384951764,,,1239205.0070286095,1238629.0211608473
2011-06-01,1386717.5565830464,1068766.4445656806,1088331.9377016597,1246094.2807336492,1248309.235915047
2011-06-02,1386717.5565830464,1060806.1409096653,1080264.1082288183,1238558.0190369359,1239527.9093732177
2011-06-03,1386717.5565830464,1054384.3496169024,1073762.4949051095,1236178.411714656,1236682.84722426
2011-06-06,1386717.5565830464,1057308.512324057,1076854.635126397,1237112.506986438,1235885.8485706858
2011-06-07,1386717.5565830464,1061914.6238558446,1081584.1454190447,1244426.1226784303,1243299.209931231
2011-06-08,1386717.5565830464,1056314.7225535684,1075918.5655583926,1248571.1960215527,1243644.920242192
2011-06-09,1386717.5565830464,1055206.146285033,1074827.4236647813,1246877.3493704894,1241756.6489409504
2011-06-10,1386717.5565830464,1048469.0187508878,1068002.787829412,1244729.1445110647,1237781.4920082565
2011-06-13,1386717.5565830464,1047895.6461947904,1067531.9793341376,1246973.0330627847,1239541.448280828
2011-06-14,1386717.5565830464,1051278.581604708,1071016.1803302714,1255473.748434186,1247344.2479099592
2011-06-15,1386717.5565830464,1041148.9997803192,1060733.9268662417,1248713.0135407534,1240841.1690824665
2011-06-16,1386717.5565830464,1031449.4473730036,1050889.0789749587,1242635.4901077584,1233559.3293051913
2011-06-17,1386717.5565830464,1025648.8096826797,1045016.0711405342,1234222.2911129664,1225686.5296267346
2011-06-20,1386717.5565830464,1004911.835570488,1023996.1500968467,1206820.504688014,1197700.294506836
2011-06-21,1386717.5565830464,1008342.5520267468,1027528.3549368489,1205222.9593883392,1194015.4785993756
2011-06-22,1386717.5565830464,1008810.7502874795,1028041.8153269669,1196705.915746164,1186994.4450800368
2011-06-23,1386717.5565830464,1016780.6661461766,1036200.3047168457,1198490.8308808715,1187624.5907541872
2011-06-24,1386717.5565830464,1045688.1991827575,1065697.6321154041,1220634.2781951989,1211235.5865210965
2011-06-27,1386717.5565830464,1056266.941507227,1076593.0082292592,1230488.1926336838,1221911.8517017316
2011-06-28,1386717.5565830464,1059840.9077801544,1080273.9501500628,1235661.6116027208,1227979.7782806698
2011-06-29,1386717.5565830464,1070381.4812609642,1091056.3210343972,1246957.6369606638,1236892.9108149027
2011-06-30,1386717.5565830464,1079354.705770476,1100241.7737376252,1253334.6626464569,1241716.7854228439
2011-07-01,1386717.5565830464,1075494.0532194998,1096345.181037462,1263702.937497736,1250965.6393685315
2011-07-04,1386717.5565830464,1079947.2094095813,1101001.4696890854,1272942.1091322957,1263116.9973807144
2011-07-05,1386717.5565830464,1076430.5430633212,1097455.0519722353,1274996.3957358992,1265672.228491378
2011-07-06,1386717.5565830464,1075159.5858951097,1096198.0346952667,1278616.6036833376,1267471.164715806
2011-07-07,1386717.5565830464,1094940.9390804726,1116405.9427866144,1294581.3521908354,1282755.7845698267
2011-07-08,1386717.5565830464,1081887.1012265729,1103135.209246922,1284441.88142459,1274075.7598806461
2011-07-11,1386717.5565830464,1073372.5560974681,1094569.5543054405,1282865.9117428972,1270397.9895985925
2011-07-12,1386717.5565830464,1056180.89829487,1077076.4827088357,1269612.0875394642,1258472.0748638962
2011-07-13,1386717.5565830464,1067514.618480477,1088672.9280347622,1284168.5789364176,1273756.5345497695
2011-07-14,1386717.5565830464,,,1291996.3972720061,1281768.3796500019
2011-07-15,1386717.5565830464,1066683.2096096643,1087901.98008434,1292103.451788276,1281414.6555060102
2011-07-18,1386717.5565830464,1063997.858811861,1085278.340514912,1295622.4976523898,1285423.254492875
2011-07-19,1386717.5565830464,1072885.1334313715,1094382.0646256872,1302530.541475501,1292027.314364315
2011-07-20,1386717.5565830464,1063997.858811861,1085355.099968647,1293896.412860158,1284333.876206817
2011-07-21,1386717.5565830464,1059133.8042877144,1080431.6173520742,1287480.464952072,1278438.3918395436
2011-07-22,1386717.5565830464,1076784.1414707194,1098475.7244005515,1301177.1943420474,1293483.6389933282
2011-07-25,1386717.5565830464,1085642.6728045403,1107630.2090696262,1308431.8213430066,1303044.9100639268
2011-07-26,1386717.5565830464,1065488.683451128,1087106.483025435,1297276.253368612,1290176.8770755532
2011-07-27,1386717.5565830464,1060127.5940582028,1081674.8722532846,1296745.5854187815,1290464.0113261943
2011-07-28,1386717.5565830464,1048841.7482412935,1070197.4840530888,1288493.000065738,1281196.7510730817
2011-07-29,1386717.5565830464,1047742.7841754401,1069113.9497828071,1279554.3867611852,1272172.5789354735
2011-08-01,1386717.5565830464,1054393.8684972282,1076014.8448391869,1276658.719465845,1269908.3719293096
2011-08-02,1386717.5565830464,1042878.6363289375,1064301.1218473674,1265629.5849532054,1255912.4088794377
2011-08-03,1386717.5565830464,1032987.9597362562,1054244.554353572,1260057.4539089191,1251215.5410194714
2011-08-04,1386717.5565830464,1019035.894204551,1040042.1643918793,1250364.021643658,1241716.5668903235
2011-08-05,1386717.5565830464,995995.9109876435,1016563.1858107029,1225962.7310042873,1214060.0675479348
2011-08-08,1386717.5565830464,978269.1427949634,998576.2920148579,1208768.394322487,1195042.9181712714
2011-08-09,1386717.5565830464,969544.3423974849,989705.3781180414,1193559.919931904,1177753.7447044083
2011-08-10,1386717.5565830464,986391.920673011,1006938.8981282009,1219872.6438943958,1204374.9852119354
2011-08-11,1386717.5565830464,982053.3643362643,1002545.4198387403,1219255.4876211511,1201646.3956615948
2011-08-12,1386717.5565830464,969563.4734804927,989829.9106165544,1211043.5616014085,1193839.6910166624
2011-08-16,1386717.5565830464,962463.1353362675,982720.1533649481,1197188.8610390178,1175896.743047267
2011-08-17,1386717.5565830464,966438.5743852904,986814.1595062903,1188860.7253200277,1165551.9639447907
2011-08-18,1386717.5565830464,944946.6224119611,964903.2101138033,1166277.6355496852,1142131.0669626514
2011-08-19,1386717.5565830464,926120.8901534276,945713.3344194479,1150061.3242260264,1127101.0981986283
2011-08-22,1386717.5565830464,936279.1219411498,956187.9022846667,1164034.279656395,1141162.296944599
2011-08-23,1386717.5565830464,945854.4622924487,966001.0098228785,1176627.3870644455,1153751.3736113603
2011-08-24,1386717.5565830464,934387.0111704994,954323.0506818038,1172490.8199547643,1148572.325855314
2011-08-25,1386717.5565830464,924964.6261609067,944733.037804695,1164418.3318389086,1138588.0638695457
2011-08-26,1386717.5565830464,907419.3699509106,926845.5782760018,1140212.1403101636,1113620.8365505405
2011-08-29,1386717.5565830464,940254.5609901726,960485.6020783088,1164189.4125620394,1140536.0343516169
2011-08-30,1386717.5565830464,955812.0510144792,976412.3636919009,1180969.1169552489,1157463.4603392736
2011-09-02,1386717.5565830464,963265.8942437464,984131.2562999312,1187527.1920281753,1166035.1653741163
2011-09-05,1386717.5565830464,958908.3001463481,979783.2099059902,1191564.865177262,1170795.4764081817
2011-09-06,1386717.5565830464,967910.1746191935,989016.023923711,1199997.8943129608,1178167.491510674
2011-09-07,1386717.5565830464,979444.5378704921,1000837.2924144523,1219097.8305465842,1196766.0532334414
2011-09-08,1386717.5565830464,984910.7082364258,1006458.4438058614,1221793.986818426,1201766.30540749
2011-09-09,1386717.5565830464,966983.2969780541,988173.7630807635,1210560.350312052,1189914.4258360385
2011-09-12,1386717.5565830464,945453.0828387093,966274.240713109,1189955.7363346245,1166059.6844965585
2011-09-13,1386717.5565830464,944335.081012204,965165.74805003,1189095.6262318862,1166699.0498176096
2011-09-14,1386717.5565830464,958019.4980265121,979186.6495946184,1192698.3696625896,1172875.306110558
2011-09-15,1386717.5565830464,970089.0649902488,991557.9535404344,1200738.711040742,1181356.7805971336
2011-09-16,1386717.5565830464,971723.139446184,993263.3152903232,1202045.0859233555,1183264.9962991716
2011-09-19,1386717.5565830464,961727.381880494,983150.2768849301,1200028.6103377424,1182003.076041282
2011-09-20,1386717.5565830464,982416.5749463442,1004335.84610614,1212218.9493422157,1193395.5273192723
2011-09-21,1386717.5565830464,981088.2245291094,1003013.3267150703,1221187.0318322477,1201636.3340164681
2011-09-22,1386717.5565830464,941028.5766119617,962092.4578816838,1187900.2805570094,1166550.4211258022
2011-09-23,1386717.5565830464,930344.7533144834,951203.1255596344,1178807.441643043,1158104.3286333163
2011-09-26,1386717.5565830464,924161.8672534279,944981.8649141298,1162213.629404937,1143562.648060407
2011-09-27,1386717.5565830464,950126.1064998461,971565.3965687464,1180945.0568143127,1162853.8556246026
2011-09-28,1386717.5565830464,945281.0897363513,966645.2361386458,1173079.3072971436,1153000.1605998643
2011-09-29,1386717.5565830464,958573.832821958,980273.0708673755,1174034.3481327668,1153565.6288823537
2011-09-30,1386717.5565830464,944774.6293096031,966195.661434356,1166637.9864086006,1145760.1550899427
2011-10-03,1386717.5565830464,926856.7369315572,947972.0769207878,1149804.7411486702,1125395.6987526098
2011-10-04,1386717.5565830464,912073.2625290395,932884.7990916995,1139830.9170111443,1113699.8163207497
2011-10-05,1386717.5565830464,908088.304599691,928841.758822069,1129238.412956715,1104193.4879488847
2011-10-07,1386717.5565830464,934224.5369484671,955642.8945743861,1142931.089385727,1120445.6570961531
2011-10-10,1386717.5565830464,951722.0121121219,973644.8095992269,1154261.8734086838,1131941.268443477
2011-10-11,1386717.5565830464,950718.6101389515,972652.689401818,1158767.9315837862,1138769.912000905
2011-10-12,1386717.5565830464,974618.652190005,997139.391500431,1175828.404299864,1157100.934756843
2011-10-13,1386717.5565830464,970499.963324314,992960.6442816274,1174405.301706572,1156918.347960538
2011-10-14,1386717.5565830464,980906.6192240694,1003643.6366301485,1179015.5116101927,1161793.8410007218
2011-10-17,1386717.5565830464,978221.361748622,1001002.3247705096,1183122.4031816712,1164533.4112728385
2011-10-18,1386717.5565830464,962788.0837803319,985244.4746401265,1169798.2097097258,1151414.0144863
2011-10-19,1386717.5565830464,982215.8385582966,1005160.9134327098,1185250.1312471754,1165733.1307398982
2011-10-20,1386717.5565830464,973185.2207997615,995954.5547447315,1178094.6060629312,1158363.6743109098
2011-10-21,1386717.5565830464,965167.6172170788,987784.2957029392,1171885.4389268046,1151590.1757740832
2011-10-24,1386717.5565830464,974418.0091243134,997357.2532563596,1171390.3205907824,1150930.9625266795
2011-10-25,1386717.5565830464,992240.3394096764,1015635.0625718137,1176730.5760809437,1158331.852790606
2011-10-28,1386717.5565830464,1024559.4578195083,1048827.452948816,1203965.3410254656,1189928.1563545803
2011-10-31,1386717.5565830464,1018042.1044340624,1042266.2939292252,1207583.7058895268,1194185.3393278958
2011-11-01,1386717.5565830464,1004921.4477731698,1028869.8157891057,1202514.7025827575,1188515.5600601956
2011-11-02,1386717.5565830464,1005017.0098658529,1029004.0429454246,1203536.7825744518,1189378.9007443525
2011-11-03,1386717.5565830464,1006412.1790900809,1030468.9505965214,1204567.4766278553,1192671.1347967815
2011-11-04,1386717.5565830464,1009938.4576390227,1034116.0880255225,1214825.3472439947,1202369.8056726845
2011-11-08,1386717.5565830464,1010922.7285291855,1035270.3515246514,1215679.618021293,1202162.416013562
2011-11-09,1386717.5565830464,997868.8906752862,1021938.2556631353,1201865.9999998019,1186880.8953510718
2011-11-11,1386717.5565830464,987892.2641926039,1011792.5421745837,1187309.8534541067,1171492.7110642004
2011-11-14,1386717.5565830464,983974.2183926046,1007886.6253956703,1176374.0448258882,1158447.682541194
2011-11-15,1386717.5565830464,968712.9335266723,992289.5522851109,1149640.3264131949,1129367.222320848
2011-11-16,1386717.5565830464,961440.6956024453,984875.1492345183,1139248.2217295272,1117762.8440271162
2011-11-17,1386717.5565830464,943150.0737339936,966172.8719521179,1125543.5546159563,1101465.6130656865
2011-11-18,1386717.5565830464,937616.9912387106,960538.6905895576,1116513.5523810377,1091080.4765820056
2011-11-21,1386717.5565830464,913258.2698072501,935683.7369323899,1099399.5008032196,1072907.9001873354
2011-11-22,1386717.5565830464,919756.4921096881,942374.8503305485,1100270.135071532,1074514.9143075391
2011-11-23,1386717.5565830464,899516.4595439187,921669.6734907633,1080866.4528185972,1053972.4678159482
2011-11-24,1386717.5565830464,,,1091433.293996463,1064387.3941133413
2011-11-25,1386717.5565830464,900204.4319533508,922439.8268396183,1093199.193775921,1067565.2335528822
2011-11-28,1386717.5565830464,927200.7231362732,950203.7367285135,1109220.5310749768,1088103.905529501
2011-11-29,1386717.5565830464,918370.8417657858,941188.0763266733,1105335.2723682157,1083370.0981107347
2011-11-30,1386717.5565830464,923521.5825679811,946500.259238908,1102763.5564038106,1081073.4161805217
2011-12-01,1386717.5565830464,943551.4531877331,967062.7020395743,1112360.7608910487,1092420.2150305377
2011-12-02,1386717.5565830464,965205.7860607383,989291.5971644475,1129993.1447158474,1109963.808936821
2011-12-05,1386717.5565830464,963103.4200217142,987241.4975517066,1130767.4677508161,1111268.1702444104
2011-12-07,1386717.5565830464,967585.3194974853,991905.8764743714,1131073.1262859977,1112427.4504928936
2011-12-08,1386717.5565830464,944851.0603192782,968634.4375646077,1113246.8962529814,1093089.5476797207
2011-12-09,1386717.5565830464,930144.1102487919,953591.0115397387,1103852.6785213905,1083297.5634227814
2011-12-12,1386717.5565830464,910630.3122584701,933684.3608652792,1080384.8960441053,1061228.27300677
2011-12-13,1386717.5565830464,917510.7829316397,940772.2892084682,1077478.5992850924,1058417.7908535474
2011-12-14,1386717.5565830464,910372.275943755,933485.8107706668,1067115.2911323372,1047852.2099815351
2011-12-15,1386717.5565830464,907142.2958755438,930206.7184453356,1057811.140032656,1037642.7960425647
2011-12-16,1386717.5565830464,889033.2793121322,911669.5120773143,1043855.9303251456,1021917.0243164619
2011-12-19,1386717.5565830464,881674.9981755479,904219.7990047454,1020390.4477646801,999427.8404572216
2011-12-20,1386717.5565830464,868506.560468314,890746.1374315885,1003230.2234305625,980940.5248041045
2011-12-21,1386717.5565830464,896974.4518851396,919975.5295176288,1019403.5535641956,997430.024834995
2011-12-22,1386717.5565830464,904753.243558471,927986.6079437232,1026931.0339840492,1005905.4491562162
2011-12-23,1386717.5565830464,900959.4098144881,924128.0305620729,1029218.6123198421,1009642.6489011956
2011-12-26,1386717.5565830464,,,1036887.6089455181,1018403.650843853
2011-12-27,1386717.5565830464,907935.4425803408,931415.1955888091,1030545.6703543512,1011321.118261116
2011-12-28,1386717.5565830464,899392.1541655461,922683.6006354161,1020182.1387204471,999369.9498873907
2011-12-29,1386717.5565830464,888010.7462559538,911039.6660748572,1016554.082434699,994440.3200644205
2011-12-30,1386717.5565830464,883815.5330582315,906767.7229511502,1019319.7351708618,997350.1567212398
2012-01-02,1386717.5565830464,,,1016624.4206225916,996839.9886740908
2012-01-03,1386717.5565830464,910764.0431948125,934548.2539055776,1037654.8758052978,1022716.080635305
2012-01-04,1386717.5565830464,907772.9683583085,931512.0086329713,1039003.1160840107,1026679.7820298187
2012-01-05,1386717.5565830464,907830.361607332,931603.846207119,1041145.6990873322,1028966.0760151389
2012-01-06,1386717.5565830464,908623.508312129,932450.7365493805,1038229.9631650485,1027370.2908054831
2012-01-07,1386717.5565830464,,,1038224.5781427135,1027364.0594323612
2012-01-09,1386717.5565830464,906463.7490240814,930333.0329788292,1049460.3787650922,1043194.8533594197
2012-01-10,1386717.5565830464,926866.2558118831,951306.4250556978,1072745.7988405537,1069802.9879852377
2012-01-11,1386717.5565830464,929045.1461829384,953576.4901648182,1083362.2002669384,1083219.8971880358
2012-01-12,1386717.5565830464,923368.7205486309,947783.6946759907,1086382.333563208,1087485.9781717116
2012-01-13,1386717.5565830464,930010.2859900933,954634.6289155721,1094705.2589570773,1100429.593258171
2012-01-16,1386717.5565830464,931520.1483900121,956285.9138573712,1097010.945538156,1101289.2961452163
2012-01-17,1386717.5565830464,949371.1286387086,974645.95287336,1113644.510881034,1117893.873499981
2012-01-18,1386717.5565830464,947173.2005070017,972423.8968810445,1105227.533096067,1106056.6500682745
2012-01-19,1386717.5565830464,959137.5931753734,984742.0708898951,1118355.5388774555,1119907.075868784
2012-01-20,1386717.5565830464,964909.5809023636,990703.176949939,1119603.774923029,1121653.6360342973
2012-01-23,1386717.5565830464,964460.4204022828,990347.0681207293,1120308.1604476327,1124897.1697989511
2012-01-24,1386717.5565830464,979960.6104999222,1006298.8766525612,1133457.7298151036,1139069.3628277963
2012-01-25,1386717.5565830464,985875.8480435808,1012408.898096344,1147729.198597569,1155791.2274575124
2012-01-27,1386717.5565830464,994744.08490244,1021588.0570370723,1153975.0828077202,1165281.6539452153
2012-01-30,1386717.5565830464,972306.0308826073,998650.4333165117,1136133.5375213756,1145479.908617986
2012-01-31,1386717.5565830464,993702.4207632537,1020662.6460774799,1156635.5838814394,1166644.2963553057
2012-02-01,1386717.5565830464,1000668.9346487805,1027854.5161123676,1169600.1286055373,1180598.5396781059
2012-02-02,1386717.5565830464,1007205.3257948778,1034605.0698444066,1179721.8837070938,1190729.530587121
2012-02-03,1386717.5565830464,1017898.761295038,1045626.3822169174,1189862.855883995,1202294.1022247814
2012-02-06,1386717.5565830464,1024740.9698021921,1052766.652960173,1204202.157974811,1219596.3462406863
2012-02-07,1386717.5565830464,1019676.1788899978,1047600.3901925806,1196499.9411188136,1208923.8778087555
2012-02-08,1386717.5565830464,1025983.2770070698,1054117.4863154632,1210035.3288930769,1223378.299453624
2012-02-09,1386717.5565830464,1034431.0033291817,1062834.4477133134,1219467.2174203335,1235682.6081176535
2012-02-10,1386717.5565830464,1028553.9346291828,1056833.3780639349,1223964.997027005,1238768.355033303
2012-02-13,1386717.5565830464,1030197.6212877999,1058634.5594173078,1229812.9730727316,1242143.5572040325
2012-02-14,1386717.5565830464,1035138.1068216217,1063749.0354291813,1238490.8383300982,1251286.5812375355
2012-02-15,1386717.5565830464,1057289.4745634054,1086551.0834960097,1260703.8606086415,1275944.8093708109
2012-02-16,1386717.5565830464,1055378.2327097473,1084625.3005927794,1266689.697935048,1285840.9565921684
2012-02-17,1386717.5565830464,1063472.267302105,1092982.2904599125,1270994.9439369282,1289127.1632593158
2012-02-21,1386717.5565830464,1071661.9573095017,1101555.0389163422,1280830.1546228696,1300793.7455226856
2012-02-22,1386717.5565830464,1052205.5525682033,1081594.162036439,1249856.68208025,1265354.2433030123
2012-02-23,1386717.5565830464,1047991.2082874732,1077300.2046514228,1242569.9066131602,1257042.3369516563
2012-02-24,1386717.5565830464,1037670.5022777189,1066728.5829011095,1237352.86635796,1251792.2780724156
2012-02-27,1386717.5565830464,1009365.0850829253,1037740.609911375,1208364.8744965733,1217222.1454351922
2012-02-28,1386717.5565830464,1027388.0584339799,1056307.6028424988,1240530.5838981033,1253647.2625696447
2012-02-29,1386717.5565830464,1029242.0003609709,1058251.1526090165,1248670.7148975835,1262703.1917857793
2012-03-01,1383250.762691589,1020555.3688071518,1049356.7960587072,1243204.4821365166,1257710.4158284566
2012-03-02,1374719.200779604,1024301.4215047932,1053245.8122907234,1244640.395147263,1257251.2738592166
2012-03-03,1374719.200779604,,,1244630.1146692291,1257237.6663122072
2012-03-05,1368590.8448917205,1009202.6108608932,1037830.439766411,1233701.0928072412,1244438.626499552
2012-03-06,1357783.8683593506,998126.9269900012,1026476.8727520172,1227878.016468809,1233650.4755761183
2012-03-07,1352523.4546558284,997754.2908219516,1026129.938625173,1224762.95454024,1229108.942260874
2012-03-09,1369384.9663373288,1019370.3615289411,1048434.9082433362,1246030.5741539637,1252487.9476293311
2012-03-12,1385860.9348905352,1024339.5903484527,1053657.5955727815,1257881.7220972867,1263399.0233325327
2012-03-13,1392502.83116441,1037708.7644437344,1067447.1609266645,1269809.1297577515,1276421.589168499
2012-03-14,1391404.6159176247,1044283.4177558476,1074248.216641002,1273137.8523035874,1280321.445892179
2012-03-15,1383093.7049440918,1028343.6793608089,1057888.5105305421,1262619.7732720838,1266343.0744861418
2012-03-16,1377006.394685284,1016379.2866924373,1045617.3500389509,1252187.309910413,1254038.9926693165
2012-03-19,1383818.8360953783,1004749.3613484558,1033762.5320790879,1245362.4529968053,1243703.350216032
2012-03-20,1399156.7785056753,1008151.427841381,1037299.5177999578,1252073.7330631027,1248337.9701897413
2012-03-21,1419320.9428994015,1025371.7356073129,1055055.0151393241,1269070.407346846,1268295.309893519
2012-03-22,1407231.1150661702,999283.2843048781,1028247.6954921109,1248802.7197257648,1245195.2026913252
2012-03-23,1414244.3706772032,1008791.7125268277,1038068.4355192458,1256336.6802766062,1251898.6807419462
2012-03-26,1402140.7593445857,990835.5579827663,1019699.3373331053,1240696.0369536038,1233054.8892364986
2012-03-27,1404319.1358898962,1002092.753836342,1031320.9333494832,1242050.7299048488,1233841.7661947093
2012-03-28,1393639.9255896462,992842.3619291075,1021836.8682368171,1234024.101622844,1222340.996588249
2012-03-29,1402408.0418706706,989803.5060462621,1018745.291965563,1239022.4859320298,1225955.770405542
2012-03-30,1437028.561794918,1012107.6424850399,1041738.4378379561,1270186.0282608774,1257096.8166496153
2012-04-02,1475684.5617907785,1016379.2866924373,1046246.1284711573,1283342.1283427668,1270213.3778346702
2012-04-03,1489003.3333426176,1024138.9472827609,1054271.0919939694,1294442.4131500933,1281038.1375762797
2012-04-04,1490917.2598762892,1017334.9076192664,1047303.8991859865,1296478.1601853396,1281772.0338711068
2012-04-09,1482676.0632096273,1000420.4172143912,1030073.2508154676,1281168.068045382,1265896.9155376975
2012-04-10,1478091.6625327424,1002178.7970486991,1031920.2405207829,1279400.6280092115,1264113.3579813745
2012-04-11,1477457.9087810486,998977.4669438216,1028660.2807937448,1274090.8396073806,1257338.6618259887
2012-04-12,1481882.7325714484,1008533.6762121127,1038537.1604126536,1286429.4280756689,1268777.0967351878
2012-04-13,1476815.5889139473,995269.6764121959,1024914.8048943421,1279321.9333968665,1259946.3561768488
2012-04-16,1505929.64500748,998853.2548878051,1028714.2524757739,1289937.8068779283,1267993.0694836413
2012-04-17,1523216.8905980997,1010989.6406585348,1041250.279663166,1297959.340096464,1277505.5766395936
2012-04-18,1544997.0374068434,1012958.1824388603,1043314.6370138164,1307141.193505883,1285677.2264771275
2012-04-19,1546458.9439353703,1019150.5873802418,1049729.7373218962,1312522.6568494458,1292109.6279981562
2012-04-20,1543655.6069646908,1011209.4148072343,1041587.1261561012,1305623.799004153,1284392.7480483484
2012-04-23,1521303.860964831,993960.4570779687,1023928.6138827957,1285552.0716880986,1262639.7892091456
2012-04-24,1530882.0904191826,998174.7080363426,1028306.2886046735,1285840.3947442437,1262551.4869636113
2012-04-25,1539805.0796831166,994228.0122730098,1024276.6757448098,1279571.0814446989,1255544.0276559978
2012-04-26,1528714.04148853,991743.3978632541,1021753.0998651612,1274904.6279821128,1250551.638832277
2012-04-27,1544426.9922724857,992049.2152243105,1022104.3148464464,1278747.7553162246,1249606.721788665
2012-04-30,1549414.8436620184,1003048.3747631711,1033546.3458076915,1289323.0099565685,1262961.2618215845
2012-05-02,1535039.9740453744,1001328.2570948787,1031846.9026717583,1287159.468323149,1261653.4544886216
2012-05-03,1506690.0883472404,991628.7046875632,1021887.8618000684,1273682.8687965868,1246454.0517177242
2012-05-04,1477955.1505695255,972220.0809926065,1001922.4216944175,1253141.0329536,1225002.3807912073
2012-05-07,1481873.1404312276,977437.7339241509,1007406.3475312178,1258852.6300225374,1230817.8726330977
2012-05-08,1472761.1824506596,955611.4079487877,984945.6477985106,1244961.4768516321,1217249.18501958
2012-05-09,1466268.8531587098,950804.5600289523,980025.9006374227,1233457.040973802,1204239.7700103081
2012-05-10,1486540.0338727431,949065.4046000082,978267.8888414435,1239185.7594161397,1206217.5437123822
2012-05-11,1498520.216868498,942031.9785851323,971052.3846466081,1231065.5245046301,1196627.6817340392
2012-05-14,1473403.8965197983,937999.2396094422,966997.993922093,1221961.947978863,1186784.4976046078
2012-05-15,1470131.247622878,944688.586097246,973928.585311099,1227849.7850243933,1194159.5247824169
2012-05-16,1452883.434192032,928529.0735535081,957302.7557768844,1214409.745035029,1180262.3360454438
2012-05-17,1453063.760324439,930813.0448975723,959691.4405442289,1214116.7749714125,1180365.5598475554
2012-05-18,1454215.4231241303,934874.433836596,963912.9196883946,1213080.945183902,1178148.9775324506
2012-05-21,1463341.4974055085,,,1219402.5881837565,1185909.4185065147
2012-05-22,1474397.8933770424,928959.1029705813,957949.3436174903,1215187.988323334,1178525.029881107
2012-05-23,1487748.4886901637,924209.6482997694,953085.3746949529,1211901.6423410338,1171970.9005335174
2012-05-24,1492224.3878960067,940598.5471948887,970020.6253239395,1221327.4741445084,1181385.4837421358
2012-05-25,1503326.0159667926,940407.4230095228,969857.8189247187,1227490.8938541706,1188103.1225377184
2012-05-28,1548618.3097049522,952878.2761046427,982823.477510541,1240912.4034308116,1201825.4295922944
2012-05-29,1550087.9141029294,953728.8160584631,983735.533503441,1239500.297895034,1201619.5864404505
2012-05-30,1522155.1771237617,946208.0606998467,976012.6700161701,1227388.2630954215,1188181.051285677
2012-05-31,1489379.9268628592,941143.2697876524,970822.6735479358,1225869.2107320256,1188344.564246335
2012-06-01,1473198.9654714358,925346.8745316385,954561.8866884725,1211137.1835437552,1173712.9850975734
2012-06-04,1473198.9654714358,926598.7006168421,955954.6453991736,1206889.8295205524,1171405.3808984922
2012-06-05,1473198.9654714358,929494.213360663,958975.803414307,1210223.7865232169,1173474.0726994744
2012-06-06,1473198.9654714358,955066.685356024,985394.225703258,1229200.0324353136,1194765.1787405869
2012-06-07,1473198.9654714358,965110.2239680553,995791.9038159152,1235398.3206622673,1203205.3178282212
2012-06-08,1473198.9654714358,968684.2835633387,999514.9307431988,1238751.9583385726,1206842.0331178077
2012-06-11,1473198.9654714358,965960.7639218759,996810.4728197873,1236045.5873842938,1205215.759760905
2012-06-12,1473198.9654714358,977772.2012485411,1009034.8113810507,1242732.9906949843,1213167.3826553824
2012-06-13,1473198.9654714358,978832.9964707352,1010165.2452702579,1242574.9142416602,1213801.7885430413
2012-06-14,1473198.9654714358,966084.9759778923,997044.4207433496,1231453.875071383,1202843.2103254502
2012-06-15,1473198.9654714358,982196.7074752888,1013708.3203786582,1239964.1010374636,1211466.000025312
2012-06-18,1473198.9654714358,967900.6557388676,999059.5940893634,1226250.739911731,1198294.5243418298
2012-06-19,1473198.9654714358,975469.1921438255,1006907.385342908,1231096.8638388647,1201716.6304002912
2012-06-20,1473198.9654714358,978660.910046021,1010237.6925541541,1241291.3220946407,1212023.8182244375
2012-06-21,1473198.9654714358,987156.4174144742,1019043.3454544544,1251608.4784704172,1222675.5885211763
2012-06-22,1473198.9654714358,983534.5767728495,1015340.4173861244,1252090.626848471,1224169.6171281026
2012-06-25,1473198.9654714358,977533.2960168339,1009252.1293398187,1250703.6238369588,1222611.378468495
2012-06-26,1473198.9654714358,978708.6910923625,1010501.3968572908,1252572.6024846921,1226217.2432254017
2012-06-27,1473198.9654714358,982741.4300680525,1014701.0186272572,1258865.774001132,1234000.351829792
2012-06-28,1473198.9654714358,984127.0804119548,1016167.6652952661,1259281.74482741,1235684.7831084924
2012-06-29,1473198.9654714358,1008925.4434631702,1041810.2382807321,1280837.0376366475,1258039.9464952566
2012-07-02,1469515.9680577575,1008868.143536503,1041861.5939736215,1288639.2499805451,1266248.1943315284
2012-07-03,1471703.552352949,1010655.1733341446,1043743.9747280704,1297172.5717375996,1275677.2073595687
2012-07-04,1484337.6148057855,1013445.5117826007,1046662.6808834494,1308879.2675594797,1287459.1358168474
2012-07-05,1489681.9406887516,1018175.8353704049,1051585.2340259957,1319970.6674149137,1301063.2957938958
2012-07-06,1482316.9076185797,1016197.7747097535,1049579.3825726283,1314819.424026262,1294926.631392205
2012-07-09,1490920.2218299182,1008208.7277680485,1041438.3776342049,1302810.977889853,1282807.4763661968
2012-07-10,1501925.0052561879,1021625.6829096717,1055334.8623375823,1314890.2964991762,1296031.6797690107
2012-07-11,1499395.1059926918,1014162.2274777225,1047662.1930241807,1312466.8181222116,1292856.391045831
2012-07-12,1495196.954659518,1000582.8914364232,1033670.8549712979,1306530.4694334087,1287225.7693027107
2012-07-13,1494400.0320160307,999053.8979534968,1032127.7978575779,1307367.0361839125,1286828.7507482176
2012-07-16,1496786.6612859159,993320.172392522,1026313.1298728634,1305855.5590963122,1282306.0592483056
2012-07-17,1486207.9312437545,992479.2446413836,1025480.5339688654,1300062.058918887,1274114.128444012
2012-07-18,1492072.7624987038,996961.0507947984,1030147.7944539784,1304732.2875300823,1277529.8616213903
2012-07-19,1493772.1800394114,1002006.8039463413,1035398.1239748526,1306893.116288639,1280254.0768275806
2012-07-20,1496311.417336258,994820.515912115,1028008.7094028391,1305255.8436516367,1277202.9288203148
2012-07-23,1484941.060362945,978164.0618219548,1010903.8187472092,1290599.3593584064,1260809.7481010968
2012-07-24,1482710.3022088537,980123.0847219544,1012964.231871257,1297141.528288939,1265459.2201843949
2012-07-25,1482134.5902335274,976568.156209679,1009325.8796329885,1294440.7177271391,1258686.394459092
2012-07-26,1471544.9770807093,963839.2667998439,996205.2438726864,1279762.8383490192,1239683.46747623
2012-07-27,1469243.1343386231,974704.6954023622,1007471.1627046582,1277240.058701857,1233865.025007004
2012-07-30,1478805.893729193,993807.5017362625,1027325.1257247617,1292083.0560076046,1250611.2052677579
2012-07-31,1485000.0230831413,999388.3652778869,1033130.7457658965,1297706.1447169092,1256993.298618231
2012-08-01,1498176.390586287,1001586.2934095939,1035439.4978998817,1309361.646304086,1267961.7589574512
2012-08-02,1520875.5011576563,999149.4600461797,1032956.8280657171,1313501.5124981704,1271967.29590704
2012-08-03,1507447.6804883562,996846.4509414639,1030612.3385943478,1312868.8594846586,1269939.6698700506
2012-08-06,1504307.2900969528,1009623.0280752842,1043932.4359070616,1320331.0092146837,1277099.8919544935
2012-08-07,1500222.9955540514,1019972.4773707284,1054670.8796170799,1328607.481399094,1285747.7551626356
2012-08-08,1504003.4788108629,1020220.9014827617,1054965.060609587,1331084.3493611063,1287357.0444920997
2012-08-09,1502618.9890509413,1017344.5198219484,1052027.9241466834,1330925.7369123688,1283815.415540152
2012-08-10,1506752.4840382678,1016857.0971558519,1051561.0696000895,1330978.6040751983,1281667.9476037582
2012-08-13,1517344.8560200448,1022113.0122534122,1057108.5027250862,1340224.7739675168,1288667.244499838
2012-08-14,1525028.0808421888,1028315.0293974754,1063560.476571631,1345744.2227483701,1291804.3298408198
2012-08-16,1528613.6865610685,1024989.4872365813,1060195.9317408993,1348151.0855540158,1294249.2422065127
2012-08-17,1526520.330464462,1025629.6785996719,1060895.6279307387,1349760.3061413434,1292296.9430268486
2012-08-21,1544491.5608019459,1036084.2088681248,1071861.2387840438,1358845.3053192687,1301457.3652648192
2012-08-22,1571691.2680126117,1034526.5654218647,1070287.655932199,1363193.6757525136,1300756.0365170168
2012-08-23,1591095.2575408951,1035004.3758852792,1070819.849560871,1363943.4175707968,1302615.9864751734
2012-08-24,1576205.5033023672,1029528.6866390196,1065192.3460084377,1356967.8761655455,1294274.1236621004
2012-08-27,1572836.6348871673,1022562.1727534928,1058096.7522776693,1347911.7476642828,1283839.9071855266
2012-08-28,1547414.60636001,,,1336418.9537088503,1271068.9039482665
2012-08-29,1537979.1085550608,1010626.4300484549,1045820.199594772,1328814.388829096,1262466.013545325
2012-08-30,1542225.7795627534,1015834.5640996735,1051246.874504111,1335588.1514426223,1267122.0792203436
2012-08-31,1547995.6244535423,1005026.5287461786,1040098.8477107433,1335503.2167311078,1264584.6724585572
2012-09-03,1563958.5076276434,1004118.688865691,1039269.5753036361,1341004.6789231338,1268609.548818602
2012-09-04,1559638.6426570371,1007988.9536193489,1043312.2189547633,1343765.5570121899,1274200.3892372984
2012-09-05,1551578.1974223682,998757.6927951222,1033794.0213316911,1336257.1757093698,1267128.8833570501
2012-09-06,1569106.2990784324,1001184.9139558544,1036343.0364261364,1343947.335005132,1272625.2288423064
2012-09-07,1590503.405029402,1021004.5293072327,1056896.0215797392,1358764.3844339012,1287136.8017073872
2012-09-08,1590503.405029402,,,1358796.2050012748,1287173.6072022659
2012-09-10,1650319.4463164299,1025085.0493292642,1061232.5627685252,1373056.50305406,1300771.1751977794
2012-09-11,1660002.2859563117,1030159.3591217843,1066523.522128864,1374883.8039441223,1306367.621726994
2012-09-12,1644903.3218425328,1037995.450721783,1074674.2269529125,1378731.5321664957,1310585.9196578378
2012-09-13,1642212.611996117,1038826.8595925956,1075573.04911482,1377841.4450056606,1309410.2884922854
2012-09-14,1642900.960056026,1066023.7938412097,1103771.0460505267,1386684.8665397651,1321417.376754945
2012-09-17,1628555.1556437118,1072206.6799022653,1110290.6467042265,1389950.395841046,1335129.2081011469
2012-09-18,1633547.9474735723,1070304.9569289328,1108360.5699020284,1396278.9735214268,1346872.460647157
2012-09-20,1626825.3640388662,1061551.5065681208,1099373.6339726043,1387842.9389455232,1337861.9809129203
2012-09-21,1656701.667443079,1087716.3888802305,1126510.5833063705,1408489.3348283023,1362485.0461082533
2012-09-24,1652039.872357508,1083597.7000145395,1122364.0615598434,1410581.0782467495,1371200.3626362244
2012-09-25,1660908.8918524275,1084419.4966826702,1123254.9791233747,1415846.0264730721,1376300.2006499113
2012-09-26,1684269.20282308,1082422.304939011,1121225.9123576703,1422380.0668834525,1381442.9522057471
2012-09-27,1681126.657842362,1079756.0852242154,1118503.6643086842,1427693.7352475673,1383076.8633268934
2012-09-28,1687393.3765065337,1090038.5290679543,1129195.0293918585,1440717.0394554217,1395859.2132488198
2012-10-01,1704010.50991033,1093000.9539411245,1132383.9969478727,1452557.0748452686,1408896.7857028781
2012-10-03,1703634.1605064028,1095380.4873778715,1134929.5353057322,1462450.2037455454,1420078.8736535343
2012-10-04,1708504.4171178774,1106150.3538877068,1146128.7806326495,1467068.266101836,1429499.2768371834
2012-10-05,1682305.7680473446,1098381.1744170573,1138119.0541426237,1456411.1999140799,1419475.9184207465
2012-10-08,1687057.1559411956,1084820.8761364098,1124187.4199934972,1450908.8627943778,1414210.2127856312
2012-10-09,1677403.620829931,1090287.0465023434,1129891.9049102427,1457613.5464283037,1421859.750034774
2012-10-10,1657094.2140999355,1080262.5456509637,1119542.8517523983,1443225.6127952368,1405072.453124168
2012-10-11,1666765.2717300458,1090946.3689484417,1130655.1405576246,1454498.6718703567,1419748.3434462545
2012-10-12,1680845.7468832433,1084830.3950167354,1124356.3141411208,1457455.6452872409,1421154.2596104462
2012-10-15,1684081.7703165212,1086971.0232217752,1126694.4589048133,1458811.779928233,1422879.9401014643
2012-10-16,1675159.8444680956,1079469.3989461665,1118958.2559031302,1449975.4430841012,1412186.453004511
2012-10-17,1675436.517314767,1081810.670216898,1121424.830830777,1450477.3434566946,1411667.7193427046
2012-10-18,1677687.2264827555,1092981.9161804728,1133045.216617072,1463663.4671831762,1426378.0396894414
2012-10-19,1673420.4487060893,1086397.6506656776,1126259.4314262697,1459006.191586818,1420939.6690615304
2012-10-22,1695152.2931447725,1092685.6176997419,1132898.295328193,1467317.585736529,1426153.0321368177
2012-10-23,1703205.0345290592,1087764.1699265721,1127835.6125629891,1466434.6850933281,1423863.8495461692
2012-10-25,1702413.9661872298,1090420.7774386858,1130670.0493838023,1469685.3181163648,1423685.6564351646
2012-10-29,1674317.1811659997,1082833.2032730763,1122961.2375654883,1453800.3270437673,1406716.1421131538
2012-10-30,1663744.4869483807,1069894.0585948678,1109581.8263795075,1437599.733705424,1391401.5287626623
2012-10-31,1662982.3907294222,1074060.6218292564,1113942.3397722759,1447532.9003204927,1401290.0927646584
2012-11-01,1694561.8304057387,1078905.545270395,1119006.7339495502,1460208.1887373987,1414218.661972048
2012-11-02,1696423.2989851756,1088968.3082877905,1129483.4546043433,1466036.2531184014,1421024.0839642242
2012-11-05,1699945.2520361387,1090210.6154926682,1130891.9497466325,1464391.1905203029,1419818.8338326318
2012-11-06,1741941.823403932,1094071.2680436443,1134936.7967076984,1473959.511374581,1427404.3327135106
2012-11-07,1764802.937252808,1100894.4387901465,1142055.21058642,1484241.4630075973,1436795.3939301318
2012-11-08,1761977.7015035364,1096813.9187681149,1137862.363286523,1487446.8312850138,1439751.4766090002
2012-11-09,1746831.9354354015,1086779.8990364093,1127492.6891645931,1476677.9771440479,1428658.5460015575
2012-11-12,1751271.177494794,1086292.5696926687,1127106.6698143266,1479343.4200256502,1431832.3318012294
2012-11-15,1733876.4150665202,1076220.2877949476,1116774.423106945,1483498.1603554506,1437493.9492432107
2012-11-16,1721910.6429790333,1065335.7281094217,1105518.804854662,1471249.6686870493,1425570.3348584492
2012-11-19,1701754.0271256263,1064829.2676826734,1105110.4742436002,1461838.0237109,1415385.2591646523
2012-11-20,1672592.3628625176,1064857.9176460071,1105179.289430376,1453767.7139763776,1406352.1469638376
2012-11-21,1673192.6159723073,1073124.038663079,1113797.7974067966,1455286.9815492516,1409048.8468382969
2012-11-22,1706790.8926658223,1075599.1341925086,1116406.182930746,1461857.596720572,1415124.7889015407
2012-11-23,1699222.4684493535,1075379.3600438093,1116217.542557842,1461549.096172165,1412184.67350666
2012-11-26,1716145.079859727,1077156.777638769,1118181.0780680047,1472295.1761605658,1418475.9360242405
2012-11-27,1726875.3700255454,1094654.2528024237,1136385.1422511616,1483882.849161957,1431959.010733715
2012-11-29,1727798.0004259662,1113298.3797559172,1155821.7718488283,1496649.514011438,1446066.788546917
2012-11-30,1728197.0700331656,1123781.5599877038,1166746.6247721973,1510080.709497002,1461814.4904105184
2012-12-03,1737208.876025911,1122080.5734024192,1165104.2022128901,1520863.221448146,1472327.6918642258
2012-12-04,1746880.1323352423,1125578.1086656714,1168777.1728978618,1529721.113230091,1479390.598290958
2012-12-05,1755121.888429077,1127728.2557510368,1171051.2522361681,1532504.3546126478,1486701.3288932666
2012-12-06,1756309.7052604018,1133538.4123216867,1177126.2383723618,1542636.8793946945,1497486.216648314
2012-12-07,1753916.2642528175,1129046.99396559,1172503.574163636,1540809.9478631215,1495703.9405994613
2012-12-10,1758653.1617566345,1129333.6802436383,1172925.7217374458,1546038.7594322015,1500408.1112683348
2012-12-11,1739400.7816285728,1127403.3073069726,1170962.2444647045,1536213.0008849462,1490031.4332306008
2012-12-12,1734867.0572438962,1125339.203433964,1168859.7241091426,1536904.2855283201,1489335.4714019836
2012-12-13,1721182.7537906063,1118363.1706681116,1161654.9840343902,1524873.3989133623,1478791.2414311275
2012-12-14,1718216.4229409795,1123733.7789413624,1167274.7656885977,1531083.1923218437,1484310.8155040191
2012-12-17,1719493.1331000587,1119586.3467899817,1163090.0176433302,1536392.291751383,1491391.2965051152
2012-12-18,1717268.0880697889,1127021.0589362409,1170855.023623081,1542191.4336811586,1499922.3252191257
2012-12-19,1727393.542460553,1133289.9882096534,1177409.4100857258,1549973.5755631798,1508872.9355946681
2012-12-20,1703090.7500291306,1130767.1116338822,1174829.8613579369,1546342.4070776072,1505648.0833977333
2012-12-21,1679928.9720683964,1117636.9360926638,1161229.1040190104,1528227.6131968384,1486449.4698328718
2012-12-24,1689401.7531083683,1119175.4484559163,1162950.9930299262,1533227.746243726,1489235.2269763618
2012-12-26,1691758.7110493425,1128703.0077608738,1172934.167576609,1540018.8966165252,1495855.5342518599
2012-12-27,1686888.5160110015,1121918.099180387,1165924.6042357897,1535427.780160306,1492292.5495540781
2012-12-28,1690878.3494505645,1129228.5992706297,1173563.3535519086,1541930.896852478,1499206.9273945603
2012-12-31,1689270.11543344,1128607.445668191,1173042.2519913465,1545159.0849401709,1503966.6929740414
2013-01-01,1699971.6702227618,,,1557871.1608489505,1518324.8576352438
2013-01-02,1717637.8818757383,1145455.023943717,1190637.34759975,1567336.6949442017,1529131.5146007186
2013-01-03,1718233.2060325078,1148560.7919559116,1193907.8412804746,1573776.9757263288,1538154.3622086912
2013-01-04,1722479.7178024158,1149831.749124123,1195271.2451742848,1577518.2204709228,1542535.0110545417
2013-01-07,1727076.2151535659,1144528.0529802216,1189884.1813611167,1579788.6256726822,1546406.6998139767
2013-01-08,1715726.0821971227,1147070.0606390005,1192569.0971257114,1577536.0422974317,1545749.2062251116
2013-01-09,1725070.065236374,1141298.0729120104,1186610.1219696996,1574517.2724474168,1541577.2916870608
2013-01-10,1728540.7982457494,1140753.3503192463,1186085.7151381318,1573459.3612211521,1535161.5813957953
2013-01-11,1699444.5451116874,1137437.327038678,1182679.7385094657,1553807.935706026,1515374.8017479538
2013-01-14,1715093.625747485,1151341.6115240417,1197264.0849262932,1563185.4503616136,1529275.1309217964
2013-01-15,1714304.1576239434,1157562.7597511131,1203775.9382176506,1567218.0323763553,1533538.37859566
2013-01-16,1699427.877445094,1147098.7106023342,1192936.3193392786,1552823.142107204,1516929.7479064525
2013-01-17,1706302.8145289153,1154237.2175902189,1200402.526951192,1554857.7825218271,1519958.0876328812
2013-01-18,1686866.063363668,1159053.491068024,1205454.0612826312,1549777.9078789891,1519078.187124654
2013-01-21,1676210.401556062,1162474.595321601,1209140.3917331838,1547592.8188984564,1519551.2452264186
2013-01-22,1677298.8617891679,1156014.6351851786,1202463.6278066456,1537673.0566324997,1507550.412473308
2013-01-23,1701551.1760656515,1157123.118131358,1203659.213792931,1533502.6433028681,1497528.12718213
2013-01-24,1686111.29796116,1150443.383846236,1196753.1598715598,1514497.4032832237,1472497.1471915806
2013-01-25,1717209.920306173,1161012.5139680237,1207790.4481506848,1533596.2568627088,1491900.8319394323
2013-01-28,1754036.9845993007,1161041.1639313574,1207948.3945830702,1535937.010070007,1494927.4883660574
2013-01-29,1767332.7683619745,1156282.1903802196,1203039.695691141,1534317.6165393668,1488313.9271431025
2013-01-30,1756867.6586099118,1157400.2855290808,1204245.5887649816,1531181.1511445274,1486079.999284668
2013-01-31,1747438.3793433777,1153386.6776363985,1200111.9701804246,1537291.6497851543,1492284.6275585901
2013-02-01,1735514.162948478,1146534.8569265625,1193024.7605469443,1534795.8074421072,1487345.1088260717
2013-02-04,1728480.5317688673,1144308.278831522,1190834.225389406,1530777.698205043,1479897.4700868581
2013-02-05,1720799.3814094297,1138507.641141198,1184839.6404084053,1522244.4584915105,1470782.2618200453
2013-02-06,1718484.36384508,1138947.282760953,1185339.0894567706,1520215.787227646,1471879.545641838
2013-02-07,1695948.2132458698,1135048.2747216055,1181323.040347558,1508588.8482672747,1458733.0623200084
2013-02-08,1687294.945681065,1128301.6283071344,1174342.8672066801,1498522.2645388243,1446695.4702720356
2013-02-11,1679118.7826337975,1127221.7953242888,1173343.4419513643,1495613.265542103,1445465.947623045
2013-02-12,1668756.0582507248,1131932.987829085,1178289.0653533677,1494385.7048433742,1442850.4113559283
2013-02-13,1650922.24353869,1133930.2728951003,1180409.8870200666,1489856.2200146704,1436942.4982895914
2013-02-14,1633042.4779915155,1127049.8022219306,1173288.8769193485,1474300.5734380942,1416861.641303988
2013-02-15,1627197.4761114987,1125224.5102582735,1171430.1235428003,1471365.3880593574,1412171.873947779
2013-02-18,1641426.3998359875,1127288.7074536378,1173703.5931909038,1478438.0764336532,1420952.7632565657
2013-02-19,1674866.156859739,1135220.3611463197,1182003.6221901167,1498638.7814474336,1436326.3295525508
2013-02-20,1664479.4007877358,1135860.55250941,1182712.0194552196,1502143.2559912116,1439099.4662379695
2013-02-21,1649659.810805827,1118506.5138071359,1164683.3547600647,1481924.149225392,1416376.2829126073
2013-02-22,1659652.4003836797,1118133.78431673,1164336.4107143618,1479469.1191652035,1415401.46651387
2013-02-25,1645745.8116202052,1118984.3242705504,1165345.7187440707,1472225.8378855467,1404175.6764094622
2013-02-26,1596842.2794761807,1101133.3440218538,1146795.6955615908,1449092.2982185609,1376865.9289637648
2013-02-27,1593820.186706483,1107927.7714826663,1153912.6825025915,1459441.1540463273,1383350.0333278673
2013-02-28,1587657.0619824044,1088079.5061679545,1133280.6834812914,1437392.3636454884,1352172.7194485543
2013-03-01,1583520.942383507,1093173.0403658387,1138626.078289929,1444673.6752077756,1356221.182423972
2013-03-04,1563158.0734576832,1089121.1703071406,1134526.0888651572,1425155.755721289,1332453.0426031335
2013-03-05,1589662.9862189225,1105510.0692022599,1151638.9571237843,1443962.127554229,1351233.5543474532
2013-03-06,1603975.6995151434,1112075.2036340472,1158518.9982130185,1457089.5896531427,1365154.5231497812
2013-03-07,1613518.685103291,1120618.3987264857,1167460.2680963855,1468282.0848555102,1371367.0801022523
2013-03-08,1628784.0102436526,1136367.1062585146,1183909.1373690502,1481035.4376100674,1382408.0023892543
2013-03-11,1628219.1096852273,1135726.821573068,1183367.5997355457,1484609.3132179645,1384548.3133906976
2013-03-12,1620013.0586145432,1130327.5633364834,1177783.5055627606,1476973.6000120072,1375388.73558244
2013-03-13,1600965.8088424692,1118305.8707414442,1165298.2987188983,1459195.2585661514,1359861.6022074977
2013-03-14,1620476.0338227816,1129343.2924463204,1176841.1404198813,1461064.2811066585,1362073.8645504448
2013-03-15,1610830.4221809595,1122395.9096438016,1169642.9260334,1455566.8164797856,1355095.9103400141
2013-03-18,1614147.5747360685,1115257.402655917,1162327.2276545358,1451430.827683408,1347455.2071217343
2013-03-19,1599021.3320668766,1098190.0502316914,1144580.0164304497,1438372.086913892,1327469.8587938463
2013-03-20,1563687.0594975173,1088337.5424826695,1134351.4300737705,1417548.5792524104,1301152.350945261
2013-03-21,1550535.785758604,1081523.9839388493,1127289.663982199,1402943.5149809953,1286710.8814943258
2013-03-22,1533106.8560095874,1080109.6836316134,1125855.3288368573,1393021.06766858,1275459.4332208694
2013-03-25,1547456.2653512713,1076765.0103877115,1122488.075693387,1393028.1443868477,1270560.892646689
2013-03-26,1535005.7506852744,1078246.2228242967,1124071.934906816,1391739.2714001276,1267992.5572968407
2013-03-28,1554157.7096312463,1086072.7022216134,1132311.121795312,1408538.8819763898,1284354.2688910149
2013-04-01,1562746.5239287382,1090248.7843363278,1136825.7898111818,1423325.772914375,1304497.3230690935
2013-04-02,1575716.5322922585,1098600.9485657567,1145575.2804965274,1440164.466776292,1326272.2470000002
2013-04-03,1566396.9783177848,1084228.3724973043,1130628.1385619107,1437037.4459776883,1317975.938381402
2013-04-04,1541502.5727568057,1065469.55236812,1111105.822046798,1414856.4090049386,1295782.4153368936
2013-04-05,1544150.07589161,1061360.382382755,1106859.7886483534,1416770.1679599106,1295683.5644595209
2013-04-08,1539691.9302262207,1059391.8406024294,1104924.0706163174,1416952.0974908555,1295670.5893641706
2013-04-09,1527246.674148384,1050246.5296682036,1095424.4344193449,1404074.54246176,1283074.920586292
2013-04-10,1526604.6336633344,1062402.046521941,1108142.0249717648,1405520.136820073,1287787.165329354
2013-04-11,1528302.5972328067,1069148.6929364123,1115218.5736271914,1408328.6650602634,1289982.5178845043
2013-04-12,1511364.8132639353,1056639.5776752767,1102209.413915283,1399911.377720872,1288259.8960302672
2013-04-15,1516981.7691879594,1064255.8951265758,1110271.9816959696,1400223.31703222,1288904.4232867896
2013-04-16,1517169.7428026646,1087295.9716658394,1134348.3734313052,1411131.6004013654,1302001.5966464372
2013-04-17,1529256.911215026,1087248.190619498,1134338.6372396045,1416232.357496644,1305174.7916474354
2013-04-18,1542514.8573606838,1105290.2950535605,1153202.9535292445,1429370.6056088775,1316860.0753263533
2013-04-22,1565826.5413225126,1115094.9284338846,1163597.1830016233,1446443.5998459295,1332863.6581121334
2013-04-23,1574987.0043523686,1115572.7388972994,1164136.942640303,1449827.0084339778,1336314.808339086
2013-04-25,1581855.3186572813,1130747.9805508745,1180056.2647524138,1461218.1710693904,1343272.8608038125
2013-04-26,1574349.2213043938,1122176.135495102,1171152.0434544852,1459470.8551910957,1337250.477657645
2013-04-29,1600002.242698423,1128416.321482825,1177789.5170038852,1476379.1195613155,1347861.2035642338
2013-04-30,1608748.9744631164,1133404.6813853441,1183037.974347865,1481217.3353884728,1351064.0328779782
2013-05-02,1616531.8777495082,1146620.9001389197,1196917.5983110066,1495444.7139723005,1361831.053478826
2013-05-03,1605715.2135271213,1136042.15781445,1185916.7543379853,1490340.34828613,1355669.1434788648
2013-05-06,1626712.7632673576,1141212.0296996534,1191439.9851651331,1502023.2378255452,1364862.8903101052
2013-05-07,1632778.4734778875,1155068.5331386754,1205948.9972006797,1512814.6286085944,1375582.6881028356
2013-05-08,1670739.3316312132,1159989.9809118453,1211130.0615182386,1525799.506505422,1380490.1497565608
2013-05-09,1674261.8355758148,1156329.971426561,1207351.3888966034,1522527.8700487267,1380511.4766323022
2013-05-10,1672841.9243475297,1164854.1287583478,1216294.6732625659,1527762.26723399,1386814.7971705338
2013-05-13,1688313.1768396401,1143008.6716999768,1193611.1310389237,1516208.312810407,1371555.9291498433
2013-05-14,1698653.3466980518,1145865.9222777823,1196637.1913338972,1524145.7095719595,1373431.2355074552
2013-05-15,1711024.5308087089,1174792.5863973708,1226888.929525655,1548892.6870488613,1393374.5712753506
2013-05-16,1704757.9115545196,1179217.0926241183,1231553.1913787278,1553878.5196749659,1399733.1785847319
2013-05-17,1690994.38767987,1182542.6347850123,1235070.0026283108,1558255.8259521837,1408666.2523521024
2013-05-20,1694423.4215739814,1176732.4782143626,1229132.154049972,1551246.3054169782,1405588.1535813934
2013-05-21,1717340.249510739,1168552.400409648,1220630.982960836,1547221.6387079968,1395160.8080667572
2013-05-22,1723342.0344998422,1164806.3477120064,1216761.0080602702,1540225.3259402015,1381945.1092713212
2013-05-23,1685560.714527805,1140447.53295819,1191357.829184769,1508354.4959468776,1352769.2891261566
2013-05-24,1693773.4840963713,1143601.082016726,1194694.4015294192,1512029.4934464428,1356960.768908833
2013-05-27,1693023.342320417,1162637.0695436331,1214709.7301597635,1529512.8448591358,1371888.1311789243
2013-05-28,1694910.3027651643,1168007.677816884,1220364.0340157365,1534396.701378244,1378086.6896699034
2013-05-29,1699889.958560719,1166679.327399649,1219019.2468691377,1530176.3479055364,1371359.8557224553
2013-05-30,1693936.4810375636,1170454.030060624,1223006.5394237097,1531543.4252820946,1367923.345217113
2013-05-31,1664448.7962264381,1144059.8547194889,1195469.5596580668,1517898.828094319,1349076.2605426013
2013-06-03,1668872.7778026923,1135143.8368142883,1186278.733142289,1517835.567736983,1348231.5641905754
2013-06-04,1671806.6932846552,1131350.0963926618,1182355.9064105568,1517745.7255296162,1349111.3495769873
2013-06-05,1673096.6740170652,1132191.0241438,1183276.5896772498,1518444.0791864626,1351718.4130541922
2013-06-06,1672546.8931527578,1131722.7325607112,1182828.9956046704,1518287.3613964408,1353971.7273156433
2013-06-07,1672615.6243595418,1124001.3341364032,1174800.4581410144,1511308.2900508128,1345397.8069294333
2013-06-10,1673449.7824198632,1123427.9615803058,1174325.747442033,1501589.5493107708,1335199.9054938566
2013-06-11,1649264.1945943928,1106379.646916732,1156545.943358319,1473612.5194316355,1311656.850286504
2013-06-12,1628233.7667575004,1100913.5698731544,1150872.71659055,1463693.3066516789,1303730.7469308448
2013-06-13,1601857.713773396,1089235.8634828315,1138705.3461647197,1443017.7200610333,1285657.4573026295
2013-06-14,1617909.6690267625,1110125.6996143733,1160584.9701042378,1460928.1051599837,1300573.4484964586
2013-06-17,1644709.4827996404,1118086.0032703886,1169031.1123583713,1474243.584478507,1305928.770713687
2013-06-18,1659769.0443057986,1111119.582707218,1161788.3530744775,1477453.752542529,1307212.2850758107
2013-06-19,1671566.893241131,1112772.7882461613,1163558.0931666337,1483134.0651414115,1313633.0141454488
2013-06-20,1651331.4003225693,1080979.2613460855,1130353.5283458743,1457236.6176236977,1286784.962638092
2013-06-21,1637134.2785903725,1083224.9705241339,1132741.8675106547,1447326.336968104,1277760.7801420493
2013-06-24,1595554.327617484,1068431.9772412905,1117391.1854684253,1416409.0468610234,1247615.552030968
2013-06-25,1600023.6000160517,1072034.6867999074,1121198.6314106532,1413710.0186638385,1239640.2208014482
2013-06-26,1616090.900112035,1068135.772082916,1117160.4159941275,1409907.5364622371,1236130.218841321
2013-06-27,1616969.3026597188,1086034.533377954,1135920.8522288643,1418736.4195014657,1241523.3198800625
2013-06-28,1645079.0783844986,1116585.7530731517,1167916.7230992687,1445100.6132983714,1267615.3394002495
2013-07-01,1665365.8024062922,1127412.9195096544,1179366.7392757842,1468576.3018531436,1292621.3556720326
2013-07-02,1666115.9699414535,1119519.4346606324,1171150.918537559,1470788.380281732,1287909.2095297521
2013-07-03,1662498.9563865575,1102958.542663155,1153867.052462126,1451556.1777034446,1267502.5648975696
2013-07-04,1681629.8348545576,1115582.3510999815,1167114.80106569,1464661.1271240993,1276602.1473323002
2013-07-05,1698983.8986091733,1121497.5886436398,1173344.774959196,1468268.3911280588,1281667.480570849
2013-07-08,1666025.8642116713,1110727.7221338046,1162200.3032061525,1464386.2867699298,1276308.1641989641
2013-07-09,1682322.1102419107,1119796.6020583552,1171730.8817663088,1476725.6938699626,1287308.0264989291
2013-07-10,1696287.6437127844,1111712.0863463234,1163312.5569794949,1479212.0773304654,1285386.776177473
2013-07-11,1707028.9470697693,1134341.1712291655,1187033.9540263203,1494576.4527809012,1299316.0435440305
2013-07-12,1714716.9555149232,1148465.2298632285,1201856.608138319,1496339.0412641352,1301556.7423679605
2013-07-15,1733105.5356684437,1152631.699775261,1206344.7464669852,1514935.4798581225,1314821.845939806
2013-07-16,1712902.0593943063,1138192.3048998157,1191274.5965989926,1504256.0253775846,1302036.3430863998
2013-07-17,1719703.5524390189,1141642.0591167263,1194927.4933801037,1503681.0900426505,1295400.89697787
2013-07-18,1724537.964089163,1154017.3501191633,1207923.1080704897,1518980.3642431975,1306505.657880254
2013-07-19,1731365.8260057552,1152325.9757365608,1206195.3808026346,1511342.1104807614,1300475.9020335642
2013-07-22,1737823.7243376698,1152822.823960627,1206843.4808220735,1508053.9467373858,1298448.28733011
2013-07-23,1736763.575127364,1161614.5364874548,1216090.1717330576,1511218.3070643798,1301737.4250458402
2013-07-24,1714291.3579373062,1144929.432433961,1198664.9822747337,1484513.1154279835,1277974.0357800354
2013-07-25,1685124.8176953366,1129066.1250485976,1182098.9557609863,1468280.3880324417,1266498.830413477
2013-07-26,1659483.0749009678,1124995.217229248,1177878.4874808989,1452455.3488290315,1252682.9687741913
2013-07-29,1629129.2099363452,1114569.3369241287,1167086.3194678342,1437597.340788692,1236837.279551239
2013-07-30,1612901.7987893922,1099929.2056606356,1151797.0951774542,1412411.517672784,1209744.8373372147
2013-07-31,1599311.8458953486,1097435.0723705539,1149225.9883941538,1404573.9809953542,1200220.9617751495
2013-08-01,1593772.7997987873,1094730.6838120988,1146434.5127578583,1390849.7500528588,1184428.532850293
2013-08-02,1593772.7997987873,1085183.9934241334,1136477.1229960963,1381590.6234418126,1167147.720924783
2013-08-05,1593772.7997987873,1086617.4248143772,1138099.0403935295,1380030.873200018,1169162.0570899008
2013-08-06,1593772.7997987873,1059258.0163437307,1109482.635118661,1349891.654898535,1144046.0182716802
2013-08-07,1593772.7997987873,1054833.5101169832,1104887.4124556817,1356552.411257679,1156857.852035908
2013-08-08,1593772.7997987873,1063730.30361682,1114245.778156406,1368188.5260334974,1174185.8206684915
2013-08-12,1593772.7997987873,1072665.359282672,1123764.096641959,1386235.135626044,1193166.7957184257
2013-08-13,1593772.7997987873,1089274.0323264909,1141204.3151435072,1404231.9108614356,1208762.7519607763
2013-08-14,1593772.7997987873,1097492.372297221,1149855.1192687345,1416959.822690915,1218703.9147474975
2013-08-16,1593772.7997987873,1052683.3630316176,1102986.2219649462,1375644.4758213095,1179423.6677040472
2013-08-19,1593772.7997987873,1034889.6827095886,1084457.3060352711,1350277.733329325,1162446.019337637
2013-08-20,1593772.7997987873,1032347.7683731654,1081831.8986438098,1338876.0588474742,1164745.729769425
2013-08-21,1593772.7997987873,1013445.5117826007,1062061.1457992303,1323733.0887720468,1150346.2859057013
2013-08-22,1593772.7997987873,1033685.6376707262,1083310.5116685897,1330081.5933524817,1161666.3396299507
2013-08-23,1593772.7997987873,1045783.7612754403,1096028.1962370917,1348484.5452647728,1175642.3296753862
2013-08-26,1593772.7997987873,1046691.601155928,1097096.0357234627,1355537.1694372548,1185131.5182023526
2013-08-27,1593772.7997987873,1010559.6112414617,1059261.5329796106,1324600.1687779834,1156918.855402117
2013-08-28,1593772.7997987873,1010091.3196583729,1058808.1146589408,1306311.242053234,1146044.6002013288
2013-08-29,1593772.7997987873,1033800.2375240609,1083698.8375977168,1325488.421153535,1163209.5360700681
2013-08-30,1593772.7997987873,1045793.280155766,1096309.5180971823,1337596.7430336731,1169694.1942539278
2013-09-02,1593772.7997987873,1060882.5719193404,1112245.6762268494,1356316.749343392,1183930.5133863816
2013-09-03,1593772.7997987873,1020880.3172512162,1070344.5441049873,1332706.41584598,1160434.1555900378
2013-09-04,1593772.7997987873,1041263.69295601,1091754.15247521,1348172.9198603875,1174961.3285311875
2013-09-05,1593772.7997987873,1068948.0498707204,1120820.5473082783,1369891.9586315295,1197982.482690705
2013-09-06,1593772.7997987873,1085661.8038875482,1138385.619953106,1382172.2678383836,1210330.2693697012
2013-09-10,1593772.7997987873,1127011.540055915,1181910.6250304026,1415477.7247441176,1236620.243176577
2013-09-11,1593772.7997987873,1130145.9580314432,1185239.639579013,1427396.535883367,1252090.8579194085
2013-09-12,1593772.7997987873,1118210.3086487614,1172763.6085035265,1418885.4900918372,1246911.0825221848
2013-09-13,1593772.7997987873,1118191.1775657537,1172785.0161950001,1423574.6568584696,1255231.53577556
2013-09-16,1593772.7997987873,1116270.3235094133,1170894.59099473,1418349.8362729454,1252259.3319170743
2013-09-17,1593772.7997987873,1118114.7465560783,1172870.7453279472,1420538.9563923092,1247351.5747407835
2013-09-18,1593772.7997987873,1127527.6126853453,1182786.4014502205,1432165.186368275,1252105.9711519342
2013-09-19,1593772.7997987873,1168829.4744850146,1226155.7778381978,1458822.6309155237,1282663.6115371103
2013-09-20,1593772.7997987873,1149057.733502334,1205456.9413136276,1460041.635280422,1271241.911946171
2013-09-23,1593772.7997987873,1125673.6707583542,1181050.4072129012,1444941.340849173,1259045.2024828107
2013-09-24,1593772.7997987873,1126189.7433877846,1181633.652692453,1448536.4859136227,1258254.6103727645
2013-09-25,1593772.7997987873,1122634.814875509,1177945.3646251918,1448828.9259747637,1258851.7758977304
2013-09-26,1593772.7997987873,1124240.2393681107,1179671.6016302414,1448798.3187123046,1262877.6228177575
2013-09-27,1593772.7997987873,1114865.6354048594,1169876.1462492193,1449941.6710147725,1262424.5282644727
2013-09-30,1593772.7997987873,1096154.5029996603,1150363.7889701258,1445023.1703195216,1253946.7086645123
2013-10-01,1593772.7997987873,1104707.310294781,1159380.5653739024,1454154.4621400984,1261415.7964606923
2013-10-03,1593772.7997987873,1129486.6355853449,1185470.0882906711,1473952.9722036682,1280871.0396560957
2013-10-04,1593772.7997987873,1129027.862882582,1185030.4814706014,1478774.9667198202,1285495.467384682
2013-10-07,1593772.7997987873,1128808.0887338824,1184925.5057909263,1486442.4377030001,1295342.1899218282
2013-10-08,1593772.7997987873,1133060.601858272,1189431.488556471,1491198.8158893753,1298741.2561629466
2013-10-09,1593772.7997987873,1148169.0247048542,1205334.193512201,1505131.68350344,1312406.1130522592
2013-10-10,1593772.7997987873,1150749.2012072927,1208085.552541749,1517852.1527231205,1323408.9638062518
2013-10-11,1593772.7997987873,1165131.296156071,1223227.4946346723,1522442.191415519,1328914.9527287856
2013-10-14,1593772.7997987873,1168284.845214607,1226668.4151076805,1526827.0933206202,1334780.7658329587
2013-10-15,1593772.7997987873,1163764.6835728204,1221965.5752919416,1513538.4254118712,1322285.7361745965
2013-10-17,1593772.7997987873,1155508.1747584303,1213381.9651201044,1511180.3963320993,1322348.7362528392
2013-10-18,1593772.7997987873,1182934.495358426,1242225.8645471681,1527314.7882571707,1337659.4917796052
2013-10-21,1593772.7997987873,1185916.051314604,1245488.9874161042,1542024.507637995,1352755.7820994377
2013-10-22,1593772.7997987873,1185505.0596581826,1245101.3794982783,1548477.5728534136,1364830.0517640037
2013-10-23,1593772.7997987873,1180832.129319402,1240237.3944509071,1544383.6118469269,1366131.8081552407
2013-10-24,1593772.7997987873,1178156.3907242804,1237470.8044158167,1542116.5942018023,1364926.8833998377
2013-10-25,1593772.7997987873,1174438.9879899726,1233609.8716314535,1536217.0289233197,1357127.4211387755
2013-10-28,1593772.7997987873,1166067.785999892,1224946.854997062,1536822.236232592,1346901.0831838616
2013-10-29,1593772.7997987873,1188964.4260777752,1249043.799770676,1554509.1150050184,1361793.704867542
2013-10-30,1593772.7997987873,1194851.1069804563,1255272.3286474156,1567164.066682182,1371743.1213912829
2013-10-31,1593772.7997987873,1203919.893582651,1264844.433101601,1578859.1815362372,1385205.7426084776
2013-11-01,1589788.3677992905,1205458.4992682594,1266505.6864150127,1590578.1227115272,1400688.864487244
2013-11-05,1594079.7612650378,1195128.1810558229,1255829.8427217116,1606828.5351652848,1426675.2552781717
2013-11-06,1605120.8437859572,1187865.4620119217,1248242.3839221136,1610695.652084854,1429435.974501606
2013-11-07,1597896.5958873257,1182533.1159046865,1242682.9487392947,1601376.1938668168,1416086.9074003533
2013-11-08,1592128.5829438209,1173645.8412851759,1233387.2358761975,1594297.8026618895,1411681.14982986
2013-11-11,1578599.0271739915,1161805.6606728206,1221073.8961379775,1582210.2554106954,1398035.3460203568
2013-11-12,1582500.1158117263,1150194.8664118468,1208913.539690864,1580391.2339711238,1387293.7367550896
2013-11-13,1587471.0303557669,1144757.439331603,1203241.0752633144,1576775.2413952975,1379938.8506359835
2013-11-14,1603829.427099826,1157476.716538756,1216653.181258425,1593933.3012109539,1395579.3498144364
2013-11-18,1614606.480997636,1182867.5832290768,1243518.0504363598,1609156.9509066541,1413806.6758773364
2013-11-19,1612707.6586862588,1185610.2339535474,1246445.404992609,1610188.9220006953,1418867.924096372
2013-11-20,1611690.7771937833,1170234.2559119246,1230323.9727408078,1604961.4996025045,1413236.5920926568
2013-11-21,1591386.6477400376,1146563.5068898962,1205480.3956976265,1587786.5353783993,1395472.735861897
2013-11-22,1594944.2703490607,1145875.5344804642,1204799.675605298,1591857.5485276848,1397008.1350784719
2013-11-25,1605420.335816189,1168791.305641355,1229024.2180563114,1609660.2157382513,1418381.2279471308
2013-11-26,1611491.955851268,1158040.5702145277,1217762.5129610654,1607535.5818823706,1410658.9169036811
2013-11-27,1623201.3372066026,1157658.321843796,1217403.6013649509,1608561.3012145823,1409994.7592576125
2013-11-28,1631366.1170579535,1164299.8872852584,1224431.2280111746,1621816.6299771327,1424022.3570538373
2013-11-29,1637237.7278175124,1180402.0999023288,1241408.9530321455,1635723.421272182,1440862.3069461978
2013-12-02,1668627.0990911047,1188381.534641352,1249933.3858001903,1652661.7010722156,1454673.9045169875
2013-12-03,1667095.0098240667,1185323.5476754988,1246761.0994087274,1654477.5194779339,1457826.4801151394
2013-12-04,1675024.4962476764,1177506.5871585077,1238582.7699602833,1650533.8560713846,1454623.1074223998
2013-12-05,1656673.6859842874,1192825.1719511074,1254740.285862243,1650286.207485912,1462472.9500871447
2013-12-06,1653896.2974877954,1196418.2693070422,1258564.3929702025,1656537.9424499762,1471064.8560730533
2013-12-09,1659515.9835364537,1216295.1845850877,1279609.5284535598,1665327.943191421,1481380.0542724212
2013-12-10,1663957.467110245,1210360.8159584217,1273411.2762512828,1661586.181133882,1474975.9589137717
2013-12-11,1656701.6402586645,1205592.2302046018,1268439.138606927,1661341.658789396,1472701.4865107916
2013-12-12,1653724.505160886,1192051.063006962,1254236.4296652265,1657232.4227033076,1466470.9952250943
2013-12-13,1650593.5816894837,1178930.4063460694,1240475.177456221,1642800.0637073214,1447106.3261944882
2013-12-16,1665161.8518467157,1176312.0609999716,1237851.4585925497,1647573.3173715414,1449135.7145242488
2013-12-17,1667269.1444424498,1173320.8928411114,1234747.4690933027,1654760.066388362,1448451.604471021
2013-12-18,1712181.485500788,1188247.7103826534,1250499.966863271,1679203.4533855685,1469412.5453977862
2013-12-19,1747491.8192029153,1178595.9390216793,1240386.4021678485,1680417.4430065674,1468674.4738496933
2013-12-20,1769441.1622442792,1199160.920031513,1262074.1767267454,1698637.567552457,1489642.1570559694
2013-12-23,1757767.0593937377,1201119.9429315126,1264270.0954740196,1708355.8971297226,1505689.0783918793
2013-12-24,1761696.6445056163,1198042.8248826517,1261075.7889393808,1713312.1072113877,1512147.8091828723
2013-12-26,1754925.5892277728,1200049.628828993,1263277.5200683002,1719191.3907293158,1522606.000011531
2013-12-27,1762126.8442433616,1206719.844233789,1270344.0959833763,1726833.2773781174,1529875.6357808812
2013-12-30,1765498.6069687533,1202381.3812193985,1265911.178672446,1729173.9601035179,1533836.2706434233
2013-12-31,1759515.503793927,1204846.8645461462,1268551.7884849727,1734546.1824486372,1542502.8327647613
2014-01-01,1770749.1093105008,,,1740082.441165549,1553154.5755026266
2014-01-02,1740189.3720735945,1189012.2071241166,1251968.4341778832,1710888.9162920061,1523508.2258672605
2014-01-03,1759489.5642268737,1187100.9652704585,1250000.1978309082,1718368.2357983359,1530886.1875769945
2014-01-06,1778638.5663646255,1183335.8748121655,1246167.808426257,1725061.911091192,1538026.5223802808
2014-01-07,1786903.4907072347,1177755.011270541,1240334.4769261647,1721799.9907534658,1534118.7624583864
2014-01-08,1781935.0126189245,1180115.4136242801,1242864.2484183232,1728315.3622411115,1542355.24184902
2014-01-09,1761133.3323855144,1178920.8874657438,1241650.114501134,1717727.5743149093,1532619.5449057783
2014-01-10,1769653.944993887,1179513.391104849,1242318.0756207656,1711679.6208553994,1522591.418933982
2014-01-13,1781467.3772693689,1198874.2337534644,1262843.7764404367,1711267.1886905227,1525671.1092033295
2014-01-14,1788407.935213925,1192968.5150901317,1256667.3787475452,1706144.8118150698,1521554.715616651
2014-01-15,1779514.9185854197,1208076.8446143575,1272627.4241930344,1714351.938135527,1527785.7343426023
2014-01-16,1776878.6327858814,1207694.5962436257,1272269.7414264677,1713265.0522102134,1525970.1168691975
2014-01-17,1731162.1493287296,1196752.7366314325,1260787.4072172411,1694580.8934938528,1505954.4367648114
2014-01-20,1742940.7249268815,1204837.3456658206,1269439.2648221052,1707030.7101847623,1515915.2757278306
2014-01-21,1746539.3735852542,1206719.844233789,1271467.6624145303,1712806.7915099862,1521868.9833096508
2014-01-22,1754035.2501575334,1211526.6921536243,1276577.5692265083,1718308.3564075138,1528852.8546147654
2014-01-23,1761578.3009197428,1212807.1682021616,1277971.9900090746,1714709.4528254673,1526000.105676666
2014-01-24,1734448.4617706945,1197727.4886412695,1262126.702068697,1692067.0440108022,1501101.880606945
2014-01-27,1689722.689798467,1172709.3514413545,1235894.5005430267,1654150.7112154034,1459846.5782812287
2014-01-28,1689906.2917890649,1170874.5405973713,1234004.4677198802,1660004.7507252363,1461904.4898648332
2014-01-29,1687709.5635383746,1169727.7954851764,1232839.489423684,1660960.551440956,1462543.8641832178
2014-01-30,1677185.7770203557,1160831.00198534,1223505.9425082281,1645361.3366541076,1442945.9682789086
2014-01-31,1701400.569743578,1163850.7267851774,1226732.0863952348,1669745.1392072141,1464615.5714701086
2014-02-03,1679192.749967477,1147089.0983996522,1209193.122948737,1660204.037656946,1453838.0030845436
2014-02-04,1703175.8832334604,1146917.1052972942,1209054.5727219079,1670143.764453986,1460054.642571312
2014-02-05,1701585.595747499,1151026.2752826593,1213429.2779490969,1680011.383673165,1469074.172750672
2014-02-06,1715850.2408947425,1153682.8827947732,1216272.923629652,1681048.8179370472,1470140.56918457
2014-02-07,1712320.6345383143,1158824.1980389985,1221736.3705861345,1685811.489909597,1480432.930802762
2014-02-10,1720505.9840602966,1156960.7372316818,1219901.1532456966,1687500.7197881597,1479318.2812821574
2014-02-11,1734066.0935030065,1158728.6359463157,1221808.434005549,1690424.8836741631,1481643.3809765938
2014-02-12,1726451.4571602007,1162799.5437656653,1226144.3161709995,1693761.5924000407,1483097.8616872998
2014-02-13,1715131.512754578,1146955.36746331,1209479.7808084544,1677356.0433204924,1465442.032262528
2014-02-14,1713302.652076614,1155985.985221845,1219045.796046524,1680161.983445195,1465294.8258819324
2014-02-17,1718691.824821069,,,1680272.0437329821,1465304.7173118272
2014-02-18,1720227.0700784703,1171037.0148194036,1235092.5618666764,1691574.2343004036,1477272.2924754943
2014-02-19,1720167.3260716267,1175939.3315095657,1240306.89435806,1705054.0268360176,1487490.4110106255
2014-02-20,1706779.0206613888,1164223.456275583,1227993.149933654,1701872.382725364,1483974.450710342
2014-02-21,1720007.8771529403,1176455.4041389958,1240938.978126207,1717489.230024252,1495491.5556098463
2014-02-24,1710930.5989290185,1182313.341755987,1247250.3109158846,1723120.3426873963,1501413.1187674685
2014-02-25,1731564.6647870028,1184979.4681484266,1250107.0770891968,1730330.7709202936,1504729.2419792945
2014-02-26,1734607.1178307394,1192385.5303313523,1257964.6677956928,1737785.8557268614,1510381.0735220967
2014-02-28,1745220.2080718768,1199676.9926609432,1265746.6651827618,1749852.9821380598,1517383.7523095086
2014-03-03,1748592.1117450162,1189069.60037314,1254688.1936209302,1750460.7436842544,1511715.3636478316
2014-03-04,1761380.7526774756,1203690.6005536257,1270160.9666054933,1768951.5434554385,1533447.7637913425
2014-03-05,1771652.2869675588,1209558.0570509424,1276397.5726467054,1777870.8297774259,1546957.7577468383
2014-03-06,1774662.235956378,1223414.5604899647,1291065.433623862,1795364.4010915146,1569438.0064327635
2014-03-07,1717374.2342046387,1247400.6457533755,1316424.4234143968,1787716.266081964,1578354.4282764008
2014-03-10,1729504.3411269847,1249426.5807827245,1318702.3529085673,1797194.0575922271,1590035.7228962674
2014-03-11,1730642.3461566723,1244581.5640192297,1313635.1519511163,1795039.35628325,1586802.5456936562
2014-03-12,1749002.6713921905,1245537.1849460588,1314690.2841267772,1797881.4990916918,1585004.1149650684
2014-03-13,1734035.3151228982,1240988.4666632947,1309935.3398387816,1791759.3911542946,1580502.0514939327
2014-03-14,1726586.570957592,1243109.9637853263,1312221.1060169393,1790921.2456393673,1576046.0385741456
2014-03-18,1728719.758453816,1245489.4038997174,1314918.815105167,1804405.2104059162,1588439.799956896
2014-03-19,1734779.684224852,1246903.704206953,1316458.507834675,1816030.2508013824,1594119.359346369
2014-03-20,1737441.399905561,1239077.2248096364,1308241.7137685684,1813705.7283967705,1585345.918866788
2014-03-21,1763285.4566915927,1241007.5977463024,1310326.1747224093,1828007.2361981368,1597737.6542632598
2014-03-24,1768069.227580135,1258266.0743558938,1328689.6033829155,1836460.4470860146,1613682.6741684596
2014-03-25,1764232.7978671757,1259460.6005144303,1329998.0171156016,1841938.1110197944,1618087.1611172832
2014-03-26,1760378.5508297668,1261687.1786094708,1332396.41335873,1846698.2187574983,1625691.168809556
2014-03-27,1749006.3192150106,1269399.0581534528,1340587.898791534,1857107.4241265424,1640795.0582132137
2014-03-28,1738691.7608855166,1279748.414126541,1351565.4484783032,1878766.1759949208,1666985.9796821726
2014-03-31,1749526.5050073205,1281334.800858491,1353384.4305577856,1893873.8048950597,1687004.7057635968
2014-04-01,1785242.6731704576,1284555.1687240202,1356833.860602345,1892202.3414177976,1690867.4524572399
2014-04-02,1815493.993994638,1290575.5805630437,1363241.2329241538,1917341.3415374616,1719436.8005112559
2014-04-03,1810279.714959213,1287431.6437071895,1359968.3685044555,1910357.7846280765,1710761.4386296975
2014-04-04,1820658.8672266598,1279452.2089681663,1351587.1498193485,1911735.402237055,1717816.523792606
2014-04-07,1818812.195020683,1279585.9399045089,1351871.8303424758,1909821.506253424,1719707.0558335742
2014-04-09,1830222.9654726677,1298918.2259121467,1372393.2882473932,1934224.3853349555,1750710.0311871243
2014-04-10,1820023.8902676227,1298956.3947558063,1372482.149976166,1939711.8854561863,1765810.7470894805
2014-04-11,1826662.574053004,1295114.779965482,1368471.4775113214,1942293.2729513044,1771753.2912666479
2014-04-15,1817038.6797594766,1286858.2711510921,1359939.662070621,1930959.332525411,1758584.9694668718
2014-04-16,1785655.0629804633,1275811.2372435338,1348312.940154645,1918210.4933083816,1739137.9865012055
2014-04-17,1817584.5157310097,1295707.2836045874,1369388.0619083778,1943128.3682234746,1765897.153183848
2014-04-21,1836642.1320431011,1303017.78369483,1377309.0834305016,1960535.543808824,1784172.886056308
2014-04-22,1837331.5733535297,1302578.2353974308,1376893.1641699285,1963045.1631773985,1789686.9935691857
2014-04-23,1853682.8439280393,1307442.2899215773,1382083.5969514125,1977678.9444244173,1794653.499226987
2014-04-24,1853682.8439280393,,,1977678.9444244173,1794653.499226987
2014-04-25,1849389.2374669549,1296347.5682900338,1370452.404887084,1968992.227399605,1788264.5251783922
2014-04-28,1889142.0384065877,1292238.3983046687,1366253.2724795325,1978704.0933096416,1798870.775925505
2014-04-29,1901638.7552230505,1283446.685777841,1357005.988099465,1976308.0289767797,1792824.7753847418
2014-04-30,1871570.7302441108,1279843.976219224,1353244.6468322042,1961780.8167607493,1771533.7437554835
2014-05-02,1879246.5684816353,1279538.1588581672,1353016.979735231,1963351.4889827187,1773914.2711165894
2014-05-05,1871319.779028985,1280407.8298949955,1354080.2367133992,1978939.0881037416,1774577.4496695295
2014-05-06,1892336.775918378,1283456.2046581667,1357352.0083603545,1989765.4027430876,1780776.2294084744
2014-05-07,1902337.3002678284,1271463.1620264614,1344716.010649549,1983079.1570565556,1776518.3250569953
2014-05-08,1913828.3716546397,1272858.4245730457,1346239.2643128806,1987955.0495844109,1775264.8088905108
2014-05-09,1915572.7962428653,1310882.5252581623,1386504.5005516792,2004532.6546747617,1804877.9481501903
2014-05-12,1908414.0859632369,1340592.8172022218,1418079.1482580814,2022118.5845684363,1823563.5628471223
2014-05-13,1921307.358034542,1358654.052719292,1437235.1476933605,2040525.5418491976,1852287.040680244
2014-05-14,1927363.129920272,1358654.052719292,1437285.9731037996,2054288.4702572292,1874590.3480462686
2014-05-15,1910147.1761313102,1361406.222324089,1440248.3543203254,2041767.9809366618,1860215.795207847
2014-05-16,1894307.7188608167,1376667.507190021,1456444.9578292905,2055609.417480269,1889664.6699845807
2014-05-19,1913377.2501411145,1388240.039284979,1468843.933118406,2108822.257074965,1983385.4015218744
2014-05-20,1953064.6624092779,1390524.010629043,1471312.5449037626,2141233.9635202643,2023719.5404137508
2014-05-21,2002430.314839983,1386204.5853753043,1466794.0327484254,2174724.1171103152,2063634.3578867037
2014-05-22,2054991.4009301956,1390696.0037314012,1471598.6064050342,2219362.672516749,2108816.975476804
2014-05-23,2048019.4082654105,1408031.0046730235,1489994.7461513504,2248502.2192798015,2147812.664966792
2014-05-26,2003626.6681764522,1406492.3989874152,1488524.4821096743,2211433.881880919,2106666.952041219
2014-05-27,2005877.8132799207,1398646.7885070906,1480273.6307883814,2202350.6382858027,2090790.1647375869
2014-05-28,2033638.2176778796,1400873.3666021312,1482682.5856002923,2208607.5612358553,2106509.0674167713
2014-05-29,2019357.0706599902,1382907.6931777438,1463719.4999024386,2199970.6745213238,2092457.5546350677
2014-05-30,2031479.434271636,1381818.3413145724,1462618.211717081,2206536.2074995753,2100658.5391582786
2014-06-02,2058393.8455265246,1407151.8147558698,1489591.0436277292,2247102.8093162887,2147461.905954715
2014-06-03,2079545.8867792943,1417348.3087096075,1500437.966759411,2268732.839946363,2168440.772838716
2014-06-04,2120844.1317993077,1414749.001124161,1497739.2423068264,2305372.826432796,2204799.1957269516
2014-06-05,2156684.6638478218,1428481.2925071665,1512330.5593801585,2328768.643836751,2240089.8176890877
2014-06-06,2187882.713181069,1449371.1286387087,1534500.8542202099,2365309.5847913655,2275331.183061801
2014-06-09,2242028.1683057942,1462979.2079656976,1549072.542086738,2399203.8914230694,2316798.790181447
2014-06-10,2271067.063498892,1463323.1941704138,1549491.5644087049,2400002.7420678954,2317876.3001368707
2014-06-11,2260282.7059414024,1457675.5118217962,1543565.899720125,2390683.372586323,2299331.728823545
2014-06-12,2261949.6329068234,1462080.886965536,1548285.6026869447,2416081.752331985,2308272.8619842264
2014-06-13,2205154.0720982826,1441477.7371120427,1526521.6660756834,2380421.9161978387,2249465.5734324595
2014-06-16,2222935.6107262536,1439843.5693337512,1524952.8568501163,2389361.449851769,2252431.1367952796
2014-06-17,2279293.0087505495,1458602.4827852915,1544875.2414132408,2418875.4872617866,2292616.8295690636
2014-06-18,2318081.8122797688,1444554.8551609037,1530050.836844622,2409795.3571910425,2279284.0794119197
2014-06-19,2336015.8782189977,1441210.1819170017,1526562.191511329,2408166.6520436,2273786.705911534
2014-06-20,2387487.7339418805,1435619.7994950514,1520694.5078097705,2411959.6295925486,2266575.877196336
2014-06-23,2452310.7183204875,1432160.4330754587,1517191.0869987158,2432177.4703743327,2284855.936425789
2014-06-24,2510517.937451182,1448759.5872389516,1534830.0458364792,2458098.9234550325,2316873.8275613994
2014-06-25,2532598.585294766,1446666.7400802535,1532667.0614148665,2469508.8022438297,2328417.697457659
2014-06-26,2539816.207104436,1432131.7831121252,1517321.697247706,2469597.893086604,2319374.5981425093
2014-06-27,2571276.1875956035,1435113.2457459471,1520534.2805030202,2486413.223946755,2328738.174952821
2014-06-30,2608484.9055883484,1454713.0869486257,1541464.268844933,2538846.546462693,2375810.5315322555
2014-07-01,2605389.8368208427,1459175.8553413888,1546247.8510169864,2555940.4718644987,2396243.939096181
2014-07-02,2648150.3809355185,1476462.981914314,1564621.8639183529,2591041.97213391,2430183.219542112
2014-07-03,2660286.543135155,1474484.8279313066,1562580.8514261958,2594739.226766822,2425762.992463932
2014-07-04,2672488.66067228,1481518.2539461823,1570090.0250794538,2607842.6074058125,2444330.675642911
2014-07-07,2705336.8557272903,1488312.681406995,1577457.9943608562,2617326.8105743816,2459382.2863599313
2014-07-08,2587078.4394604624,1456977.927209682,1544300.9952691593,2544967.2690660036,2367243.7990607247
2014-07-09,2518009.698503723,1449676.945999765,1536616.7722337851,2509991.450462563,2332032.961467171
2014-07-10,2514149.6253422825,1446380.0538022048,1533176.3755650034,2514301.7587195714,2345648.462429407
2014-07-11,2449196.0897255577,1425709.9918193624,1511319.3600556816,2470468.805580785,2280438.3134091683
2014-07-14,2438253.423090869,1424668.3276801761,1510375.3716281145,2460746.483628907,2274206.4831440896
2014-07-15,2529086.9106713976,1438524.8311191984,1525119.4039447412,2494839.5463383817,2316404.7856290597
2014-07-16,2599015.624346511,1457207.2202387075,1544981.0465937809,2531604.157127807,2355558.7524309796
2014-07-17,2634541.8339954847,1460274.8194072426,1548288.171064868,2571260.893451384,2386790.9971888578
2014-07-18,2616991.4018480484,1464756.6255606574,1553095.024277487,2564853.8940872024,2381250.1671928777
2014-07-21,2659137.5777968694,1468636.5025169973,1557374.1038543782,2584419.113828619,2394660.997071268
2014-07-22,2657573.7249115165,1484624.021958377,1574383.290803848,2598639.756837163,2402901.7894363804
2014-07-23,2630716.2273511267,1489956.3680656122,1580093.9020022969,2608139.527446931,2400075.496569716
2014-07-24,2631679.4215272977,1496617.0645900825,1587213.6762555921,2622875.8222991587,2405487.2932192003
2014-07-25,2570087.1172478246,1488943.4472121159,1579131.3834597748,2594583.0976952245,2374685.802493242
2014-07-28,2556383.118875487,1480964.0124730926,1570835.2583322008,2581736.4440058055,2359881.721860192
2014-07-30,2592092.7870908636,1489124.9591947997,1579603.1603977033,2584955.0261559,2367475.3295521024
2014-07-31,2619009.653761101,1475727.1351361845,1565446.6512657693,2584575.831231582,2365569.464900896
2014-08-01,2572685.5708003,1453040.750326675,1541435.5147700447,2567368.382408139,2342695.493191676
2014-08-04,2632199.7921715276,1468531.3282216324,1558033.7316939281,2598595.259641819,2369675.0704638893
2014-08-05,2688181.153379072,1480553.0208166714,1570843.657238705,2611807.861833878,2392311.3811435066
2014-08-06,2671960.4454648388,1466314.2690069175,1555791.579719087,2613083.1771859173,2383963.9583966914
2014-08-07,2653774.934884314,1461956.6749095195,1551222.9313245555,2602529.2856649095,2373412.019271784
2014-08-08,2590060.0561014675,1446532.915821555,1534911.6837961546,2557098.715108805,2324916.183516144
2014-08-11,2599318.1737253843,1457503.518719438,1546716.6367270022,2576654.403252106,2338293.4095416735
2014-08-12,2655891.5322613395,1476826.0992020378,1567277.365622534,2593130.8029823387,2356436.3301673345
2014-08-13,2587851.2758890535,1479215.1515191104,1569868.254180569,2579009.4299728083,2324965.6497477163
2014-08-14,2610946.56666845,1489182.3524438234,1580502.1808175314,2610176.6355724516,2349965.6609477988
2014-08-18,2657558.6546890633,1504959.6166168293,1597472.888199096,2663526.0660770917,2395436.3552566064
2014-08-19,2683450.292925972,1509403.2539265847,1602246.3446960123,2704464.552561417,2426478.150696456
2014-08-20,2728902.2956319773,1505160.259682521,1597798.8662077726,2726371.482080781,2436937.7810380184
2014-08-21,2745370.2409848482,1508180.0778047147,1601061.16293572,2738784.6161669544,2447045.6758435545
2014-08-22,2767465.1856811587,1512403.9409657705,1605601.9296029976,2744373.7502847384,2449141.3711673603
2014-08-25,2776165.2315514935,1511085.1094288616,1604372.024216891,2739834.250645057,2428448.5420758324
2014-08-26,2771300.03833603,1510788.904270487,1604114.2576225444,2747579.0738679417,2418395.461597234
2014-08-27,2788191.588370747,1516771.0539434948,1610522.8916402648,2763376.727722229,2436149.9303596965
2014-08-28,2799293.668749892,1520268.682529103,1614293.7939272062,2759083.9554690705,2435688.077292225
2014-09-01,2858979.8296416304,1534287.6601901574,1629410.2780917857,2800758.930065729,2479213.8169773156
2014-09-02,2915927.496159954,1544866.3091922707,1640702.7998021254,2824774.41930485,2501100.6707653766
2014-09-03,2978745.8088024086,1550896.333233976,1647165.1463260667,2856141.7232818343,2517885.882857166
2014-09-04,2983223.2571032285,1547331.8858413748,1643437.5582906995,2864741.455079451,2517877.444105884
2014-09-05,3051880.3343126923,1545592.6370900746,1641648.3358872496,2887295.3944531376,2539403.0178070622
2014-09-08,3157146.165912944,1562229.960097227,1659495.6808723365,2940027.334323611,2584828.1864853236
2014-09-09,3151184.476678825,1558225.9644072268,1655300.9279921975,2947363.230054773,2595328.874073918
2014-09-10,3158843.108733114,1546978.2874339768,1643410.653296472,2948150.191692367,2597329.9258218445
2014-09-11,3220585.374974015,1545372.862941375,1641763.2092873484,2990453.5202006027,2627252.9190520197
2014-09-12,3209092.1741636894,1549157.084482676,1645841.6664214458,3012124.549846992,2641228.5655491566
2014-09-15,3236382.47797432,1537020.6987119461,1633121.08109891,3020236.8980378676,2647949.7924797237
2014-09-16,3144911.3831259003,1516169.0314240637,1611022.6573320339,2932276.222337274,2560797.3220253405
2014-09-17,3218226.6792014902,1524310.9403851188,1619731.212400271,2935746.9940641806,2571925.3597257803
2014-09-18,3334542.5381909753,1550924.9831973098,1648069.5456361005,2992759.559427789,2627147.465848196
2014-09-19,3383506.405925301,1552205.5525682033,1649488.6547684558,3021236.734120903,2635998.591198745
2014-09-22,3422560.832071247,1556954.913916659,1654711.2139595964,3036198.136294712,2638361.224859029
2014-09-23,3370443.8155928603,1532347.6750508093,1628616.555249031,2993832.8788652914,2584018.8935269215
2014-09-24,3315209.5901124408,1529452.1623069884,1625596.6180119,2965973.3103689263,2554103.866525541
2014-09-25,3241814.9135516626,1512145.9046510556,1607259.290023014,2911832.5476308395,2491277.6880477713
2014-09-26,3264639.4474358074,1523039.9832169074,1618895.8493774494,2920947.259417384,2514389.7026304
2014-09-29,3345754.4171677097,1521138.260243575,1617045.9775162842,2955406.2571967384,2537235.4574780324
2014-09-30,3393787.5554508963,1522265.874272762,1618301.9140821442,2985980.8335906505,2544083.861709312
2014-10-01,3384778.7006577915,1518586.73370447,1614447.755730385,2984949.87205974,2535951.6654857434
2014-10-07,3349781.3999595214,1500783.534502115,1595859.2942474035,2954751.6027416363,2507647.2028975016
2014-10-08,3314442.3636566554,1498929.68589748,1593944.368122603,2936615.88462887,2508275.6668571797
2014-10-09,3365673.8516906397,1521453.5964849573,1617953.2464575046,2979090.377758814,2549296.6075240504
2014-10-10,3317394.4620030452,1502226.5780950405,1597563.2291775527,2943311.525644143,2514357.335886722
2014-10-13,3355935.136637858,1506870.8584704876,1602672.267558571,2953302.4487054795,2526861.6912050056
2014-10-14,3376696.491638279,1503000.5937168298,1598612.475594153,2949915.2799953646,2521329.095819002
2014-10-15,3376696.491638279,,,2949915.2799953646,2521329.095819002
2014-10-16,3253764.614002096,1480868.4503804098,1575183.8196188542,2883042.8846720373,2463162.980099728
2014-10-17,3271163.5970132896,1486888.8622194333,1581643.5970388283,2891022.441253797,2471104.8439780218
2014-10-20,3312529.148090369,1505943.887506992,1602082.8918564618,2915463.519807856,2498477.6289830324
2014-10-21,3333892.0185733107,1515184.760533901,1611970.7020594943,2939103.8166915476,2521830.793278449
2014-10-22,3390836.541299327,1528209.8551021107,1625885.2994324875,2977264.74389168,2552965.1841480364
2014-10-27,3385661.9206692567,1527407.189516988,1625318.6843833146,2992838.4969361187,2566873.071147179
2014-10-28,3383602.570497373,1534268.5291071497,1632677.5917904102,2995519.57336506,2576592.5797661026
2014-10-29,3438223.268153363,1546280.702821863,1645518.423718124,3021610.512932108,2597529.5217197146
2014-10-30,3498110.324009248,1561331.7324194214,1661594.160747548,3045424.1846558945,2612131.9517298285
2014-10-31,3558526.8529742835,1590573.732780392,1692773.8244537916,3069429.776852908,2642544.798145914
2014-11-03,3620717.2050650055,1590946.4622707982,1693350.1379139582,3091099.502676202,2668655.8149252175
2014-11-05,3695855.105477117,1593650.757506897,1696348.469876769,3098064.991682636,2673971.0793950786
2014-11-07,3734895.7106125825,1593402.3333948639,1696203.9973250898,3110384.146921603,2678425.2330727703
2014-11-10,3770181.1519213007,1594787.9837387663,1697859.1588669093,3111692.5640507336,2683062.4249632536
2014-11-11,3781555.5083700097,1598304.743407382,1701663.3811175218,3140713.0102389604,2701602.7517790836
2014-11-12,3808511.4895852297,1602251.345848359,1705925.5261896949,3176425.0563522205,2714252.052819591
2014-11-13,3854658.1893371977,1597387.1980018564,1700806.7861700712,3191518.5986904367,2708570.4329960663
2014-11-14,3846097.142613024,1603512.8774586008,1707389.4371242234,3191567.4959214604,2725041.306749571
2014-11-17,3837777.7613209593,1611320.2257729098,1715884.5755752614,3221470.2565778326,2749958.92909595
2014-11-18,3817916.0457983627,1610393.3481317705,1714958.193994543,3233874.7595785856,2766485.858248828
2014-11-19,3816775.2454410368,1602060.221662993,1706144.3200438477,3247794.642452305,2751172.049656159
2014-11-20,3804108.2428213563,1605806.3676829906,1710194.3250841196,3249820.694469964,2743380.567335311
2014-11-21,3788257.9308530698,1620226.5381530724,1725612.922564455,3235974.9640467986,2744630.917555142
2014-11-24,3803926.5690158643,1630318.0444561574,1736545.0400838286,3236786.674808655,2751232.53361046
2014-11-25,3739776.591446539,1617503.0185116092,1722955.9499348046,3194968.870951868,2706576.7449174332
2014-11-26,3763527.458575502,1619920.8141143718,1725592.3939789436,3201030.317970414,2720989.693674153
2014-11-27,3805426.1511412063,1623447.0926633135,1729409.8562172088,3230676.5909751263,2737476.527281716
2014-11-28,3818268.6016751267,1641422.284968027,1748620.1282718147,3255013.763323372,2761848.615518334
2014-12-01,3788975.136147351,1635239.4922293273,1742218.3691398345,3257376.078073768,2750217.8359607225
2014-12-02,3818852.2223225483,1629276.380316971,1735926.530901633,3272550.913959674,2769598.0883841827
2014-12-03,3862563.1242092024,1631751.4758464012,1738625.124106126,3317532.5762766986,2810953.1414996847
2014-12-04,3949778.888540397,1636864.0478049368,1744134.2266994172,3347820.5634266934,2828470.6122620758
2014-12-05,3912102.0034689726,1631875.5945800615,1738880.350805674,3330299.552426174,2822615.710254515
2014-12-08,3883542.3589708465,1612753.6571631534,1718686.8791664043,3301066.196543638,2797471.2883380703
2014-12-09,3835564.294639657,1594109.53020966,1698878.194390402,3260828.565114261,2751869.668533534
2014-12-10,3867592.433592968,1596966.8741098214,1701983.5153816524,3287543.914517272,2771492.9464433207
2014-12-11,3830828.4246555027,1584973.831478116,1689261.5453071047,3274438.878383312,2749559.7275044937
2014-12-12,3768388.9575647586,1571824.3382091776,1675306.0872465083,3253728.814289131,2712789.0009724926
2014-12-15,3780109.5705815796,1570964.2793750314,1674567.048260375,3242027.9748253427,2698186.2888978957
2014-12-16,3634333.1820913884,1541913.4965217824,1643658.5324506834,3151533.9511177633,2619623.960437099
2014-12-17,3587690.2569611496,1534688.9463215407,1636015.1144103017,3110387.9172819946,2603478.352400339
2014-12-18,3755185.670711795,1559439.5283264145,1662458.6146474849,3189388.471914466,2677905.874318778
2014-12-19,3794014.631639867,1572034.6867999074,1675945.0944625626,3204775.0962375575,2693686.3466059775
2014-12-22,3774185.4790813467,1590917.7189851082,1696256.2250830366,3219950.3519149832,2716557.955738751
2014-12-23,3738537.883064439,1580023.6404192562,1684700.397750621,3220489.980749217,2705684.578616913
2014-12-24,3751040.1317038243,1562268.2222632426,1665827.5881092385,3215984.3442672705,2704164.0948950094
2014-12-26,3757943.1147821527,1567352.1442584447,1671366.7161379678,3239123.118558285,2716985.603673539
2014-12-29,3761198.3672466693,1576067.3324532413,1680838.5799889134,3265063.1013096496,2738236.4849300147
2014-12-30,3806395.835943353,1576440.0619436472,1681295.5412801867,3285146.4490831546,2755061.6695393026
2014-12-31,3859048.670714351,1583024.3274584422,1688377.4577629485,3303958.406068778,2780964.80873308
2015-01-01,3900625.01790991,,,3321849.764327732,2801979.3436593753
2015-01-02,3954790.3406199077,1604573.5793584385,1711481.8922796294,3346582.7681571534,2823021.013152268
2015-01-05,3956114.533084555,1601314.9493268938,1708187.3574411115,3351299.240235925,2821386.2003819486
2015-01-06,3851142.167796138,1553333.1665973903,1657061.8482445232,3264399.260218785,2740927.7168229963
2015-01-07,3853327.903382477,1548507.2809169034,1651972.116107762,3265457.6140230363,2738409.4559861016
2015-01-08,3978784.69633289,1573831.1421555188,1679047.3873368832,3313603.8075431273,2787017.102854878
2015-01-09,3984573.6707363706,1583368.3136631583,1689281.8894051404,3328119.7800236368,2791506.773512513
2015-01-12,4025937.653616988,1590726.5947997423,1697312.430670388,3351148.0610217024,2810160.651407915
2015-01-13,4031533.702866005,1586216.1386829938,1692559.606123913,3362469.0918403743,2810988.0487243133
2015-01-14,3999582.056861391,1582039.9632459232,1688163.1475192432,3379371.0544198216,2809076.666953765
2015-01-15,4052027.409449982,1623437.573782988,1732398.9695112433,3417290.725540511,2849423.0326963137
2015-01-16,4037137.008285412,1627193.0520385988,1736467.9119328149,3428098.9086283282,2858169.396233475
2015-01-19,4040823.736939215,1634245.6091364825,1744179.1134024202,3446537.1124995714,2872482.013279592
2015-01-20,4052729.211966656,1661939.391609163,1773798.5445695922,3464729.2478369777,2886317.8925198466
2015-01-21,4031234.562349251,1668418.5761509493,1780776.791637836,3463035.5090738847,2888166.827225153
2015-01-22,4034879.468461779,1674515.512322004,1787347.5250491083,3476148.0381858246,2897572.4700288996
2015-01-23,4012557.124041549,1688696.777560378,1802548.0925156795,3465252.2729668156,2895420.6059046863
2015-01-27,4009153.354664116,1703012.053702163,1818085.6507680912,3490431.0667341147,2909827.685654112
2015-01-28,4109765.146584959,1703738.288277611,1818925.2784383334,3536045.8889684347,2916917.1547940867
2015-01-29,4137870.2095986474,1711010.526201838,1826753.7784061106,3520469.808136232,2924086.8663644856
2015-01-30,4154117.7674783613,1683593.9111268804,1797546.100190962,3491797.0237336955,2908295.9821141814
2015-02-02,4159261.257613422,1681395.9829951734,1795389.867111616,3502962.4143328504,2922560.113263993
2015-02-03,4112532.7689555096,1673588.4480361522,1787116.1995339352,3500017.7287223525,2915218.140974449
2015-02-04,4101338.9807866025,1667310.09320477,1780474.9142385942,3491163.806894019,2916851.999083493
2015-02-05,4051973.950597133,1665016.6029803802,1778088.6355620788,3461454.6143761287,2879395.0673915665
2015-02-06,3961240.541661855,1655336.0883337162,1767813.2263147656,3428082.1791684064,2843181.3913820577
2015-02-09,3852256.478358859,1629591.6232359975,1740504.1076479247,3392692.0971935117,2806053.325795172
2015-02-10,3888725.788246039,1637083.7286312804,1748567.9701184717,3415771.8353557885,2819395.9990939735
2015-02-11,3975216.463807606,1648904.8714829837,1761256.406095362,3461147.70305535,2860523.4436779777
2015-02-12,4061717.4348385856,1664987.8596946902,1778498.1332627344,3501031.11867557,2897839.4650071533
2015-02-13,4091824.7536328174,1682944.0142387517,1797742.0175735157,3548431.396428403,2921052.309196375
2015-02-16,4080734.7979966765,1683679.7676945252,1798718.7712144705,3554267.2573743737,2920283.2084381827
2015-02-18,4092710.9001497496,1695099.4377701331,1811046.7834572322,3578850.00092816,2948715.8631238393
2015-02-19,4082703.084219712,1700106.9287556603,1816461.0281679563,3560873.830928271,2960601.298298807
2015-02-20,4126157.9216703116,1688314.5291896465,1803925.3557682943,3562178.533185236,2968957.3788185366
2015-02-23,4136975.94082348,1673282.7239974518,1788053.8978154939,3544381.8545601084,2954267.7281843447
2015-02-24,4124694.909989138,1674649.14993599,1789577.3306532865,3538925.25708548,2942830.451121107
2015-02-25,4101386.5066487743,1675633.5141485091,1790692.572624067,3527787.273955647,2933358.0767938388
2015-02-26,4056090.0735002435,1659693.6824311146,1773720.9387977424,3493674.7779943426,2910304.060383262
2015-02-27,4116449.126728251,1690416.8952286707,1806618.8387291778,3547188.8324697725,2960540.481777196
2015-03-02,4256221.798714989,1711851.5472753325,1829721.0441371724,3619156.138875532,2991480.370685623
2015-03-03,4368473.991479018,1719400.9525972824,1837855.2539501674,3681336.956636663,3035977.6335064783
2015-03-04,4330160.545445207,1705334.2872122428,1822883.9579191627,3649388.058323333,3005575.7978321356
2015-03-05,4368984.491734902,1708220.187753382,1826033.3575636798,3675346.347044645,3021458.64109659
2015-03-09,4296060.412443224,1673626.710202168,1789307.10509794,3640662.3854890405,2982710.501490695
2015-03-10,4315487.101925534,1665083.421787373,1780236.2609192927,3646535.646709989,2976718.725843171
2015-03-11,4303720.274647523,1662770.8938023318,1777826.6721481555,3650615.709971111,2969969.7842782917
2015-03-12,4341696.186644095,1677305.8507704602,1793430.797920742,3718953.581925757,3006179.363334595
2015-03-13,4299570.7361290585,1652794.1739972932,1767284.598619506,3671304.94321814,2966581.3998926845
2015-03-16,4267247.5730291335,1650003.8355488372,1764488.1523634833,3646609.147522801,2946468.129112709
2015-03-17,4321456.30834882,1667233.5688727386,1782976.4079511072,3684647.38406697,2968392.1934043644
2015-03-18,4326052.489467545,1660085.6363268844,1775395.0326352788,3691742.0637094057,2974959.018136026
2015-03-19,4283553.934719604,1650290.5218268859,1764981.9637986538,3682142.7904570475,2955546.2141077393
2015-03-20,4187586.5103650084,1638106.3550098147,1752012.9798786007,3606436.2576438743,2908621.444851352
2015-03-23,4143618.5131158344,1634283.8713024983,1748110.1415013897,3584473.0485779373,2882341.5214974247
2015-03-24,4126937.6153261606,1632764.3966998975,1746546.5984886745,3572957.6892834185,2873180.1012112326
2015-03-25,4098737.7991372044,1630442.163189818,1744124.2116949798,3572435.5396848917,2859122.4126586
2015-03-26,4080531.904768928,1594386.697607383,1705615.1046090254,3551379.28703512,2830098.5767726186
2015-03-27,4089092.0105257677,1594243.3544683582,1705522.0722885756,3555958.28033054,2828623.4306256976
2015-03-30,4251701.494693658,1623083.8820532337,1736559.8968723253,3622892.0089803874,2894993.140385577
2015-03-31,4330360.544909499,1622835.4579412006,1736355.5056073694,3646566.9379628394,2913902.5348568275
2015-04-01,4405949.059316465,1641040.0365972952,1755895.6170189222,3700436.0430687624,2967045.80677685
2015-04-06,4464824.8580293255,1655116.407507373,1771270.3429668946,3745870.3147217976,2997002.1184474956
2015-04-07,4584248.5079369005,1655192.745194692,1771414.6788285591,3784181.055333025,3026240.992491085
2015-04-08,4697863.357791246,1665532.6756098103,1782543.6779822435,3859791.2003909415,3057031.644196687
2015-04-09,4664996.967505909,1677745.399067859,1795677.8979169412,3866890.7731559793,3066404.684976665
2015-04-10,4712776.778358184,1678137.1663189165,1796160.7193346578,3872814.058718391,3089667.472187515
2015-04-13,4780283.8236861965,1688391.0535216776,1807327.48919519,3881232.2225446813,3108657.7847862197
2015-04-15,4724304.4213326005,,,3864396.9396160194,3091825.221272589
2015-04-16,4628955.139065089,1664060.9820535511,1781472.501578816,3845369.4728007764,3067065.041603501
2015-04-17,4571259.3070724765,1644814.7392582702,1760930.567518957,3797967.071353315,3034760.2362481174
2015-04-20,4433685.826596744,1614636.155731122,1728804.9203586716,3724506.394154798,2972343.4622951914
2015-04-21,4445239.33494721,1601190.643948521,1714469.3215957454,3695978.5771515197,2960018.411628991
2015-04-22,4446361.66337486,1611119.582707218,1725161.703584481,3687585.11372007,2959871.7072558138
2015-04-23,4468406.956077171,1605118.2086288463,1718796.3060870927,3700027.4231117535,2959960.1275104242
2015-04-24,4283925.107012967,1587334.140509499,1699812.838994195,3612807.1123795076,2894498.468318321
2015-04-27,4126866.890454765,1569855.796428852,1681274.3309616174,3517786.7954620253,2827816.6213638205
2015-04-28,4221336.162374028,1583578.4756091759,1696030.9351519414,3544202.268549748,2863812.556174411
2015-04-29,4309999.733992219,1574815.5063680375,1686705.3387392412,3589794.7356794076,2880527.66281548
2015-04-30,4365326.769058425,1563682.5225704785,1674840.5879984167,3578478.7873037155,2879288.9974031146
2015-05-04,4476946.403362334,1592437.1935877088,1705880.6338197538,3655178.836849835,2937956.704258901
2015-05-05,4476946.403362334,1591070.5810044582,1704476.9391250042,3669206.363254182,2947099.7861636397
2015-05-06,4476946.403362334,1547532.5289070664,1657894.2622545771,3593568.2550439727,2859396.4100690186
2015-05-07,4476946.403362334,1539944.861419101,1649823.824140543,3524237.0574365184,2810310.124613598
2015-05-08,4476946.403362334,1565593.7644241366,1677362.1562817919,3549409.8607885116,2851650.8593549086
2015-05-11,4476946.403362334,1591156.6242168155,1704930.8225624277,3605542.2230689446,2896375.8878769455
2015-05-12,4476946.403362334,1553256.7355877154,1664379.7929976378,3552736.9763247734,2842689.559190803
2015-05-13,4476946.403362334,1573993.709699907,1686659.9750234894,3590431.8850300433,2874815.4770821477
2015-05-14,4476946.403362334,1571843.5626145415,1684415.4851110962,3618406.0405582334,2900272.026643039
2015-05-15,4476946.403362334,1579134.8382994204,1692288.788501151,3648327.0284032593,2914243.0535772215
2015-05-18,4476946.403362334,1600407.1094464061,1715267.2980759465,3686134.0250841323,2938655.1568919336
2015-05-19,4476946.403362334,1598878.1159634795,1713689.1693146585,3691032.550640992,2947680.8818413345
2015-05-20,4476946.403362334,1609886.794382666,1725549.3697466091,3705390.177435868,2955138.2030589557
2015-05-21,4476946.403362334,1609456.764965593,1725149.4496564819,3709200.943687276,2950761.519859055
2015-05-22,4476946.403362334,1616709.9651291682,1732985.3140282508,3721457.6529299445,2949981.707788615
2015-05-25,4476946.403362334,1599757.2125582774,1714995.2339708703,3716522.867911136,2938654.221770157
2015-05-26,4476946.403362334,1593851.4005725887,1708724.4226619913,3720219.3087143376,2931863.958446728
2015-05-27,4476946.403362334,1592943.560692101,1707811.5441518144,3722427.3862085547,2933245.6669821874
2015-05-28,4476946.403362334,1589962.0980582791,1704675.3675600535,3706377.7409142344,2924568.100609337
2015-05-29,4476946.403362334,1611874.5605683555,1728229.8936331093,3778220.9410135075,2956051.6780355764
2015-06-01,4465754.037353928,1611826.779522014,1728362.0123510403,3786626.310727121,2952493.5342245684
2015-06-02,4367853.31760761,1574184.833885273,1688058.2436235552,3696970.6743355934,2890568.4614297953
2015-06-03,4262359.541358703,1554814.3790339755,1667345.5292673113,3636629.3156940276,2825528.8152193525
2015-06-04,4283670.426396287,1553963.8390801551,1666492.361309207,3646863.6463873405,2825832.284407978
2015-06-05,4306619.242492889,1550915.464316984,1663282.0590584772,3659244.0252364953,2830603.311707584
2015-06-08,4224293.511755221,1537431.5970460116,1648996.1911079881,3593158.3469384997,2791115.5818407726
2015-06-09,4177865.4705812368,1533274.6460143048,1644595.7448853028,3577849.4189810287,2785212.2824837966
2015-06-10,4242859.157306268,1552778.9251243006,1665575.001019545,3621741.9830391305,2816986.044105761
2015-06-11,4183825.9974961095,1522371.048568127,1633015.999768468,3565477.917189307,2774630.5693200747
2015-06-12,4169201.47983493,1525725.240692355,1636671.8485327256,3552053.50751409,2772650.3591993665
2015-06-15,4165888.6553588817,1531650.0904386954,1643201.8522117569,3556393.3042894853,2780124.800973186
2015-06-16,4178804.4732450168,1538033.6195654424,1650108.6520517091,3560235.0048242155,2791758.5975881983
2015-06-17,4275093.001436924,1546490.8647678804,1659240.8427829482,3621412.318123981,2824840.956014662
2015-06-18,4322179.228520881,1562363.7843559254,1676330.2875092304,3669154.5575605338,2852159.3175805886
2015-06-19,4372173.397439275,1571986.9057535657,1686715.012477182,3685132.927059125,2865493.2361691846
2015-06-22,4469448.1888678325,1596479.3581213688,1713176.7321792468,3733969.841902874,2906825.7505295738
2015-06-23,4464127.947553779,1601916.8785239689,1719072.5073503205,3744957.7118746005,2922934.541678313
2015-06-24,4462692.884260525,1597960.5705579538,1714887.4981650377,3743616.010876512,2905415.4280584753
2015-06-25,4495741.857446487,1605060.908702179,1722568.3000877998,3743163.04613022,2914953.5066699977
2015-06-26,4533310.18459045,1601830.8353116116,1719162.5443989441,3766696.591484798,2915963.3330618776
2015-06-29,4464155.973183813,1589847.4982049444,1706482.4736686377,3711776.3116320036,2876291.538062128
2015-06-30,4541536.2691277545,1599422.7452338873,1716820.8938276926,3766505.867705249,2910921.2112624426
2015-07-01,4622307.122328018,1615582.257777625,1734227.8457271166,3813746.4460271564,2951786.035936074
2015-07-02,4648286.033213419,1614024.707653721,1732617.1807295096,3832776.4665516308,2963935.7365362546
2015-07-03,4631103.43883196,1621669.675068354,1740885.432950963,3834373.8526339205,2965546.0552007942
2015-07-06,4723637.270123495,1628789.0509732307,1748713.6919794583,3862618.668599644,2995336.763867567
2015-07-07,4723688.632087472,1626619.6794825015,1746446.3517525818,3879039.4758555503,3010470.553582104
2015-07-08,4681386.015608118,1598381.081094701,1716188.2148907324,3831067.378909959,2972369.066480724
2015-07-09,4678189.33974146,1591787.2966995803,1709168.8817388336,3821447.5502573457,2971345.717380003
2015-07-10,4671640.190686915,1597903.2706312865,1715796.5339650742,3827453.877607517,2976856.6278464957
2015-07-13,4795257.804702026,1616843.7893878669,1736318.6766876315,3871419.9679264827,3013855.9684516895
2015-07-14,4816748.467477191,1615782.900843317,1735240.756664015,3883086.674626689,3028142.4875983903
2015-07-15,4809396.217492778,1629104.2938922571,1749608.895044908,3903202.854221069,3043142.2551021115
2015-07-16,4816672.605524833,1645206.5065093278,1766964.66945514,3938440.419932914,3068739.5291624507
2015-07-17,4881028.847634876,1645550.4927140437,1767396.6121390222,3978305.7797285095,3082354.115813228
2015-07-20,4929611.303681901,1644327.4099145296,1766270.3354944456,3989859.2968443837,3092753.75700176
2015-07-21,4837669.389243226,1630184.220197459,1751140.2141734206,3923536.263237267,3042303.202379925
2015-07-22,4919735.097564176,1650070.6543558303,1772564.8584800572,3957707.4696482043,3073663.85520774
2015-07-23,4968285.10156561,1641718.4901264014,1763655.0317156368,3961615.6863310756,3080771.370592699
2015-07-24,4966966.536094553,1628674.264475184,1749703.8360373059,3932192.9173145806,3061522.64391943
2015-07-27,4904526.124336332,1597989.3138436435,1716920.7694047026,3900857.6536930045,3021288.188359518
2015-07-28,4927668.202626906,1593402.3333948639,1712052.9415158157,3904813.7264934774,3014984.3498251834
2015-07-29,5003522.118785375,1600674.5713190911,1719927.5172692407,3947093.0127834436,3042395.475737853
2015-07-30,5053489.884429882,1609609.6269849432,1729589.411465838,3974613.9421934495,3077168.3819191074
2015-07-31,5083177.91596375,1630833.9304408755,1752457.7382198775,4011534.2806985127,3113167.793302714
2015-08-03,5106551.231335182,1632783.4344605491,1754738.7787384156,4039698.968655788,3139557.925620368
2015-08-04,5168971.510337688,1627785.6490000603,1749429.5637204088,4101390.948947287,3175506.5885153543
2015-08-05,5214987.649325521,1637542.501334043,1759977.779052803,4141367.209104536,3210897.2094812775
2015-08-06,5132103.248803134,1641498.809300058,1764292.2800758644,4138480.4026611173,3209612.028155323
2015-08-07,5157116.284369248,1636902.12332624,1759413.952304179,4142443.8190070605,3205791.5642731423
2015-08-10,5213778.8935113065,1629448.2800969733,1751588.048567137,4134871.4652044326,3196087.999758274
2015-08-11,5157449.025499733,1617359.6753725847,1738654.7917302758,4107780.853110947,3160582.4986484605
2015-08-12,5018023.869010844,1595781.866831611,1715519.4033822932,4017578.5402896153,3085779.1361348876
2015-08-13,4986592.940778744,1597004.9496311247,1716894.9716646809,4006944.2567521306,3058914.762811921
2015-08-14,5132555.1533603445,1628100.8919190865,1750387.2393575304,4073384.703840347,3124335.4687299295
2015-08-17,5143095.371343254,1620217.0192727463,1742096.0163809138,4090045.5810535075,3143344.6652376032
2015-08-18,5204578.891996999,1618162.4342800637,1739948.4057316931,4116451.500306,3164348.908834912
2015-08-19,5214075.63847278,1623628.6979683535,1745887.8089953694,4159339.9352479014,3170844.376365222
2015-08-20,5136228.091425697,1600235.023021692,1720793.4430193666,4092094.7779731513,3110389.7015456506
2015-08-21,5117668.777299922,1586321.2196560025,1705891.7261514077,4077799.783356859,3087796.0921489457
2015-08-24,4502527.981151366,1492488.7635217095,1605156.8362680646,3735315.090240704,2829338.9494194044
2015-08-25,4536461.432253017,1506192.4049413814,1619952.2513284143,3774813.699932508,2858887.861171955
2015-08-26,4520519.624267342,1489211.0024071569,1601744.9167922034,3770139.005061523,2860438.7310432754
2015-08-27,4628117.838898227,1519236.6305925988,1634097.250609442,3862585.909827146,2939746.465960982
2015-08-28,4675894.174332512,1529366.2124169874,1645050.8434370852,3863072.4310142277,2945486.5993653233
2015-08-31,4687742.472423737,1523508.18147764,1638923.5591781775,3881283.3274833215,2944068.8635922703
2015-09-01,4580015.874923413,1488064.257294962,1600851.1430449148,3818857.529221981,2876301.9246941213
2015-09-02,4580015.874923413,1474905.3384680536,1586750.9631210947,3817020.1934361737,2871130.157338836
2015-09-03,4580015.874923413,1495164.502116831,1608603.3114973388,3852500.071152013,2912656.2468040464
2015-09-04,4580015.874923413,1463065.1578556986,1574124.2397134122,3767222.4443984563,2845008.3851643195
2015-09-07,4580015.874923413,1444669.4550142384,1554497.051538432,3692656.682327536,2795113.8805090683
2015-09-08,4580015.874923413,1469410.5181387863,1581174.909401506,3709680.659089606,2821643.5657127267
2015-09-09,4580015.874923413,1494323.5743656927,1608039.733718809,3781697.0363999098,2883975.2937010215
2015-09-10,4580015.874923413,1488494.286712035,1601823.4883465883,3796054.670991673,2880313.151219318
2015-09-11,4580015.874923413,1488723.5797410603,1602126.8935415987,3814557.8653575713,2894566.0412203087
2015-09-14,4580015.874923413,1504577.3682460976,1619360.1279188555,3849664.5872339173,2929095.9962536367
2015-09-15,4580015.874923413,1496330.3783120338,1610540.9351231558,3846523.257753132,2913232.2153005074
2015-09-16,4580015.874923413,1509718.5901679674,1625008.4940176453,3829939.3315644856,2915545.2580830487
2015-09-18,4580015.874923413,1525534.116506989,1642147.9130314796,3877375.6192633053,2951027.9740122957
2015-09-21,4580015.874923413,1524616.7577461756,1641334.5469984487,3900497.3928122087,2977817.7929329854
2015-09-22,4580015.874923413,1493062.1360778068,1607421.0874167325,3850088.090844928,2934447.3878489654
2015-09-23,4580015.874923413,1499550.839499919,1614463.8745524972,3863446.6232096218,2944465.2741224063
2015-09-24,4580015.874923413,1503860.6525509758,1619161.2125270576,3887127.6346979938,2956172.65720404
2015-09-28,4580015.874923413,1489946.8491852866,1604407.570561999,3885994.762975591,2946939.931938909
2015-09-29,4580015.874923413,1499044.285750815,1614260.9741623476,3889071.0848971754,2944815.193327315
2015-09-30,4580015.874923413,1519227.0183899167,1636052.8077966745,3952871.3084252975,2983606.114424658
2015-10-01,4580015.874923413,1519609.2667606485,1636522.3211911668,3972546.040006501,2985240.5821618624
2015-10-05,4580015.874923413,1551794.5609117819,1671420.2385107789,4029622.4740684023,3039272.359902776
2015-10-06,4580015.874923413,1558216.3522045447,1678396.4283102397,4044637.735515692,3060527.821568588
2015-10-07,4580015.874923413,1562898.8947460074,1683499.651914752,4041632.515708403,3077465.312071337
2015-10-08,4580015.874923413,1553715.414968122,1673666.7152177007,4025278.8386616823,3071994.6295328313
2015-10-09,4580015.874923413,1565249.7782194205,1686151.1902978928,4018241.76063134,3077012.582810202
2015-10-12,4580015.874923413,1556438.934609585,1676837.671650233,4011825.452064819,3084518.2042428134
2015-10-13,4580015.874923413,1554164.575468203,1674446.5907695498,4019475.5916308644,3096484.579315043
2015-10-14,4580015.874923413,1549615.7638630827,1669604.7720442251,4027530.3444115245,3098368.5644461275
2015-10-15,4580015.874923413,1563300.2741997468,1684408.4581440527,4037576.7753193364,3114997.553295234
2015-10-16,4580015.874923413,1574509.7823293372,1696546.3553278716,4036667.280479158,3122264.3722389303
2015-10-19,4580015.874923413,1581562.1527825089,1704326.1376493094,4079423.7433680366,3144461.1205384964
2015-10-20,4580015.874923413,1579001.200685434,1701626.5724230865,4100879.6353658987,3161690.5070738215
2015-10-21,4580015.874923413,1577099.4777121018,1699637.2641725987,4091267.893683004,3156784.65213509
2015-10-23,4580015.874923413,1585461.1608218562,1708769.484109966,4073833.8371112687,3147889.0139692863
2015-10-26,4580015.874923413,1578790.8520947043,1701760.9229800499,4056523.0336781708,3130193.8057001196
2015-10-27,4580015.874923413,1573506.3803561667,1696124.828748785,4064973.6847803537,3128262.451016263
2015-10-28,4580015.874923413,1561713.980790153,1683473.0153299898,4053255.4476550412,3123756.05988865
2015-10-29,4580015.874923413,1550351.6106412122,1671283.878024346,4041437.3454475063,3113472.8179032933
2015-10-30,4580015.874923413,1541569.4169947102,1661875.4132050464,4015931.7980716624,3093723.888142486
2015-11-02,4580015.874923413,1538702.554214223,1658960.803536603,4009905.562941517,3090074.7115082596
2015-11-03,4580015.874923413,1540594.7583072295,1661059.6325209776,4037529.482855294,3099984.2691876665
2015-11-04,4580015.874923413,1536676.7125072302,1656893.8112441162,4021588.606220187,3094116.469130323
2015-11-05,4580015.874923413,1520478.9377974768,1639486.8299182013,3968313.6296782494,3052537.554849344
2015-11-06,4580015.874923413,1520259.0703264212,1639307.7227375153,3936635.215290126,3033106.385932856
2015-11-09,4580015.874923413,1512786.1893365022,1631422.7197189154,3943252.4097646317,3043850.1067236788
2015-11-10,4580015.874923413,1487586.4468315474,1604303.4809793243,3900671.976378894,3009626.3209362607
2015-11-13,4580015.874923413,1483553.7078558574,1600124.0756954167,3884507.9015248115,3021418.973422146
2015-11-16,4580015.874923413,1492030.0841413029,1609437.2170881086,3883811.1289027436,3043586.721748173
2015-11-17,4580015.874923413,1497945.3216849612,1615875.062532625,3916594.0217885757,3059758.5469660843
2015-11-18,4580015.874923413,1477733.9390825254,1594128.8566257765,3898728.0831774212,3037269.024869788
2015-11-19,4580015.874923413,1498939.204777806,1617061.5549959072,3947594.1036027963,3068069.421738779
2015-11-20,4580015.874923413,1501576.681206912,1619964.1603106714,3978283.1519751158,3090391.4158944474
2015-11-23,4580015.874923413,1500181.5119826838,1618630.7013315002,3987030.190675398,3097346.341119811
2015-11-24,4580015.874923413,1496808.1887754484,1615048.1435372122,3990721.9957785094,3102649.164136075
2015-11-26,4580015.874923413,1506784.8152581304,1625927.8612325808,3993857.57091695,3120437.510203333
2015-11-27,4580015.874923413,1518042.1044340625,1638133.203782673,4007516.888599052,3132054.7221929054
2015-11-30,4580015.874923413,1516618.1919241445,1636770.2793170211,4007592.826149664,3144791.920898603
2015-12-01,4580015.874923413,1520373.7635021117,1640881.4060951248,4016723.2323352015,3165968.828613465
2015-12-02,4580015.874923413,1515872.826265689,1636081.5714653577,4018579.3239651513,3175916.3561588326
2015-12-03,4580015.874923413,1503029.2436801633,1622276.8595975018,4004465.435962212,3162701.1568009835
2015-12-04,4580015.874923413,1487309.2794338246,1605366.4709658178,3975590.9866512204,3138871.2706383807
2015-12-07,4580015.874923413,1484155.7303752883,1602132.5628452515,3988017.207131791,3143766.6933573005
2015-12-08,4580015.874923413,1471981.1757608992,1589046.4342491026,3954913.6090552965,3097285.4254826643
2015-12-09,4580015.874923413,1454932.8610973253,1570697.8265162043,3871553.255034217,3031739.3364056097
2015-12-10,4580015.874923413,1468464.416092283,1585362.1114360166,3912257.577624013,3067572.302220343
2015-12-11,4580015.874923413,1454541.093846268,1570385.9496725805,3887304.3224540977,3043124.9795961673
2015-12-14,4580015.874923413,1462109.5369288696,1578724.6456383304,3893869.727848578,3063359.9601738597
2015-12-15,4580015.874923413,1471828.220419193,1589274.673103932,3940833.3214560165,3086067.597577425
2015-12-16,4580015.874923413,1481384.429687484,1599649.9994946723,3941463.7575424784,3094385.610932542
2015-12-17,4580015.874923413,1499245.0221388624,1618993.7342013156,4002280.9413172514,3147107.7808572426
2015-12-18,4580015.874923413,1483496.40792919,1602043.8876214144,3989794.906498613,3140268.782643021
2015-12-21,4580015.874923413,1497352.911368212,1617179.2305819758,4009106.0158274593,3164659.797132536
2015-12-22,4580015.874923413,1488112.0383413034,1607255.6885561154,4005519.4540027417,3161832.442636461
2015-12-23,4580015.874923413,1503373.3232072354,1623796.2680732673,4023500.643330796,3183783.711726556
2015-12-24,4580015.874923413,1502436.740041058,1622842.0499452844,4038841.2496989393,3196574.604718694
2015-12-28,4580015.874923413,1514687.8189874785,1636306.371059334,4065585.7510297936,3209927.796491209
2015-12-29,4580015.874923413,1515414.1468852824,1637148.9108483044,4069992.243883671,3208868.071112762
2015-12-30,4580015.874923413,1509164.3486948777,1630454.7162527002,4068389.429873076,3210061.0645743078
2015-12-31,4580015.874923413,1518739.6890461764,1640857.6434038992,4082095.295477254,3225612.9962556968
2016-01-01,4580015.874923413,,,4107300.951413034,3254360.448076321
2016-01-04,4580015.874923413,1489105.828111792,1609068.5878142926,4063985.153350998,3206573.7921728836
2016-01-05,4580015.874923413,1487834.8709435805,1607752.095445943,4073114.9537715786,3230971.2684296896
2016-01-06,4580015.874923413,1479492.3189168337,1598793.6830899878,4065895.347907283,3221029.5713182315
2016-01-07,4580015.874923413,1446485.1347752134,1563180.1861481534,3966747.490572988,3121716.209095812
2016-01-08,4580015.874923413,1452801.8450949676,1570062.017121731,3997611.4409387605,3157781.534944616
2016-01-11,4580015.874923413,1445634.6881437493,1562482.1285161006,3968002.1101494767,3134980.3746789335
2016-01-12,4580015.874923413,1435399.9320239958,1551474.9831661119,3941962.1961509995,3106847.18199065
2016-01-13,4580015.874923413,1445357.5207460262,1562293.0481790572,3894274.5024943016,3062539.733174441
2016-01-14,4580015.874923413,1440464.72293619,1557059.4632124917,3851767.633620049,3027738.2926160633
2016-01-15,4580015.874923413,1421543.4285849738,1536660.9725021224,3754259.0892777415,2936249.3785428545
2016-01-18,4580015.874923413,1404953.8866241626,1518889.1257673504,3639204.7898110454,2838158.887839983
2016-01-19,4580015.874923413,1421027.4492778997,1536320.507224015,3679255.9072605777,2881150.653324829
2016-01-20,4580015.874923413,1396983.9707654654,1510379.705148552,3619363.3278924157,2819485.5029052272
2016-01-21,4580015.874923413,1390772.434741076,1503717.1419811163,3621111.8775028493,2825341.3819227363
2016-01-22,4580015.874923413,1418609.7469974933,1533869.3647227073,3698872.9309152854,2886755.330859166
2016-01-25,4580015.874923413,1421228.0923435912,1536863.4804207461,3723427.5319802687,2903501.6686841235
2016-01-27,4580015.874923413,1421533.9097046477,1537302.902511501,3727739.4205121365,2911731.1026550434
2016-01-28,4580015.874923413,1419030.1642118844,1534649.5216567188,3722662.4895843114,2904128.270245892
2016-01-29,4580015.874923413,1445577.2948947258,1563414.9378937688,3779275.269901309,2942236.7024020697
2016-02-01,4580015.874923413,1444124.8257438305,1562009.771151007,3805507.8524540383,2953485.05093602
2016-02-02,4580015.874923413,1424935.882875217,1541308.9249892342,3769789.0741549106,2906703.548164693
2016-02-03,4580015.874923413,1407017.9904971712,1521981.51726373,3722616.825050696,2849021.8718486764
2016-02-04,4580015.874923413,1415083.4684485514,1530760.1338370547,3707189.6041913717,2846869.242322144
2016-02-05,4580015.874923413,1431348.1552876541,1548409.1401270765,3770219.06907967,2890997.383242283
2016-02-08,4580015.874923413,1411882.1383436737,1527513.1621560478,3761423.514281228,2882304.44041787
2016-02-09,4580015.874923413,1394862.5669657898,1509153.0802581846,3719743.5350050856,2844171.6801403174
2016-02-10,4580015.874923413,1379094.8216731094,1492146.1424522714,3677357.438910128,2798575.9866595655
2016-02-11,4580015.874923413,1333349.2292413285,1442701.5712427264,3555435.8760880213,2682856.2599790134
2016-02-12,4580015.874923413,1334228.4191584825,1443703.9187699226,3522329.0886165095,2658324.5114971036
2016-02-15,4580015.874923413,1369013.0208950622,1481499.8118808244,3616909.4291001162,2758968.518988087
2016-02-16,4580015.874923413,1347091.0395046598,1457828.1333114523,3542555.869695004,2697932.8616738864
2016-02-17,4580015.874923413,1358596.7527926248,1470331.6632498528,3551084.3215493066,2708603.636055859
2016-02-18,4580015.874923413,1374517.3601046554,1487614.232289327,3581316.4704074766,2726592.7934831413
2016-02-19,4580015.874923413,1378148.719626606,1491597.1302224996,3589139.8925101236,2737054.0366251855
2016-02-22,4580015.874923413,1382697.43790937,1496679.0677856295,3608365.8225584473,2750628.3475187435
2016-02-23,4580015.874923413,1358806.9147386423,1470871.1602451762,3568207.0103644324,2713224.814630288
2016-02-24,4580015.874923413,1341443.3571560422,1452126.9363378515,3543915.8624734865,2685825.3881403073
2016-02-25,4580015.874923413,1332250.265175475,1442226.3149944115,3506925.560273725,2661992.554713696
2016-02-26,4580015.874923413,1343555.2420753923,1454515.942171298,3497227.555154801,2658067.339181655
2016-02-29,4580015.874923413,1335394.202031329,1445834.280920925,3496060.395910888,2648982.8323432636
2016-03-01,4580015.874923413,1380356.1666386388,1494567.5512874234,3600585.0395403216,2732647.1203399594
2016-03-02,4580015.874923413,1408365.471997414,1524948.2864199486,3674208.25875213,2789890.6298164628
2016-03-03,4580015.874923413,1428767.9787852154,1547094.3968553406,3710568.5704226014,2836424.702016306
2016-03-04,4580015.874923413,1430631.439592532,1549166.9658336032,3733197.913407019,2860246.5058399895
2016-03-08,4580015.874923413,1430621.8273898503,1549375.7021257926,3752159.811751947,2871575.5385455014
2016-03-09,4580015.874923413,1439509.102009361,1559055.828163879,3770286.9939887174,2884123.7397678513
2016-03-10,4580015.874923413,1430784.3016118824,1549661.2596300251,3774513.699175331,2876825.910173725
2016-03-11,4580015.874923413,1435380.8942633441,1554694.7381945155,3786539.147414498,2875021.1189111373
2016-03-14,4580015.874923413,1440837.4524265958,1560770.4347944653,3812196.226959155,2890620.708301781
2016-03-15,4580015.874923413,1425901.1160047282,1544645.4437170983,3779976.3629687917,2873030.5752004134
2016-03-16,4580015.874923413,1433192.4850119632,1552598.916928721,3764443.220077831,2873186.5368195563
2016-03-17,4580015.874923413,1435829.961441069,1555511.1408039315,3762503.4927599686,2886170.2505176323
2016-03-18,4580015.874923413,1453375.217651065,1574574.5324058628,3781035.4601177387,2908428.550178349
2016-03-21,4580015.874923413,1472468.5051046396,1595429.2871151115,3825052.788616895,2946724.5207151286
2016-03-22,4580015.874923413,1474503.9590143142,1597691.2124542997,3846752.20242855,2963749.950858316
2016-03-23,4580015.874923413,1474809.776375371,1598079.090677773,3867825.009538235,2980042.731453446
2016-03-28,4580015.874923413,1455429.8026437478,1577358.1503478673,3813079.796522652,2925807.956952289
2016-03-29,4580015.874923413,1451970.436224155,1573664.6242236882,3801628.1327016107,2924170.528949655
2016-03-30,4580015.874923413,1478383.8359706542,1602348.476058982,3869058.0284848115,2983309.0477097877
2016-03-31,4580015.874923413,1478995.3773704113,1603067.9839026034,3904518.15092869,2993859.686914408
2016-04-01,4580015.874923413,1474150.3606069165,1597873.0238182654,3907381.88741089,3014712.6185895693
2016-04-04,4580015.874923413,1482894.2920874027,1607521.3468264078,3910655.940026155,3031126.721191784
2016-04-05,4580015.874923413,1453155.4435023656,1575338.860032091,3880928.23264512,2982670.8563040853
2016-04-06,4580015.874923413,1455286.4595047233,1577704.8458623192,3901643.915067637,3008033.357900436
2016-04-07,4580015.874923413,1442309.1459828552,1563691.1788573249,3893729.7322706874,2995983.4822359113
2016-04-08,4580015.874923413,1443981.482604806,1565559.6176254686,3932178.7815225353,3016254.4894236703
2016-04-11,4580015.874923413,1466190.056950901,1589806.726020582,3962389.519011162,3043389.7569142305
2016-04-12,4580015.874923413,1473366.8261048014,1597645.07531948,4006284.99155916,3072391.335048063
2016-04-13,4580015.874923413,1500410.8983340655,1627027.8456651377,4049687.2737010624,3108143.7771013314
2016-04-18,4580015.874923413,1512690.6272438194,1640633.8991253183,4097218.9337840313,3138620.551417326
2016-04-20,4580015.874923413,1512700.1461241452,1640760.2624260953,4106576.1696379716,3156211.050670164
2016-04-21,4580015.874923413,1512184.073494715,1640258.5037600258,4077621.9219932025,3147454.2363583855
2016-04-22,4580015.874923413,1509747.2401313009,1637673.194312474,4083475.1290583676,3149562.071786687
2016-04-25,4580015.874923413,1501289.9949288631,1628672.1118731075,4074230.875333051,3136668.8533823504
2016-04-26,4580015.874923413,1521854.975938697,1651040.383689153,4113653.4936629515,3164793.6964413146
2016-04-27,4580015.874923413,1525151.8681362572,1654675.6512942754,4119112.019543633,3174034.313603513
2016-04-28,4580015.874923413,1499799.263611952,1627227.5146331426,4091706.2718840176,3136787.070281626
2016-04-29,4580015.874923413,1500286.5929556927,1627813.8120715176,4083271.994479439,3135558.826386078
2016-05-02,4580015.874923413,1491896.2598826042,1618882.0196957272,4093959.5155799775,3144416.2259251727
2016-05-03,4580015.874923413,1480639.0640290286,1606723.4619787133,4085289.1745295078,3132547.071525925
2016-05-04,4580015.874923413,1472908.0534020385,1598390.6365266389,4051635.6553908326,3094005.040036163
2016-05-05,4580015.874923413,1478441.1358973216,1604451.839895741,4063872.6392813087,3094399.2505801558
2016-05-06,4580015.874923413,1478049.368646264,1604083.4051962174,4083955.990810138,3094104.61804064
2016-05-09,4580015.874923413,1503392.360967887,1631760.508800018,4131060.205092824,3131346.8033144926
2016-05-10,4580015.874923413,1507549.3119995939,1636330.2678651537,4131683.418758694,3130760.066290335
2016-05-11,4580015.874923413,1500105.0809730089,1628307.700868682,4132989.341411175,3120493.8916252176
2016-05-12,4580015.874923413,1509957.4953996744,1639060.08709821,4159657.4879249744,3146093.4670759807
2016-05-13,4580015.874923413,1493616.3775508965,1621379.1257328151,4143032.6400245,3134520.1153515414
2016-05-16,4580015.874923413,1502379.4401143908,1631064.801021937,4157247.312129953,3134485.2644471233
2016-05-17,4580015.874923413,1508113.1656753654,1637347.545222302,4168113.235121929,3145151.46746455
2016-05-18,4580015.874923413,1504175.9887923582,1633130.7316725566,4173649.102106608,3156264.167186141
2016-05-19,4580015.874923413,1487595.965711873,1615186.400423289,4132746.6227627783,3118298.7648951164
2016-05-20,4580015.874923413,1481155.1366584585,1608250.0154216015,4103045.3803603663,3093904.384507433
2016-05-23,4580015.874923413,1477590.5959435012,1604549.8233935141,4062644.812928002,3083689.0094265467
2016-05-24,4580015.874923413,1480992.6624364264,1608301.0789897484,4038849.88665649,3069054.5431174184
2016-05-25,4580015.874923413,1516551.2797947952,1646974.610449242,4077291.0019392655,3105877.164180694
2016-05-26,4580015.874923413,1542305.2637728401,1675002.667266254,4111630.3173624626,3133877.6262728707
2016-05-27,4580015.874923413,1558933.0678996665,1693120.9725271293,4155241.5549279135,3160391.4581723283
2016-05-30,4580015.874923413,1563109.150014381,1697836.6289474037,4185083.9165518866,3172145.535668455
2016-05-31,4580015.874923413,1559592.483668121,1694076.7602163118,4178280.3026174237,3167200.4195580925
2016-06-01,4568565.835236104,1563386.317412104,1698257.79165891,4191771.18614222,3173153.1700712587
2016-06-02,4568527.268842088,1570840.1606413708,1706415.0114304784,4218618.143453645,3184015.0327404058
2016-06-03,4595800.829231957,1571193.6657264128,1706859.3846423423,4210322.974688655,3176321.0323081957
2016-06-06,4594113.9327981295,1567418.9630654377,1702939.4048837107,4212587.254670646,3179348.7815083945
2016-06-07,4623810.420612401,1579918.5594462475,1716580.4293594963,4245298.191964221,3208767.166107851
2016-06-08,4632947.328286307,1581179.9044117772,1718011.6322494235,4249459.722959168,3232664.5011699884
2016-06-09,4625923.781682284,1567906.2924091783,1703649.5965066182,4239475.67676116,3237963.082302652
2016-06-10,4643157.5908538485,1561494.1133190973,1696742.2759045835,4229802.28163646,3234230.3449881524
2016-06-13,4628142.732319861,1550131.8364925128,1684574.5640235993,4210777.972584382,3217419.1812711763
2016-06-14,4613299.31757888,1549797.3691681225,1684270.6476931015,4214605.377517133,3236128.8554260596
2016-06-15,4630651.492908961,1568479.6649652757,1704634.2538815783,4231714.6373921,3264753.8816794776
2016-06-16,4569331.420621643,1555894.2120168211,1691016.096765518,4206789.401108358,3251967.3969097096
2016-06-17,4546173.772299518,1561522.8566047873,1697193.5781859793,4213143.556230331,3261105.0127924737
2016-06-20,4562495.518119763,1574576.6011363303,1711563.045815976,4222959.425040575,3278548.857724241
2016-06-21,4608605.55311654,1571021.765946411,1707759.333755787,4215820.253945494,3286092.3449339876
2016-06-22,4587379.160404377,1567925.516814542,1704453.8683322757,4204521.833490622,3277435.551538515
2016-06-23,4585670.994152643,1580683.0561877107,1718383.046097898,4211354.4266585605,3275813.0735373367
2016-06-24,4546385.2189687,1545927.1044144647,1680658.787868421,4188907.2680303976,3229688.607615827
2016-06-27,4635027.207605242,1547092.9806096675,1682104.715108703,4229864.428629722,3273190.559665499
2016-06-28,4615089.023432891,1553428.7286900731,1689053.0997697348,4253199.890790829,3298728.87597299
2016-06-29,4677424.973119296,1567982.8167412095,1704938.143947149,4303652.22255275,3349663.877766308
2016-06-30,4728619.666213794,1583989.467265597,1722403.801782568,4343312.696497538,3381449.07801055
2016-07-01,4763744.505783848,1591749.0345335645,1730902.6344766235,4376984.972756365,3408634.4491913635
2016-07-04,4798748.320040692,1599843.2557706346,1739889.0389964979,4405266.115514662,3440410.7573999986
2016-07-05,4776612.8541092165,1593201.6903291722,1732727.3624085574,4405528.661417567,3443135.0432121446
2016-07-07,4812391.75590691,1593574.419819578,1733255.3147579778,4405741.51176924,3447914.675994176
2016-07-08,4804038.75663825,1590764.856965758,1730260.6720996175,4412041.518788598,3442064.766934096
2016-07-11,4843036.056759209,1618420.563917135,1760528.2977713654,4458235.6848135255,3486889.042716408
2016-07-12,4817783.3521604445,1628578.7023825012,1771641.0350210338,4460988.588942951,3497885.077380454
2016-07-13,4799657.772464792,1628282.4972241265,1771381.4494690697,4447384.677663911,3486757.903606483
2016-07-14,4832385.72924002,1636978.6476582715,1780904.8233895171,4474851.542582436,3514857.506632591
2016-07-15,4837142.773415809,1632468.191541523,1776060.6048524682,4467100.261877565,3505167.566843536
2016-07-18,4799644.166618989,1626218.393351118,1769448.7799451726,4453090.139845263,3486045.7532613105
2016-07-19,4784200.063711629,1630012.1337727446,1773639.3764213903,4463522.220603905,3491624.6957380357
2016-07-20,4841354.591338461,1637141.0285579476,1781459.424284598,4519782.40420391,3533565.1411959007
2016-07-21,4788051.139488744,1626485.8552238028,1769927.5569987379,4512836.187586432,3526732.4176610406
2016-07-22,4795503.135465653,1632429.9293755074,1776458.6653051206,4530564.572541649,3552668.5549238557
2016-07-25,4847709.053556941,1650481.6460122517,1796293.6340014676,4581506.425873599,3588141.8765441133
2016-07-26,4769499.191891017,1641881.0576707895,1786996.4176051226,4569768.869378746,3571238.4206136316
2016-07-27,4759939.764197988,1646687.7189459128,1792291.2880455242,4587964.321880708,3581851.406331483
2016-07-28,4798575.360034533,1656339.4903068868,1802860.2420731522,4625120.720303409,3605311.158615876
2016-07-29,4815604.8922881605,1651026.2752826593,1797140.567581545,4667126.517811242,3616141.7308476875
2016-08-01,4832088.332815976,1650653.5457922535,1796925.474161768,4686011.27106708,3622576.7920883796
2016-08-02,4780810.519357459,1648044.8126488375,1794149.0141204768,4668781.090626134,3599932.664155239
2016-08-03,4722777.110966206,1633127.4206652653,1777972.0225938933,4614184.612526848,3556778.0930201896
2016-08-04,4765090.602522866,1634321.9468238016,1779335.414116173,4625623.469408601,3574385.012738187
2016-08-05,4874614.236696361,1659560.0448171285,1806876.7847019583,4696148.515987153,3637594.424291736
2016-08-08,4930394.963203387,1664949.5975286749,1812937.0810314901,4739890.901354951,3660746.103575381
2016-08-09,4871916.166698553,1658623.461650951,1806112.5203806988,4721528.432798309,3641485.209016624
2016-08-10,4819162.814731372,1638947.189438597,1784749.695948334,4660929.134419514,3598070.3414326916
2016-08-11,4810568.477865088,1642167.7439488384,1788319.9931559693,4685267.946529983,3593040.55869389
2016-08-12,4840888.011038667,,,4701118.967886828,3605019.457233084
2016-08-16,4794719.296027403,1651800.2909044484,1799127.914761656,4719272.446904476,3606067.1088690916
2016-08-17,4864033.010178689,1648264.4934751808,1795340.2388992468,4739000.131502066,3627536.137670048
2016-08-18,4906845.665851747,1657667.8407241215,1805646.5045275283,4773217.537978694,3653153.4585950454
2016-08-19,4960009.4864556305,1656454.2768049338,1804388.413654921,4785618.514887627,3671148.7853467055
2016-08-22,4999442.468361903,1649239.3388073738,1796719.7265310206,4778822.168602006,3663534.8328745984
2016-08-23,5003780.987153476,1649898.5679311163,1797501.4694607484,4773270.123215484,3656819.452716592
2016-08-24,4970324.290503909,1653281.5033410338,1801250.7443326437,4801882.642895403,3676844.08106463
2016-08-25,4953624.199364899,1642177.2628291643,1789215.9410081832,4796898.594031681,3669085.559196147
2016-08-26,4937524.660906214,1638421.597928841,1785187.1260745295,4798596.3843151815,3658176.4765377636
2016-08-29,4928411.53196166,1645091.906655993,1792645.1118515686,4806931.644426004,3663573.4003459536
2016-08-30,4964299.993779987,1671256.6956457468,1821221.1010435552,4847515.543534261,3704608.1691478835
2016-08-31,4978765.699461168,1679255.354790134,1830002.204709683,4854579.188592882,3715223.580457266
2016-09-01,4982541.303567068,1677047.907778101,1827661.224940541,4863768.320566241,3700769.9392072572
2016-09-02,4967959.602401749,1683737.254265905,1835016.2222173905,4875709.337157888,3721289.325933708
2016-09-06,5046365.203389649,1709223.5897265524,1863055.9439919607,4932966.838203662,3762900.587193797
2016-09-07,5075838.518887569,1704435.966212081,1857903.1274161523,4944581.276801663,3776037.4911152506
2016-09-08,5108584.046153523,1711039.269487528,1865166.9473059683,4965074.304517678,3805505.2585212863
2016-09-09,5051807.547150045,1694640.8517120825,1847356.712674688,4929686.778390974,3782162.149675981
2016-09-12,4920255.22848945,1665761.8753164792,1816067.9040349044,4812941.461117327,3687580.5836501513
2016-09-14,5020680.413747975,1667864.2413555037,1818488.580807707,4854015.434715585,3725158.62297925
2016-09-15,5022897.609573005,1670912.7094410309,1821876.7805067333,4862432.942307788,3724289.201000928
2016-09-16,5008739.8854631,1678041.6042262337,1829714.461091152,4875896.468315599,3729349.3283558604
2016-09-19,5054717.727408008,1683498.3490341976,1835859.1762178163,4898515.642252722,3745347.6793920775
2016-09-20,5060875.413196402,1677286.8130098083,1829150.1631287618,4900090.560615321,3740275.8540388867
2016-09-21,5064306.036347338,1677525.7182415158,1829475.3931378766,4907350.69760197,3744168.493135046
2016-09-22,5156932.531322444,1694784.194851107,1848362.4982661954,4970274.760092527,3786197.8505163253
2016-09-23,5143358.753701334,1687922.761938589,1840944.3942207627,4974990.13283385,3787029.279451678
2016-09-26,5142333.8828628315,1667185.7878263975,1818520.3860599021,4949591.456209117,3765990.6142509454
2016-09-27,5135615.213805908,1664003.6821268837,1815113.6188949507,4959120.446601456,3765939.7685985574
2016-09-28,5162932.269475446,1671409.7443098093,1823256.7075641225,4994786.84349689,3797421.3494816558
2016-09-29,4918609.243763413,1641995.6575241243,1791233.7035001034,4859510.416317753,3656394.8920402112
2016-09-30,5047913.306538179,1645799.103470789,1795446.3285431212,4918971.8510500165,3718973.95867754
2016-10-03,5207045.989581814,1670062.1694872105,1822108.8510023714,5039447.374894588,3810011.085479323
2016-10-04,5222035.620982654,1675996.724758589,1828648.3679828295,5054407.074935332,3835513.044010833
2016-10-05,5279379.273966439,1671180.3579584279,1823457.8023915319,5065520.494642306,3861258.668342761
2016-10-06,5294113.881158938,1664605.6113239587,1816348.196685499,5043906.125086306,3855887.135350712
2016-10-07,5306576.9601813415,1662321.6399798945,1813920.1664168292,5033256.3626074,3859722.944860349
2016-10-10,5303192.759073715,1664462.2681849343,1816448.7065658283,5046670.535392864,3873555.7332413783
2016-10-13,5233487.544091618,1638574.459948191,1788386.7307743146,4995234.324907899,3821275.9423511922
2016-10-14,5271570.911383097,1640495.4073268876,1790546.6247722453,5031153.590500939,3850146.90857277
2016-10-17,5239886.4169961875,1628454.5836488407,1777593.034350067,4986256.189164689,3825269.708550534
2016-10-18,5304886.355484108,1658556.6428439578,1810515.9483822999,5058819.570423561,3880691.1286031962
2016-10-19,5342327.06077846,1654963.3588433103,1806657.3297660896,5064312.947101435,3895255.068746775
2016-10-20,5408659.34166318,1662665.812829323,1815129.9775789594,5071008.464961727,3912658.562922794
2016-10-21,5447444.501751237,1661452.0622654224,1813869.0699293856,5093350.201325305,3926131.529588704
2016-10-24,5478629.641146075,1664491.0114706242,1817379.596020671,5089150.259685882,3937794.884585985
2016-10-25,5499889.872498705,1661117.5949410324,1813760.4592052128,5089591.682653131,3937191.481015368
2016-10-26,5462039.248626093,1646582.6379729041,1797953.440176389,5054868.068746935,3910308.407345324
2016-10-27,5387909.291187918,1646582.6379729041,1798017.0217842383,5008269.42410919,3877402.982752777
2016-10-28,5442538.881376248,1650930.7131899765,1802828.736429357,5062684.207504411,3916974.8771453006
2016-11-01,5461260.80457372,1648685.004011928,1800631.0878198324,5088178.282713644,3948243.4982312117
2016-11-02,5340990.859514024,1627231.3142046144,1777263.031062437,5003462.333612715,3881427.9852018245
2016-11-03,5324256.697592327,1621679.1939486798,1771261.637424099,4961573.019579993,3845300.5464434475
2016-11-04,5162459.705596825,1611893.5983290072,1760635.685705693,4873106.928021542,3777132.244915768
2016-11-07,5233787.515157309,1623991.7219337213,1774038.3925998483,4917586.003184526,3816056.206462369
2016-11-08,5209567.689349445,1632878.9965532322,1783809.874983124,4912805.811430631,3827650.980953388
2016-11-09,5065881.824311813,1611559.131004617,1760581.6215110086,4825230.848630157,3747988.9833074724
2016-11-10,5160465.119820852,1629477.023382663,1780219.351628354,4860261.70100555,3826350.3771117115
2016-11-11,4977360.206279168,1585623.5417215326,1732370.2604914827,4676868.587321995,3707962.6448906707
2016-11-15,4644360.143870054,1549720.9381584476,1693384.4466374086,4466165.193084719,3560755.181381443
2016-11-16,4682387.7892087875,1550322.9606778785,1694102.1853088222,4507949.720306531,3567641.4437533207
2016-11-17,4646927.992957706,1544273.8988755215,1687551.799973794,4506083.288032281,3546796.9286705055
2016-11-18,4608258.344833573,1543155.8037266603,1686389.6020658007,4531141.8363702595,3562401.641716978
2016-11-21,4336246.681494194,1515442.7968486159,1656280.0106972705,4407882.586388146,3462966.950074429
2016-11-22,4417211.846252846,1529433.0312239805,1671629.5355192553,4464803.350563506,3502538.3698189263
2016-11-23,4491776.800998107,1535357.880970321,1678164.5817401265,4518432.177211517,3548936.0558101847
2016-11-24,4484357.973450723,1522399.6985314607,1664059.9774999116,4493181.239596489,3551346.7959076953
2016-11-25,4564632.677201275,1550838.9399849528,1695205.4547865028,4563532.627151258,3611682.8569826283
2016-11-28,4592988.672738372,1553247.1233850333,1698017.9442287597,4600349.131193307,3646305.243096714
2016-11-29,4646877.424054218,1556161.7672118621,1701264.4084616196,4649581.420475308,3671362.707015379
2016-11-30,4670441.5736293625,1571900.8625412087,1718531.8497654325,4721056.776533534,3715266.81137866
2016-12-01,4632727.989405155,1565861.4129415338,1711989.564149988,4689833.955801231,3692366.4673373313
2016-12-02,4530015.519241536,1545583.0248873925,1689878.5290929067,4634734.998963609,3643549.832055546
2016-12-05,4529756.349948657,1553600.7217924313,1698824.9730636177,4654703.509418656,3662849.905634517
2016-12-06,4558386.912590528,1556352.891397228,1701894.586763812,4657075.7037736485,3680124.464459257
2016-12-07,4520696.964422936,1548497.6687142213,1693364.6670721418,4649884.501162906,3668610.3004358388
2016-12-08,4628729.798640886,1576172.41342625,1723689.4274828401,4715520.716695296,3723066.051381365
2016-12-09,4657947.535516937,1579020.2384460857,1726864.8514547849,4707726.027621159,3742786.7343726396
2016-12-12,4609480.085206001,1561637.4564581218,1708035.7017904634,4637498.767865462,3710499.0070789214
2016-12-13,4585008.311922855,1571384.7899117786,1718757.5937153148,4625060.947635169,3709227.198456979
2016-12-14,4512479.902817243,1563864.1278755185,1710592.094167807,4606402.248156566,3681716.143743083
2016-12-15,4527688.146722926,1558350.1764632433,1704621.0807883658,4607856.132454501,3687843.504643038
2016-12-16,4506747.936610329,1555645.787904788,1701723.0275587619,4605528.807444173,3681794.987321918
2016-12-19,4452055.653049817,1548937.3103339765,1694564.378454438,4576517.264985987,3660791.773802266
2016-12-20,4404201.253964264,1544742.0971362542,1690034.5053161515,4529465.774341143,3630169.205980196
2016-12-21,4414239.881888887,1540709.3581605642,1685682.0718747734,4522374.350442316,3627827.6376867234
2016-12-22,4330541.644285944,1524999.006116907,1668552.4611272991,4460608.827505195,3579632.7291172454
2016-12-23,4332546.88797028,1526269.9632851186,1670002.1126450396,4471558.508279692,3575450.7511694874
2016-12-26,4208146.617010709,1511457.8389192675,1653970.5557089704,4378337.967774483,3507164.8397391587
2016-12-27,4264308.704270994,1535271.9310803202,1680089.4484245135,4439582.107539247,3558543.534244207
2016-12-28,4266681.584960582,1535654.1794510519,1680567.181455975,4479677.259052317,3579050.3394875126
2016-12-29,4311043.459149396,1548793.967194952,1695006.8527419185,4524524.499868444,3615316.7531954744
2016-12-30,4319759.1368878195,1564504.319238609,1712260.8794290568,4566236.7437573895,3645598.816676521
2017-01-02,4402935.567611484,1563300.2741997468,1711124.641024488,4617771.238096833,3689146.0024882494
2017-01-03,4402935.567611484,1565737.107563161,1713852.5046893803,4642475.842072257,3718462.2395886714
2017-01-04,4402935.567611484,1565402.6402387707,1713546.9920406933,4643378.584006377,3736629.6533926483
2017-01-05,4402935.567611484,1581323.2475508014,1731035.484178134,4686422.879422114,3780510.338903067
2017-01-06,4402935.567611484,1575589.5219898268,1724819.9096946926,4686572.192305003,3774365.385471624
2017-01-09,4402935.567611484,1574108.3095532416,1723381.226231068,4685110.094354142,3788608.798194482
2017-01-10,4402935.567611484,1584151.8481652732,1734438.528390211,4715044.471688477,3815202.176552612
2017-01-11,4402935.567611484,1601744.9787439671,1753762.7158982058,4760379.632408429,3860719.284673221
2017-01-12,4402935.567611484,1606819.2885364871,1759380.8314973044,4743687.944145113,3858749.058411621
2017-01-13,4402935.567611484,1605509.9758799039,1758009.3713055092,4742888.139961547,3859693.6471875003
2017-01-16,4402935.567611484,1607889.5093166507,1760801.7149577476,4754369.035150895,3875358.2668516487
2017-01-17,4402935.567611484,1605060.908702179,1757766.2693167836,4766267.907947563,3884344.0240821573
2017-01-18,4402935.567611484,1608692.2682241297,1761805.4171704138,4797919.501986383,3910833.2299398785
2017-01-19,4402935.567611484,1612151.541321366,1765656.3764591648,4808720.607841307,3926388.0488968072
2017-01-20,4402935.567611484,1595762.6424262468,1747768.7743855482,4759270.6086919345,3876626.908238006
2017-01-23,4402935.567611484,1603818.6014973014,1756778.4761222485,4773374.4667933425,3897887.508723257
2017-01-24,4402935.567611484,1619930.3329946976,1774489.57019638,4811322.777474615,3934566.277501033
2017-01-25,4402935.567611484,1644193.5856558313,1801131.4967608931,4852735.211410341,3973494.348898391
2017-01-27,4402935.567611484,1651551.8667924155,1809320.08454374,4887646.861990012,3993449.2447555293
2017-01-30,4402935.567611484,1649927.311216806,1807732.108310819,4884686.591327003,3988691.082928562
2017-01-31,4402935.567611484,1636271.4508434755,1792833.5521781736,4846896.0937616145,3946723.749463112
2017-02-01,4391928.228692455,1665914.923980542,1825377.928076726,4921765.158918986,4017493.9828005554
2017-02-02,4452922.189555497,1669326.416031437,1829180.655098209,4962282.301020451,4051464.845779302
2017-02-03,4499731.563413288,1670606.9854023305,1830648.5869679258,5006350.270672065,4091745.046969874
2017-02-06,4523036.546745141,1682093.4742849313,1843431.0196762115,5079818.881066633,4135447.264067234
2017-02-07,4510249.78533974,1675834.1572142008,1836636.2891490548,5075543.388472342,4125169.0594050325
2017-02-08,4527025.626340923,1675977.500353225,1836858.341679594,5091534.853412983,4143877.4282174595
2017-02-09,4514757.868219459,1677764.6234732228,1838882.041437997,5099431.922212346,4154369.4982633814
2017-02-10,4474521.236725708,1680660.0428946877,1842120.652091417,5111322.8249920225,4151921.113655141
2017-02-13,4447198.4256100645,1682857.9710263947,1844725.4276755021,5091913.005927962,4126662.15020136
2017-02-14,4432406.281423231,1680421.1376629805,1842119.3461000002,5072873.262289203,4110866.4243088686
2017-02-15,4375262.809054387,1667501.2173901359,1828020.8515303342,5009302.702757524,4049227.473431805
2017-02-16,4515290.53124574,1677688.0991411917,1839253.3987828798,5079335.986330833,4103997.8543691575
2017-02-17,4528307.285543679,1686040.2633706206,1848475.2619367575,5079770.052548669,4116945.7983648013
2017-02-20,4555753.677672629,1697029.9040291554,1860721.0467036045,5106438.826750313,4147352.617675091
2017-02-21,4565502.874538319,1702505.4999530588,1866790.8181282335,5129004.544790244,4174133.45506785
2017-02-22,4532860.014562132,1706146.5650000477,1870849.3892423643,5095932.496792908,4153343.438196525
2017-02-23,4528347.528719683,1708554.6550777722,1873556.197076799,5100932.621538619,4155023.546327863
2017-02-27,4570845.009642994,1700374.577273057,1864849.9042632235,5112784.466346562,4154791.1309263944
2017-02-28,4606335.429361247,1697106.2417164743,1861331.2468016245,5121786.970144794,4173315.58558518
2017-03-01,4642860.139257555,1709758.7001166344,1875274.367621645,5129074.5550267305,4205210.997974861
2017-03-02,4613868.98182744,1700957.4687094807,1865687.0948216324,5083334.655886023,4154261.847502019
2017-03-03,4686509.513598608,1700536.9581727334,1865291.8204271926,5082030.154106041,4169450.1429945943
2017-03-06,4697095.514432731,1713132.1166462258,1879306.6100059464,5097683.450739863,4184453.6153954603
2017-03-07,4676616.11067166,1709969.048707364,1875903.0590446226,5095523.285035562,4182205.2982711615
2017-03-08,4641142.841280472,1705649.530131269,1871230.5484772976,5100984.063189821,4163626.0156654855
2017-03-09,4635580.450871128,1706165.6027606993,1871862.9133489598,5100210.736279698,4157073.4083496984
2017-03-10,4593294.096823092,1707608.5530312688,1873512.2495799882,5100602.109573562,4153520.1266895374
2017-03-14,4710537.071106608,1736745.4724192307,1905749.533934829,5173146.432506873,4210352.884028746
2017-03-15,4711124.877817871,1736324.9618824837,1905355.480506741,5206948.251397892,4238899.446962532
2017-03-16,4783357.128323095,1749493.4929120739,1919873.8533166014,5269943.147225159,4290070.949253721
2017-03-17,4753394.973361995,1750707.0568312616,1921273.5444899858,5282340.203583127,4285327.878011047
2017-03-20,4797229.661576303,1744361.6965481741,1914513.0697840448,5313334.322289716,4293280.399998794
2017-03-21,4779588.998106731,1743339.2568143518,1913458.56142627,5314799.208869598,4284124.981751907
2017-03-22,4724327.674190451,1725937.4370657362,1894425.6204000942,5273263.642495746,4250799.694518867
2017-03-23,4777624.476497958,1736611.6481605323,1906209.268916932,5315502.463293818,4288425.306083671
2017-03-24,4792125.691866129,1740759.0803119133,1910829.3104801462,5327122.043964619,4303168.927964227
2017-03-27,4764325.372381956,1728756.518799882,1897855.441213579,5319410.4522473775,4289052.848721136
2017-03-28,4784977.093642488,1739382.9488483367,1909588.8262450832,5351943.436721875,4318675.837451963
2017-03-29,4752715.973587859,1747601.2888190672,1918679.2135378232,5356839.819006337,4330658.40128435
2017-03-30,4761635.833313696,1753325.495499716,1925031.8530715369,5386571.209833349,4355588.558079658
2017-03-31,4835750.213879867,1753325.495499716,1925099.9285943196,5421375.3294049455,4390987.991922165
2017-04-03,4896798.793805386,1765576.4811237804,1938756.81930885,5471087.5154919205,4437266.628430327
2017-04-05,4966293.939292669,1770794.320700037,1944623.9912551257,5506023.621412054,4501979.821757614
2017-04-06,4945788.237441744,1770182.685977924,1944021.0601459704,5508979.120423975,4499916.539845895
2017-04-07,4932847.702125327,1758017.5569215044,1930729.5457951159,5487950.678224458,4478893.510504595
2017-04-10,5003961.187541362,1754797.1890559753,1927397.2640864823,5516932.108382586,4507210.3928388655
2017-04-11,5065573.497292965,1765414.1002241045,1939127.015438622,5569269.998349113,4540263.671194798
2017-04-12,5033908.751171345,1759001.9211340232,1932152.2167515296,5574122.007709239,4515827.9391692
2017-04-13,4992373.148697541,1748939.158116628,1921166.8452697545,5580761.748089525,4512019.7729701605
2017-04-17,5016455.681845175,1746741.229984921,1919023.9032796815,5580167.357195913,4517086.046981903
2017-04-18,4989057.168138554,1740214.4510415054,1911920.9916919954,5540756.963531935,4490304.745549925
2017-04-19,5016354.745157376,1739899.021477767,1911642.0383930895,5550721.573948935,4510716.387530012
2017-04-20,5101545.743589303,1746187.0818341873,1918618.6307882648,5582161.773320786,4558722.012769578
2017-04-21,5097148.644549749,1742937.9706829684,1915116.400629659,5589334.325602941,4567973.710184261
2017-04-24,5153301.555680924,1761773.2218218278,1936017.694464707,5606781.535662158,4607908.209906302
2017-04-25,5257734.874249427,1778716.2688676808,1954705.580359951,5656373.674224191,4640134.91381769
2017-04-26,5213642.506024366,1787364.6382554842,1964279.095582902,5637580.353661699,4617233.051116002
2017-04-27,5214846.05557252,1785510.8829732053,1962311.2458483616,5633459.522196391,4621787.699295666
2017-04-28,5221530.333484396,1778228.9395239404,1954377.3589636264,5651814.219754557,4643514.937654143
2017-05-02,5250791.965607984,1780092.4003312571,1956702.1686117235,5670751.8607269,4658334.8290087655
2017-05-03,5278813.989643356,1779738.8952462152,1956382.7726855245,5658703.7409948455,4660735.929948529
2017-05-04,5315870.265258989,1788903.3372634489,1966526.3506958596,5666696.788436721,4678468.208725332
2017-05-05,5273198.52158114,1774645.361048331,1950921.666330057,5637611.741365465,4629025.199260492
2017-05-08,5295065.97500541,1780140.1813775986,1957169.910991952,5663099.109640505,4660414.39928797
2017-05-09,5364084.187487954,1780675.2917676803,1957827.4693802176,5682230.122173367,4683917.292254451
2017-05-10,5488094.061766568,1797962.5116629614,1976904.4322513856,5730239.377067858,4722869.869635354
2017-05-11,5539970.628313135,1800848.5988488127,1980147.7789142856,5743504.601609944,4722125.0609346805
2017-05-12,5464806.841675886,1796739.4288634474,1975699.3495149878,5709864.685813996,4691612.947279588
2017-05-15,5570839.849292467,1805244.4551122265,1985262.0999987724,5777731.30360178,4730418.8532607285
2017-05-16,5585427.364533247,1818021.0322460472,1999383.4503179688,5794858.754031446,4757476.675519722
2017-05-17,5583946.949889439,1820601.2087484854,2002291.8256477774,5792694.724132063,4755290.3146640165
2017-05-18,5465766.898923471,1802195.9870266994,1982119.909092035,5705689.714586371,4672681.340382183
2017-05-19,5432015.700809722,1801899.7818683246,1981864.2148401905,5677415.110258839,4654977.99822626
2017-05-22,5329339.10807653,1803877.842528976,1984250.3281382672,5626880.595840086,4608781.779235974
2017-05-23,5175530.9478004025,1793920.3471293016,1973366.9499925796,5553730.861278083,4524162.711042799
2017-05-24,5068338.4022643445,1789027.4559971094,1968054.215388724,5484463.142500509,4450275.915489814
2017-05-25,5166792.116606149,1817543.2217826324,1999494.2407001418,5548961.296930538,4520946.529452574
2017-05-26,5262951.704638073,1833855.5963457206,2017510.9614329683,5623071.349274308,4591830.962202205
2017-05-29,5177090.830653021,1835728.7626780753,2019785.9838643312,5567139.062355956,4534471.156917032
2017-05-30,5171762.669824722,1839484.2409336865,2023989.5732691986,5610989.11137541,4556169.49431742
2017-05-31,5193935.468684792,1838853.5684509217,2023367.1930574484,5656550.181018745,4594415.200967663
2017-06-01,5201988.599553895,1837869.204238403,2022355.5707869262,5699193.908943235,4614725.284072212
2017-06-02,5267940.91076253,1845017.3234289696,2030293.017656724,5723710.156196707,4643258.466278867
2017-06-05,5289361.019506127,1849145.5311749862,2035051.6612067209,5748494.117519005,4661947.400018302
2017-06-06,5231926.831017098,1841892.5176561233,2027141.1409263606,5721540.735109086,4629872.923220368
2017-06-07,5245364.946446638,1847005.089614659,2032839.7960237658,5751354.164210736,4655321.91339875
2017-06-08,5225547.974745212,1843822.797270433,2029409.0843934289,5774278.014255279,4671499.326377587
2017-06-09,5247255.949730786,1847836.4051631154,2033898.59681113,5808099.226913103,4686318.84596976
2017-06-12,5215689.4125860585,1837926.6908097824,2023205.6809601071,5763865.766786521,4659347.982794016
2017-06-13,5248152.171052748,1836111.011048807,2021278.4414872383,5769366.46578384,4671314.564145393
2017-06-14,5300788.594408242,1838261.1581341727,2023716.9886209583,5798642.388716577,4688452.42380683
2017-06-15,5317179.4760501515,1830596.9663141756,2015350.8498943935,5800522.773253615,4693922.5500934925
2017-06-16,5329311.180124375,1832508.208167834,2017526.3286676852,5805976.552479031,4704668.067212783
2017-06-19,5402441.511014391,1845791.3390507586,2032366.1815139689,5810132.602444191,4711798.966448197
2017-06-20,5419920.55576754,1845017.3234289696,2031585.768530721,5811932.093329353,4719156.206984566
2017-06-21,5413407.867121005,1841213.8774823046,2027469.4130450732,5801091.417079465,4718245.244512021
2017-06-22,5360290.244819586,1840525.9050728725,2026783.5172322618,5776018.175987533,4695479.384553307
2017-06-23,5247392.059289588,1830004.5559974266,2015268.6923407984,5717355.2291320935,4639251.13014578
2017-06-27,5180410.415951365,1817858.651346371,2002176.3623712908,5653167.106988707,4591481.098868259
2017-06-28,5242563.507996018,1814007.4243533649,1998005.302441206,5670292.768668251,4605787.614932764
2017-06-29,5301738.326565389,1816463.2954774306,2000781.028540407,5690718.244266933,4636180.698172534
2017-06-30,5305036.2938154675,1819674.331107346,2004388.7694218478,5730969.382618725,4662120.470643869
2017-07-03,5346877.290933601,1837659.0422923854,2024413.8565037167,5787950.986326507,4707008.537550781
2017-07-04,5343218.098180029,1837334.093848321,2024127.4620356837,5777234.788179481,4706154.464532818
2017-07-05,5485383.014536224,1841978.3742237678,2029315.6659986745,5822455.480975087,4754817.369545919
2017-07-06,5559544.029284437,1849040.4502019775,2037168.0246077965,5844299.38627798,4777621.217249157
2017-07-07,5538651.818353023,1847368.1135800267,2035397.5147253282,5867626.6555986535,4794697.295401295
2017-07-10,5596267.570108374,1867483.9340897796,2057779.0642680675,5883533.155106072,4827339.0698764995
2017-07-11,5600427.326160667,1870350.7968702668,2061010.9397074936,5858042.44939063,4809392.510847727
2017-07-12,5687486.212336221,1876094.0413115674,2067412.7479924054,5877974.268008483,4846014.234544028
2017-07-13,5658824.684087383,1890543.141712051,2083409.0000021332,5910851.6789297685,4874648.899623573
2017-07-14,5589914.106074729,1889520.5153335163,2082355.6856700634,5906458.919835315,4860161.418147257
2017-07-17,5585263.661848277,1895177.903207172,2088812.025054052,5900220.741698634,4866484.992181872
2017-07-18,5542208.07559056,1878206.1128756294,2070179.3987483901,5860279.183994243,4841026.760981321
2017-07-19,5644693.681688016,1892052.9107896136,2085515.2395760792,5920681.12906746,4897764.00673484
2017-07-20,5688487.557138093,1887026.3820434348,2080048.3033001057,5924510.23981338,4895866.440450019
2017-07-21,5736473.727802252,1895044.0789484736,2088959.9918467535,5918390.324609376,4903251.221439236
2017-07-24,5702807.154809328,1904820.1556878204,2099959.2030030848,5907690.846223054,4914028.126078442
2017-07-25,5707606.2070413865,1904466.4639580662,2099643.525117208,5921048.27652065,4924813.867296858
2017-07-26,5684088.4390514,1915188.6427439163,2111539.2225002847,5933973.677669953,4946165.554119124
2017-07-27,5628923.316095154,1915169.4183385521,2111592.697447826,5915353.708348828,4912011.409071097
2017-07-28,5639607.208199009,1914013.1543460314,2110392.4727561097,5930263.743177466,4929182.426901572
2017-07-31,5651938.914328861,1925977.4536920472,2123809.617981579,5945229.701287893,4947100.1367342565
2017-08-01,5673686.499863715,1933154.3161683036,2131799.0568048893,5957272.8189956015,4948828.594767429
2017-08-02,5733392.772200925,1926818.4747655417,2124887.3050680915,5943505.314816544,4943967.479381767
2017-08-03,5715513.781194084,1913850.7734463555,2110661.2159815445,5893005.884894812,4896246.595356287
2017-08-04,5755600.211766052,1923932.5742244027,2121854.809809358,5904597.313645838,4916059.138858554
2017-08-07,5835353.050844564,1922212.45655611,2120182.65132005,5973608.471949803,4962845.6656497875
2017-08-08,5730231.760379081,1907142.2025531877,2103634.6887136633,5912178.1137758745,4907013.89295534
2017-08-09,5594633.038176524,1893667.9474848972,2088846.0497198482,5789723.021963298,4832135.062745995
2017-08-10,5297130.349567548,1876887.2813387203,2070409.03423373,5637308.0269770315,4688536.313317647
2017-08-11,5306869.769454024,1855968.7019214886,2047405.9862479332,5626079.073178363,4666100.3687895015
2017-08-14,5483620.191800919,1871899.0147585573,2065198.5416747893,5743151.846114892,4773175.97118793
2017-08-16,5571840.278674074,1891613.3624922147,2087096.2746375678,5820618.617413266,4835138.344884364
2017-08-17,5650417.083471991,1892922.6751487977,2088614.7518928493,5811862.169380424,4852127.588104918
2017-08-18,5607375.134178897,1880165.1357756292,2074611.689004277,5789694.0327383,4837638.523571855
2017-08-21,5565320.73495781,1864292.1228652277,2057315.3352377906,5727222.142374042,4789358.494356548
2017-08-22,5575082.772988837,1866432.7510702673,2059750.4347076816,5701306.0207046,4765151.606574152
2017-08-23,5654470.999137111,1883051.0363167683,2078163.4640342388,5754330.732764654,4812726.534454195
2017-08-24,5742883.397171971,1883920.61403124,2079196.6677900853,5796549.458463348,4842370.50103631
2017-08-28,5830628.043162525,1894575.7873653849,2091252.0816281075,5856212.937346104,4899242.94591998
2017-08-29,5770116.308850585,1872262.0387239251,2066695.020862397,5794310.567790341,4850639.419530749
2017-08-30,5920756.327759025,1889147.9724878229,2085408.290303899,5865736.514014181,4918177.9909613645
2017-08-31,6042656.829870944,1895550.632697578,2092550.1087251746,5910719.898905772,4951719.977555832
2017-09-01,6164568.636253828,1906349.149170747,2104545.307038094,5965865.631198717,5006473.813564944
2017-09-04,6146037.589387407,1894585.3062457107,2091780.3215465832,5934721.730031153,4974522.517818774
2017-09-05,6260181.107439013,1902106.154926683,2100158.232212371,5967233.169047831,5021340.547806651
2017-09-06,6284251.326913384,1895225.6842535136,2092635.3495484646,5992663.777080142,5030605.259558924
2017-09-07,6329605.5391925955,1897844.1229219679,2095600.6336564578,6042593.030128033,5060150.134255587
2017-09-08,6347485.748539577,1898780.5194434328,2096708.7472306394,6045708.288718861,5058050.517723174
2017-09-11,6351482.772598235,1912398.1176507478,2111969.8821598534,6106483.841726814,5098297.850932621
2017-09-12,6373392.49393825,1929025.9217775746,2130408.2465112894,6160885.701776152,5148567.082979044
2017-09-13,6328872.725938829,1926397.9642287942,2127581.176747113,6121961.833338932,5120019.581861602
2017-09-14,6480945.153955165,1927793.1334530222,2129197.343184515,6167157.872141862,5146051.559556066
2017-09-15,6576736.032702676,1927563.9337463533,2129019.484614505,6189508.391865052,5155361.673191624
2017-09-18,6842628.805557118,1940502.8917798495,2143538.1241903994,6248736.669060271,5198658.31789475
2017-09-19,6969877.605141528,1939442.1898800118,2142442.202019984,6268227.085101843,5228446.5597257
2017-09-20,6927388.57093448,1938219.1070804978,2141166.8161235903,6237559.565283023,5217165.773295283
2017-09-21,7052379.457340794,1934539.9665122058,2137178.013889942,6230179.18386183,5197876.401041548
2017-09-22,6849255.671061554,1904437.9073170887,2103997.2437179233,6087962.449210375,5066039.333352619
2017-09-25,6572030.114680971,1886892.5577847364,2084834.543232328,5989015.10930448,4988896.356220135
2017-09-26,6866272.502699521,1886682.3958387189,2084676.0529886233,6030476.562449783,5026936.365408175
2017-09-27,6821353.898829433,1860737.2876753083,2056080.9008572374,5925221.112239618,4935210.822683391
2017-09-28,6912803.031231949,1867082.6479583962,2063165.366503451,5962875.511835357,4965530.619460948
2017-09-29,6971817.319876076,1870838.1262140071,2067388.3556389934,6029551.202854197,5014622.099232264
2017-10-03,7178767.147134916,1884388.905614329,2082657.352442091,6061485.512653255,5049039.829804274
2017-10-04,7456109.448991144,1894977.2601414805,2094433.838079894,6130228.131006461,5086194.502069074
2017-10-05,7712245.715966408,1889969.7691559533,2088973.152077812,6146596.506952989,5116013.581626957
2017-10-06,7780178.77213384,1907362.0700242433,2108271.319054296,6220049.24717097,5173442.17555795
2017-10-09,7900504.880328499,1909091.7065728614,2110407.021568791,6228571.160713866,5187149.033992632
2017-10-10,8073300.431931101,1914481.44592912,2116439.9551444873,6255920.941674909,5219822.890232992
2017-10-11,8004370.5278138425,1908336.728711724,2109721.636281358,6206596.407233606,5170837.476856356
2017-10-12,8144066.93516881,1929666.2997853772,2133377.5367688816,6262341.623559357,5224239.77138211
2017-10-13,8209704.26168684,1943245.6358266766,2148466.391964882,6287131.9186545145,5240761.237734279
2017-10-16,8161385.07879686,1955362.7971920422,2162092.5730843525,6297846.569986382,5267153.191098217
2017-10-17,8144583.769274538,1956050.9562461865,2162929.9731041053,6313704.332635231,5285408.732013417
2017-10-18,8116955.054099259,1951540.3134847258,2158018.580475038,6299685.234146765,5276437.78814773
2017-10-19,8082635.208339028,1939251.0656946457,2144504.931020434,6283030.538106855,5266570.311703146
2017-10-23,8115482.954300015,1946571.0846652144,2152904.2225991692,6290116.018385021,5279651.920842707
2017-10-24,8124981.331678798,1950938.384287651,2157810.7530198037,6291811.496627237,5303226.981840722
2017-10-25,8047385.511534394,1967690.3071481378,2176415.968245184,6248802.8085112795,5355782.500240393
2017-10-26,8163280.903403792,1976950.3112580543,2186735.568495098,6267780.540522161,5382881.866139434
2017-10-27,8256964.721682142,1972984.4844117137,2182426.0806847215,6298501.790755561,5398546.981839223
2017-10-30,8355118.696449366,1980744.2383243933,2191242.0213815295,6371112.391733035,5464431.861591966
2017-10-31,8379269.842109799,1975325.755682445,2185324.9830128658,6371408.609498109,5477400.945541882
2017-11-01,8463612.265326163,1995432.057311872,2207646.876418661,6391677.490180831,5516552.99003364
2017-11-02,8587620.56906563,1992240.2460873204,2204193.559930894,6440565.901631305,5539761.509531183
2017-11-03,8698988.56100459,1997725.5475362618,2210340.6017249846,6445906.095870303,5555269.213471622
2017-11-06,8858816.448454238,1997591.7232775632,2210427.022291182,6460468.091646895,5578238.115279853
2017-11-07,8771977.789008005,1978164.0618219548,2189006.830093331,6391746.806355689,5502547.002580413
2017-11-08,8572829.976235699,1969181.225109761,2179143.6160751246,6353830.204571782,5462790.992397113
2017-11-09,8684495.8481491,1970289.7080559405,2180447.3952772403,6396452.994027025,5502349.572502509
2017-11-10,8609630.772063196,1972736.0602996803,2183231.887233559,6382596.81548868,5498708.488679065
2017-11-13,8641917.354781952,1954235.2764852114,2162986.478871376,6364255.776951155,5464844.644948792
2017-11-14,8770088.493571337,1946905.5519896045,2154949.99748975,6361292.176622452,5450416.033855212
2017-11-15,8442631.04402525,1933804.02641172,2140524.148921547,6324931.342385111,5388804.33974561
2017-11-16,8546254.716913546,1952285.7724655373,2161057.9793999777,6384330.382499919,5451192.877120007
2017-11-17,8599728.095031265,1965444.5979700894,2175700.9117214363,6440508.8455871465,5497660.511394387
2017-11-20,8557010.80064712,1968340.2040362665,2179137.447759301,6478850.566501678,5533934.081777302
2017-11-21,8597614.363124095,1973720.4245121994,2185171.1292485404,6509930.144780479,5551472.357772147
2017-11-22,8642379.189018253,1976663.6249800057,2188507.033926677,6506725.721488611,5560849.730550688
2017-11-23,8646299.263596203,1977896.4133045578,2189949.384048692,6514700.281756667,5575104.070840396
2017-11-24,8629858.106911313,1985722.9860242307,2198692.8046326814,6535394.170654962,5587132.135321726
2017-11-27,8748888.451175537,1987605.484592199,2201010.6907874052,6570077.187957455,5611886.857684249
2017-11-28,8773355.332525326,1982005.583289923,2194887.155095155,6583484.6718213735,5612678.095521127
2017-11-29,8720171.630524708,1980294.9845019565,2193070.3772790246,6585490.660897009,5603592.593772828
2017-11-30,8774579.456205638,1954541.0005239116,2164625.7683558045,6577222.064893985,5586472.60172279
2017-12-01,8652111.696132088,1934520.7421068419,2142529.3872323316,6516897.520045611,5527488.805527858
2017-12-04,8556323.897276942,1935657.968338711,2144016.335843406,6490165.865480537,5509245.565102907
2017-12-05,8590269.611456681,1933842.2885777357,2142080.960847736,6487537.498326251,5502665.355929783
2017-12-06,8549163.17426118,1919670.355574975,2126458.1714919787,6430859.006443434,5460906.41381506
2017-12-07,8724455.649353342,1943102.2926876522,2152490.324682214,6536924.447865938,5545910.117921007
2017-12-08,8834998.219838398,1962014.0681585427,2173516.8866077214,6618842.47769208,5596382.210434858
2017-12-11,8763521.24037098,1972831.6223923634,2185732.428402095,6645480.958418544,5617429.739442433
2017-12-12,8775928.495312328,1957140.4014317142,2168424.5479894746,6604500.334310753,5577906.144963347
2017-12-13,8686707.925109962,1948119.3025535052,2158505.9007628723,6554883.354199055,5533735.955859888
2017-12-14,8614628.78197323,1959424.186131066,2171108.426967802,6558043.910287783,5527328.750477537
2017-12-15,8805468.237318374,1974933.9884313873,2188371.1990730073,6641860.036227179,5582298.075600561
2017-12-18,8749158.277686827,1985541.3807191907,2200358.3844212177,6686376.10286202,5618088.029737763
2017-12-19,8878752.57714845,1999770.6136486186,2216205.4568641535,6764593.558471752,5692788.442887273
2017-12-20,8976272.921941932,1996139.2541266677,2212259.3059743643,6806004.217952291,5728779.82229705
2017-12-21,9119769.97175094,1995393.7951458562,2211511.3404999617,6857523.173099225,5784333.703917522
2017-12-22,9227632.16693039,2005466.0770435776,2222753.134454105,6883354.769226383,5806788.079662466
2017-12-26,9224837.749011965,2012824.3581801618,2231224.252414475,6900833.849058701,5845847.469497497
2017-12-27,9147652.890549533,2005036.0476265047,2222669.475663087,6876329.290324047,5830703.675327832
2017-12-28,9180630.92464734,2002580.1765024385,2220025.5406429167,6877420.8791137785,5848174.53485137
2017-12-29,9307117.849802429,2012671.4961608117,2231291.5051280744,6946986.929258343,5888976.155382802
2018-01-01,9355293.691235352,,,6940398.104473637,5897437.793064182
2018-01-02,9564869.71697942,1995757.0057559363,2212852.7198888427,6887106.477577567,5873815.210828297
2018-01-03,9773821.81776514,1995948.129941302,2213142.8956203666,6920612.374625876,5922133.675409703
2018-01-04,9927986.64203191,2007721.3051019518,2226275.928010593,6957944.44917883,5986751.204089439
2018-01-05,10044284.591883453,2018051.5299920323,2237809.804322756,7041039.583079045,6040523.985828215
2018-01-08,10463501.93823859,2030426.820994469,2251771.5917764497,7075405.524762982,6089029.72160525
2018-01-09,10393393.888415603,2032987.9597362562,2254691.660841083,7057126.892893399,6078676.009736209
2018-01-10,10355679.68900142,2032070.6009754427,2253753.958646031,7039462.894908019,6075259.618513545
2018-01-11,10497255.888775054,2035701.9604973933,2257861.3143676715,7064390.12858376,6098353.418601282
2018-01-12,10526533.01313864,2041445.2049386934,2264311.3988431445,7063202.736797345,6103136.806890995
2018-01-15,10581456.623938518,2052969.9559873103,2277335.9015212106,7055453.274216335,6113868.211158066
2018-01-16,10171308.529095098,2045114.8266266598,2268702.5231133043,6963155.908106127,6010018.224959938
2018-01-17,10152440.364887282,2061952.792699504,2287462.2346635764,6973961.615531629,6034080.384642712
2018-01-18,9975993.23238563,2067390.3131021042,2293575.545550996,6892662.881616637,5932960.233892268
2018-01-19,10010503.415719477,2082240.6996339709,2310132.3468937725,6950872.470443082,5975955.565725998
2018-01-22,10270365.87371744,2095906.0788876275,2325540.037941853,6992833.58010789,6019543.675769178
2018-01-23,10282083.714644875,2118363.1706681116,2350540.7182170413,6992573.971722924,6050028.131463338
2018-01-24,10110718.588132352,2118802.7189655104,2351111.5822113575,6959739.500941583,6015866.639247848
2018-01-25,10141060.09747762,2115677.9131926643,2347727.1883163513,6883835.751819716,5971976.380544627
2018-01-29,10029952.262948908,2127288.707453638,2360945.397913631,6830262.861103498,5920097.623349075
2018-01-30,9859389.993054759,2111855.4294853476,2343899.847955616,6756574.072650457,5866706.954690065
2018-01-31,9716770.488102268,2107660.2162876255,2339326.4005887676,6725911.21911904,5832233.669647172
2018-02-01,9692719.893261159,2105596.112414617,2337118.063420806,6761289.252693234,5846819.604618654
2018-02-02,9013873.979490936,2056610.8343895867,2282827.3083552457,6532332.416116998,5617025.732674007
2018-02-05,8715406.978079502,2038635.642084874,2263115.0153931994,6451740.950152327,5589460.215357248
2018-02-06,8333464.919325403,2006469.479016748,2227485.7225301443,6354488.209717843,5470881.229692334
2018-02-07,8779434.573194243,2002350.7901510573,2222991.962236162,6435685.704545509,5547886.6720235655
2018-02-08,9006403.521919074,2021491.765328617,2244321.4657690194,6565403.866042864,5657762.8593285745
2018-02-09,9091309.212615082,1998193.8391193505,2218533.853465283,6571270.3559770165,5655158.6344671035
2018-02-12,9412903.008327268,2014401.13270943,2236765.6002755505,6666712.702759535,5749553.674628477
2018-02-14,9476480.50297641,2006976.0327658525,2228678.481579381,6665715.243015332,5751671.247989635
2018-02-15,9230674.535666335,2015500.096775283,2238223.312354751,6613505.537152236,5699950.430774545
2018-02-16,9062585.34450819,1997687.285370246,2218520.5443739025,6540362.3945161365,5631121.651283465
2018-02-19,8933554.670290804,1983563.3200585393,2203068.959953133,6484024.679099345,5566032.796103153
2018-02-20,8849009.435988225,1980123.0847219543,2199325.7930474356,6467322.758903914,5566954.43376465
2018-02-21,8858217.63132029,1987204.1984608157,2207268.850702346,6457241.287514354,5562596.986122023
2018-02-22,8852434.977941459,1984385.1167266697,2204215.5271317908,6417565.5685959635,5535501.935865442
2018-02-23,8980066.375169158,2005093.3475531721,2227296.5799625544,6511635.890249565,5623863.638823914
2018-02-26,9104803.77929416,2022590.7293944703,2246971.3753429987,6587636.149420589,5673043.125102037
2018-02-27,9156385.802221753,2017181.9522775603,2241041.8112692554,6592983.166589393,5650671.300822728
2018-02-28,9151998.694032816,2005437.3337578876,2228072.6049722433,6606311.9130583005,5647605.051331972
2018-03-01,9171329.730083423,1998843.549362767,2220825.3391779396,6585890.044604046,5633174.934610698
2018-03-05,8957112.839231687,1979826.6929188678,2200007.7344778827,6527458.50345864,5569045.691070696
2018-03-06,8787306.734292865,1958879.5568606583,2176807.996089876,6463975.242110693,5502994.015960138
2018-03-07,8495925.193255164,1940713.2403705793,2156696.913519886,6374064.152803599,5397381.960017817
2018-03-08,8478219.03073029,1957618.211895129,2175560.186420743,6408528.523613462,5414689.208725634
2018-03-09,8480205.710252209,1954598.300450579,2172280.884065713,6414065.614885131,5398721.480731297
2018-03-12,8609023.599698957,1991781.6600292698,2213840.184448211,6471063.147201484,5437601.880813948
2018-03-13,8809604.39049723,1992823.1375237436,2215076.1032240293,6529287.223238545,5496254.2164019225
2018-03-14,8788844.068124924,1989774.8560829284,2211766.069679461,6527290.378311466,5493089.0517787365
2018-03-15,8930299.34588094,1980075.303675613,2201062.211168215,6539585.269952199,5521396.064448924
2018-03-16,8949207.447812185,1948539.8130902522,2166083.7897603475,6482865.015484841,5458467.680769089
2018-03-19,8818035.885668576,1929255.3081289558,2144873.807174295,6374453.283671728,5360022.114405023
2018-03-20,8723076.419492118,1935008.0714505822,2151345.5900510154,6382956.027768621,5360764.112921921
2018-03-21,8797216.696433967,1940913.883436271,2157987.993781069,6392026.878942851,5368587.938009397
2018-03-22,8724776.948670793,1933173.3539289553,2149457.7635553484,6335408.793734127,5323761.483311491
2018-03-23,8573263.14224817,1910869.1241678214,2124733.2602928746,6287911.968082992,5248251.321671417
2018-03-26,8610568.217944508,1936212.3031341566,2153141.2539220946,6368937.434299385,5297036.287315003
2018-03-27,8710143.190876339,1946437.4470512283,2164588.5447204164,6430666.185024845,5365783.242262214
2018-03-28,8597316.853459299,1932972.7108632636,2149690.737237261,6401065.870447075,5323719.876775196
2018-04-02,8907072.409230625,1951721.9187897658,2170925.8547200025,6519915.460657323,5432340.484841505
2018-04-03,8907072.409230625,1958067.2790728535,2178060.902824031,6569646.56318232,5496100.957784141
2018-04-04,8907072.409230625,1935782.2737170835,2153348.2697432023,6513375.905527069,5442496.931745919
2018-04-05,8907072.409230625,1973385.9571878093,2195255.926555425,6632894.100455436,5546689.593191563
2018-04-06,8907072.409230625,1974618.558867649,2196704.791041212,6671042.500814824,5579031.592040324
2018-04-09,8907072.409230625,1983744.7387188668,2207091.5301315086,6695903.551383358,5594853.574908129
2018-04-10,8907072.409230625,1988121.5572216294,2212039.3502424518,6683862.669820331,5597368.746649033
2018-04-11,8907072.409230625,1990969.382241465,2215286.256693164,6695892.071045607,5590310.0522189075
2018-04-12,8907072.409230625,1998901.0359341465,2224190.1992899436,6704029.564684938,5579731.626963035
2018-04-13,8907072.409230625,2003096.0624871566,2228936.8524790322,6733456.046953003,5599019.826295142
2018-04-16,8907072.409230625,2012222.2423383747,2239329.524930966,6774141.622779697,5614548.940063968
2018-04-17,8907072.409230625,2016111.7314973965,2243737.3402705626,6770050.778440036,5616409.232522031
2018-04-18,8907072.409230625,2011811.4373266653,2239030.705588181,6740232.117590218,5597133.041901777
2018-04-19,8907072.409230625,2019284.318316584,2247427.067064851,6766082.335173713,5640157.941159388
2018-04-20,8907072.409230625,2019045.4130848767,2247240.636931842,6761359.121735419,5637516.684442847
2018-04-23,8907072.409230625,2022992.202170566,2251872.381593908,6807618.2419509655,5672369.591669772
2018-04-24,8907072.409230625,2028658.9222798352,2258260.0879280856,6795593.792235875,5664267.665193341
2018-04-25,8907072.409230625,2020287.7202897547,2249020.9734536493,6757310.006473426,5628578.51226789
2018-04-26,8907072.409230625,2029318.3380482898,2259153.909479028,6778670.803353012,5637383.266879129
2018-04-27,8907072.409230625,2043557.0898580435,2275085.758818012,6830619.225708444,5670424.35400235
2018-04-30,8907072.409230625,2052549.445450563,2285339.3547929856,6876369.332865222,5708166.623951674
2018-05-02,8884804.728207551,2048478.5376312137,2280968.061598102,6811585.82825886,5646785.946263003
2018-05-03,8724758.236530276,2041139.4808999933,2272876.4413716034,6727751.015102879,5593788.75256741
2018-05-04,8701366.37179858,2029404.381260647,2259888.9334580875,6668238.945177645,5566570.053050257
2018-05-07,8716604.983888092,2047991.208287473,2280828.6690374035,6698484.482648843,5600768.844543393
2018-05-08,8770901.538972171,2048430.7565848723,2281398.864859903,6710030.767005334,5604786.596081883
2018-05-09,8815950.328879388,2052998.699273,2286567.1775983837,6682671.964475191,5592503.51071646
2018-05-10,8571494.214764956,2048191.851353165,2281294.1286500017,6609489.282428014,5521091.35144133
2018-05-11,8617524.4626481,2065383.509155763,2300523.6998547087,6631058.604945473,5532017.266629816
2018-05-14,8545759.705793288,2065402.5469164145,2300788.978397288,6602087.151850716,5485068.194794273
2018-05-15,8551919.6847677,2064494.7070359269,2299859.003081062,6593019.125564162,5453050.828657691
2018-05-16,8609129.483586155,2052883.9127749535,2287005.384601101,6599165.5753660565,5433653.023907434
2018-05-17,8754592.644704847,2041722.3723364167,2274651.360896612,6626420.581664557,5456507.749118497
2018-05-18,8539934.87776994,2025228.3924682888,2256355.462077693,6540700.068385864,5378141.60833133
2018-05-21,8364906.882971862,2009995.7575656902,2239622.003291075,6419432.9045458315,5285593.143572277
2018-05-22,8520608.274688914,2013818.2412730067,2243960.526866662,6481585.657964141,5325865.444314984
2018-05-23,8592383.535845194,1993492.072172524,2221390.004452589,6453017.44200132,5304742.986289898
2018-05-24,8591993.040937845,2009450.9416505701,2239252.491857027,6457921.402653976,5306367.853311759
2018-05-25,8694380.937321236,2026900.7290902396,2258777.7184797623,6530048.411343325,5379388.706223815
2018-05-28,8739262.443405744,2042859.5985682856,2276803.808012544,6611539.763509454,5468934.47309304
2018-05-29,8788804.344266307,2032280.76292146,2265093.6035966375,6595126.777649307,5459579.951922833
2018-05-30,8747878.072534284,2028658.9222798352,2261136.812719247,6604570.47391915,5451879.601815601
2018-05-31,8675618.288967274,2051937.9973731623,2287164.4749999596,6593751.590473169,5421865.665158479
2018-06-01,8451129.463641351,2044302.5488388552,2278734.308044477,6504333.372651495,5349865.765676027
2018-06-04,8169626.828674258,2031363.4041606465,2264551.587529814,6407903.210843757,5264695.610097345
2018-06-05,7757501.674041184,2024607.2388658498,2257099.6712075737,6304243.909361807,5168896.473627473
2018-06-06,8003348.604151834,2042095.1018268224,2276676.2320519,6393458.518515438,5253993.561462704
2018-06-07,8206724.56492227,2058092.0468261722,2294591.932033226,6464668.240838722,5351347.196013063
2018-06-08,8237366.356791883,2057958.4092121855,2294524.076953205,6507837.736079988,5388250.084388645
2018-06-11,8200888.555222864,2061647.0686608036,2298880.624731757,6536211.247040652,5408280.950385155
2018-06-12,8274933.989710283,2072330.7986359259,2310875.4479677435,6583009.298621784,5446936.209469667
2018-06-13,8242029.2274226025,2074977.9805900697,2313909.1699368237,6581269.288295188,5434366.136072206
2018-06-14,8316681.883560582,2065679.7143141374,2303621.680450949,6593313.7056175675,5431776.076904863
2018-06-15,8289777.399556012,2067524.1373608029,2305760.0957575096,6596857.564375708,5401079.738317228
2018-06-18,8219563.071273681,2064112.4586651954,2302199.520326495,6562233.54684552,5369060.785192901
2018-06-19,8078354.299515665,2047026.0684803182,2283223.0233238586,6491874.942318414,5305690.110469677
2018-06-20,8135873.394724964,2058799.2436409679,2296435.8579309317,6511587.43537859,5316496.530096923
2018-06-21,8033344.799729576,2052883.9127749535,2289918.7270998554,6480744.015231834,5281748.253846477
2018-06-22,8068537.555326127,2068317.1907432433,2307215.585707568,6498191.8288038345,5289288.519321623
2018-06-25,8101327.8291758085,2056964.5261193411,2294795.0832493166,6470783.433085029,5245996.027794498
2018-06-26,8101637.858534824,2058245.0954902342,2296304.9168398418,6441724.415590984,5226362.681109139
2018-06-27,7973712.682640107,2039562.706370725,2275542.161493229,6345317.046183261,5130292.172311606
2018-06-28,7831223.642964366,2023833.0365993483,2258072.403238666,6249760.3696522005,5052073.709377153
2018-06-29,8048851.609641822,2047761.8219360916,2284851.5142821143,6347775.822686266,5149545.069412047
2018-07-02,8081831.119600618,2036867.74337024,2272937.2389977463,6319145.148497561,5106333.601838656
2018-07-03,8169536.177689021,2045009.7456536512,2282103.5853637103,6355033.339360261,5130469.408901186
2018-07-04,8239390.181323788,2058388.4386292591,2297114.6047059195,6384513.173726754,5142662.81410283
2018-07-05,8176808.47334352,2054537.2116362527,2292897.8047356117,6352749.239277988,5117728.77499248
2018-07-06,8158990.92295301,2058914.030139015,2297863.664425605,6385098.015156172,5150785.896934866
2018-07-09,8322357.629057223,2074251.7460146218,2315227.0215367437,6470264.785465292,5207765.707787609
2018-07-10,8468609.341578014,2092284.2382460027,2335437.016438314,6541672.580977753,5265359.142360419
2018-07-11,8465506.64036292,2092484.8813116942,2335743.5737758144,6515442.2320025405,5241716.196466989
2018-07-12,8453444.957269447,2106800.1574534792,2351806.21562288,6523753.191417674,5235010.270394023
2018-07-13,8309990.683096197,2105978.360785349,2350971.985016533,6481470.79022883,5176095.121643353
2018-07-16,8127394.295676097,2090296.472060313,2333713.3498072056,6362257.796173609,5053961.4702291805
2018-07-17,8183902.822243564,2103904.551387302,2348989.167163487,6429578.130686083,5119004.052463088
2018-07-18,8176528.644750604,2098629.59852909,2343182.592896935,6391634.954807466,5065214.6775816195
2018-07-19,7994690.855505589,2094166.736813971,2338282.361081049,6347375.252738049,5030493.235955396
2018-07-20,8073018.809143491,2104315.5430437233,2349697.297071485,6412375.6211778615,5053698.696619265
2018-07-23,8071663.043087284,2118563.8137338036,2365858.0178562296,6488468.617566274,5113345.129338874
2018-07-24,8214227.0790818175,2128033.979789737,2376517.6492823586,6578500.08250258,5231695.453176748
2018-07-25,8258766.099340086,2127594.4314923384,2376110.800548696,6590581.0184133025,5247141.657455508
2018-07-26,8329971.694748652,2134341.0779068093,2383729.791189202,6626893.352698371,5278569.78727593
2018-07-27,8381090.364693465,2155565.3813627413,2407519.1994597204,6686610.478515673,5346691.260949074
2018-07-30,8346380.127547449,2163439.735128756,2416570.3048416213,6704773.8930752,5393219.944598314
2018-07-31,8448010.921752406,2170501.8111069654,2424544.4071320626,6728711.868891648,5413008.901438979
2018-08-01,8438690.366302352,2168533.2693266403,2422431.1229994246,6749204.007480331,5431665.23141713
2018-08-02,8363227.224334944,2149134.164512009,2400845.616387244,6732852.560675703,5424787.341797624
2018-08-03,8458147.263322962,2171323.6077750963,2425719.7158846473,6796438.402651024,5482849.3078895295
2018-08-06,8438069.743857346,2176350.136521275,2431593.1110068574,6808833.520551119,5498433.952969977
2018-08-07,8420944.782953303,2176799.390343712,2432181.060410144,6795129.019583903,5468145.964558011
2018-08-08,8564309.228958137,2188371.92243867,2445197.7469204487,6847875.734395241,5470330.458670529
2018-08-09,8584176.973287093,2192328.230404685,2449704.991114612,6853882.50179828,5489913.343379714
2018-08-10,8454737.054710744,2184453.8766386705,2440992.5160137853,6828679.446701543,5452778.8715498755
2018-08-13,8432029.348856919,2170358.467967941,2425499.0688533667,6774113.124995269,5401134.058239522
2018-08-14,8562492.610640192,2185524.0974188345,2442533.895661843,6848265.800405601,5427258.899366906
2018-08-16,8553165.57945621,2175958.369270217,2432015.271336661,6844417.210010767,5412480.422995778
2018-08-17,8641486.354057327,2192337.7492850106,2450408.753960798,6893991.0799802365,5465957.0138375545
2018-08-20,8593908.32436857,2207818.8082996425,2467973.9743646444,6915869.790815812,5501763.352372503
2018-08-21,8692596.270625334,2211478.911107283,2472152.780587944,6945552.196369416,5522807.883273883
2018-08-23,8684934.06497361,2213743.658045983,2474859.509490402,6953785.616566815,5517658.97426404
2018-08-24,8600637.765496146,2208841.2480334644,2469466.1750573087,6938461.092319875,5504539.258842329
2018-08-27,8713172.07906023,2234614.4564168733,2498545.4598945547,7000319.850752323,5559319.3050903855
2018-08-28,8779288.025834762,2243511.24991671,2508581.765071559,7009629.976017741,5561173.061490385
2018-08-29,8811836.1294138,2234604.9375365474,2498711.532847318,7002444.026720394,5574393.898075066
2018-08-30,8833822.710967207,2231718.850350696,2495572.589394619,7020383.67103742,5603151.960992836
2018-08-31,8942569.45746958,2232426.047165492,2496451.6770390403,7036188.728400999,5627229.121266389
2018-09-03,8834849.08339469,2213667.1337139513,2475736.8077170555,7001047.863218172,5610086.820853702
2018-09-04,8743882.234659638,2201807.9153409447,2462560.691898456,6879495.501414475,5490973.63743169
2018-09-05,8751647.047666216,2193522.756563221,2453381.1060068887,6847553.07116382,5460690.21251201
2018-09-06,8960712.639737422,2204980.688804845,2466283.629070044,6881168.028873826,5498460.465261207
2018-09-07,8973827.27821799,2214957.2219651714,2477530.0495978156,6914647.386349811,5544719.259451527
2018-09-10,8881449.433523877,2186097.469974932,2445508.534452222,6820307.234147613,5480767.761267993
2018-09-11,8711401.974764012,2157314.242316724,2413395.1165947313,6713899.31003077,5401498.374197479
2018-09-12,8678699.860182453,2173062.9498487525,2431099.2204363514,6737519.736470846,5403107.354845141
2018-09-14,8717196.234683141,2200833.256653464,2462341.2039589286,6831816.966835035,5485739.571299849
2018-09-17,8704407.647315841,2174563.2000459894,2433207.800944799,6789507.895918838,5476772.341784877
2018-09-18,8610578.548962912,2155670.6489804625,2412153.4507560614,6701594.989044107,5395578.789913044
2018-09-19,8483381.985745618,2147155.9172066455,2402710.5966451783,6629755.327780473,5357420.609734922
2018-09-21,8217368.842179074,2129715.8352920143,2383363.353055273,6502570.402819782,5234574.232368317
2018-09-24,8041990.103556525,2096135.465239009,2346032.459666867,6326428.122398156,5093999.931468595
2018-09-25,7892761.110326374,2115257.4026559168,2367517.79579269,6320024.235777718,5083048.300584674
2018-09-26,7899234.637021919,2112648.4828677885,2364681.3626832347,6330174.151787045,5109259.906745862
2018-09-27,7751431.401096342,2098075.2637336445,2348452.646627813,6217843.574505937,5025146.757187368
2018-09-28,7531907.372911719,2089073.3892607992,2338459.2109055556,6115247.49852471,4903021.299709886
2018-10-01,7549232.662032494,2103952.3324336438,2355364.209890952,6123583.00255823,4910035.02599368
2018-10-03,7502787.718434523,2075274.1857484444,2323423.4860262577,6077410.225378522,4901554.72679172
2018-10-04,7236749.036670916,2025773.0217386961,2268083.462875929,5920060.372948538,4805394.560216416
2018-10-05,7079908.4595274385,1971723.139446184,2207646.5348734953,5766208.461046285,4682954.783275711
2018-10-08,6975386.152165377,1977762.5890458592,2214643.560055656,5714473.407577786,4620448.555495642
2018-10-09,6939214.262822856,1968779.7523336655,2204662.7906974507,5700315.714836756,4596769.427112428
2018-10-10,7286835.439311964,1999178.016687157,2238782.29368442,5935316.020720559,4764981.568615522
2018-10-11,7086255.154881775,1956089.2184122023,2190606.707158713,5815473.800363948,4690521.175169385
2018-10-12,7258127.428127167,2001548.031243578,2241594.8898728555,5970660.977776741,4813454.303327741
2018-10-15,7457465.152680945,2009192.9986582114,2250395.450322828,6022986.967425909,4870573.452242233
2018-10-16,7637808.0754366545,2023001.7210508918,2265942.0302183707,6104335.688519089,4939645.637420121
2018-10-17,7556163.9796069665,1997830.6285092707,2237827.299864793,5969937.666350923,4832922.020341835
2018-10-19,7563311.572973051,1969257.56279708,2205977.803833926,5934536.979973656,4771326.689923991
2018-10-22,7436221.506010485,1958115.060119195,2193728.6008719713,5873886.262801704,4713853.86075088
2018-10-23,7283809.853332634,1939298.8467409874,2172725.126527687,5785934.859837819,4663016.138486634
2018-10-24,7190127.969907512,1954197.0143191959,2189493.9568648175,5851493.789604821,4698123.364670227
2018-10-25,7082458.990547244,1935113.3390683034,2168189.165281014,5829590.09374517,4656248.248312177
2018-10-26,7098444.271471466,1916975.5792192018,2147942.7483424665,5814555.857392334,4653664.3496747855
2018-10-29,7252779.477799246,1959185.280899359,2195470.9949744795,5935951.7441628855,4777115.032608456
2018-10-30,7265699.516566707,1949160.9666926912,2184314.9496025885,5955671.361548625,4819235.981513328
2018-10-31,7365510.198559853,1985130.3890627692,2224702.5261179726,6069801.498536184,4888069.017747565
2018-11-01,7361514.08992258,1983955.0873095968,2223464.0113357077,6128815.3640796095,4942721.836250541
2018-11-02,7361514.08992258,2016933.5281655272,2260503.6431710673,6190674.973260908,4995779.243939385
2018-11-05,7361514.08992258,2011390.9267899182,2254530.869095615,6179624.054242121,4992332.252506183
2018-11-06,7361514.08992258,2012537.6719021131,2255896.007629015,6156415.655470881,4983180.05641795
2018-11-07,7361514.08992258,2025610.6408390205,2270630.06896755,6203776.344432261,5029820.5041912515
2018-11-09,7361514.08992258,2023087.764263249,2267962.420157903,6247246.984879731,5066006.261480732
2018-11-12,7361514.08992258,2003401.9731705692,2246132.135047194,6186937.166402182,5015907.354705065
2018-11-13,7361514.08992258,2022571.6916338187,2267704.6279944195,6210848.872649839,5024584.172447503
2018-11-14,7361514.08992258,2021386.6843556084,2266456.1460328633,6215725.329881127,5017513.438968409
2018-11-15,7361514.08992258,2029108.1761022722,2275194.2338051978,6234932.881935996,5028588.852691896
2018-11-16,7361514.08992258,2041626.810243734,2289312.0569134126,6248586.81817787,5024258.799915232
2018-11-19,7361514.08992258,2057146.1314243812,2306958.8726409352,6271430.836620945,5050856.700902612
2018-11-20,7361514.08992258,2036657.5814242226,2284063.0328950556,6220777.119111844,4995770.402240133
2018-11-21,7361514.08992258,2025925.8837580462,2272108.0356790125,6245478.0609992,5017325.68078275
2018-11-22,7361514.08992258,2011916.5182996741,2256476.103621119,6197956.823777537,4987931.181966995
2018-11-26,7361514.08992258,2031382.4419212984,2278630.50926065,6205083.7732125,4986387.806837334
2018-11-27,7361514.08992258,2042276.52048715,2290931.563856227,6238084.024586763,4997955.703371441
2018-11-28,7361514.08992258,2050542.6415042218,2300285.4598499597,6205283.34579939,4966112.736819348
2018-11-29,7361514.08992258,2075360.2289608014,2328207.999047053,6251712.595236647,4990635.882430596
2018-11-30,7361514.08992258,2078809.9831777122,2332160.517875278,6276672.183666956,5010927.532111103
2018-12-03,7343110.304697774,2080147.8524752727,2333909.023964426,6280186.068837204,5040785.725137822
2018-12-04,7350810.103291651,2077424.33283381,2330935.683725966,6283186.036095538,5043549.295742551
2018-12-05,7266718.883019424,2060873.0530390146,2312446.398184865,6205168.657700217,4978501.194558501
2018-12-06,7073977.900945493,2026136.2323487764,2273549.6078738174,6099721.083928681,4902773.481367864
2018-12-07,7147195.711766184,2043824.7383754407,2293479.1759621417,6103383.376725699,4901210.810171417
2018-12-10,7040607.372842789,2004596.4993291055,2249697.837098047,5987377.178727771,4805066.932963898
2018-12-11,7154752.572497023,2016197.7747097532,2262797.6137187923,6065530.112679689,4876717.601570599
2018-12-12,7247803.669349488,2052214.9781261731,2303301.507383103,6218348.597863969,4997959.957830263
2018-12-13,7273188.761762077,2062526.1652556018,2314956.1199886412,6246800.5874852715,5036486.59592139
2018-12-14,7267473.058317041,2065182.8660900714,2318019.941048734,6266389.099395154,5045117.173842658
2018-12-17,7269856.94598151,2081026.9490700706,2336051.6041851183,6288767.425752349,5071254.754739966
2018-12-18,7242658.725975625,2084916.4382290929,2340500.5054743383,6308227.378608678,5092723.0721494695
2018-12-19,7232705.991362126,2096116.240833645,2353156.473003788,6377246.425754,5157099.601996507
2018-12-20,7250224.730742229,2093134.7781998229,2349892.4999244767,6370551.939676182,5157874.377192009
2018-12-21,7138751.846308495,2055349.4894240573,2307553.8182171457,6280989.152447079,5092961.304118785
2018-12-24,7046613.407347342,2038052.7506484506,2288377.4173615347,6210930.699025143,5043965.1688007135
2018-12-26,7038492.201246143,2050733.765689588,2302778.842470924,6218312.314469391,5045406.5532415435
2018-12-27,7110309.558464844,2060280.456077553,2313580.6801877273,6271947.727169407,5069689.817994654
2018-12-28,7135575.778195298,2075589.6153121828,2330854.4407397695,6337629.674379401,5117677.387469982
2018-12-31,7178036.021089524,2076095.9824165748,2331670.4323690366,6365569.218223901,5145591.619309527
