scid,name,publisher_id,publisher_name,sebi_reg_per_manager_page,sebi_license_type,type,theme_sector_inferred,launch_date_published,series_start,series_years,kite_status,kite_entry_in_distributorMeta,fee_based,min_invest_rs,plans_rs,fee_1y_rs,fee_1y_pct_of_1L,fee_1y_pct_of_2L,rebalance,updates_logged_total,num_stocks,largecap_pct,midcap_pct,smallcap_pct,basket_pe,platform_cagr_pct,platform_cagr_label,cagr_1y_pct,cagr_2y_pct,cagr_3y_pct,perf_verified,windmill
TGIMO_0006,21G Balanced Fund Asset Allocation,twentyoneg,21G Investments,INA000017231,RIA,Asset-Allocation,Momentum / Factor / Quant,2021-08-03,2021-08-04,5.2,UNPUBLISHED,no,yes,7837,1y:3999; 6m:2499,3999,4.0,2.0,none,14,8,10.5,16.8,30.6,-25.0,20.2,5Y,24.9,25.7,30.6,True,no
TGIMO_0010,21G Ace Momentum Model,twentyoneg,21G Investments,INA000017231,RIA,Factor-Model,IT / Tech,2024-01-11,2024-01-12,2.7,UNPUBLISHED,no,yes,13246,1y:5999; 6m:3499,5999,6.0,3.0,none,21,10,0,0,100,36.0,31.3,3Y,50.2,22.4,,True,no
TGIMO_0003,21G Long Term Wealth Creation Quant,twentyoneg,21G Investments ,INA000017231,RIA,Quant,Banks / Financials,2020-03-03,2020-03-04,6.6,UNPUBLISHED,no,yes,31730,1y:9999; 6m:5999,9999,10.0,5.0,none,64,8,10.7,33.8,27.6,20.9,26.3,7Y,-3.2,1.7,18.9,True,no
TGIMO_0004,21G Dark Horse Quant,twentyoneg,21G Investments ,INA000017231,RIA,Quant,IT / Tech,2020-03-04,2020-03-05,6.6,UNPUBLISHED,no,yes,66527,1y:9999; 6m:5999,9999,10.0,5.0,none,64,10,24.4,11.2,64.4,37.4,27.9,7Y,14.1,9.7,24.0,True,no
TGIMO_0005,21G Trend Rider Quant,twentyoneg,21G Investments ,INA000017231,RIA,Quant,IT / Tech,2020-10-23,2020-10-26,6.0,UNPUBLISHED,no,yes,35000,1y:9999; 6m:5999,9999,10.0,5.0,none,55,10,0,0,91.0,42.1,30.9,6Y,9.6,9.3,18.4,True,no
YEJMO_0003,Quality Growth Compounders Fundamental,yellow-jersey,Agility Advisors,INA000015491,RIA,Fundamental,Momentum / Factor / Quant,2022-06-27,2022-06-28,4.3,UNPUBLISHED,no,yes,332039,1m:2360; 1y:21240; 6m:11505,21240,21.24,10.62,quarterly,45,20,0,0,100.0,43.1,31.0,4Y,20.6,16.3,24.7,True,no
YEJMO_0004,Railways & Defence Tracker,yellow-jersey,Agility Advisors,INA000015491,RIA,Sector-Trackers,Defence,2023-03-06,2023-03-08,3.6,UNPUBLISHED,yes,yes,184310,1m:2360; 1y:18880; 6m:11328,18880,18.88,9.44,quarterly,21,16,0,0,100,18.6,67.9,4Y,36.0,31.6,48.7,True,no
YEJNM_0005,Auto Ancillaries Theme,yellow-jersey,Agility Advisors,INA000015491,RIA,Thematic,Autos / EV,2022-06-29,2022-06-30,4.3,UNPUBLISHED,no,yes,219084,1m:2360; 1y:21240; 6m:11505,21240,21.24,10.62,quarterly,20,16,5,6,89.0,41.2,30.7,4Y,19.8,13.6,23.5,True,no
YEJNM_0007,Metal & Power Tracker,yellow-jersey,Agility Advisors,INA000015491,RIA,Sector-Trackers,Energy / Power,2022-12-26,2022-12-27,3.8,UNPUBLISHED,no,yes,129663,1m:2360; 1y:21240; 6m:11505,21240,21.24,10.62,quarterly,24,15,0,4,96,31.5,26.5,4Y,10.9,3.4,20.6,True,no
AACAMO_0003,AAA Emerging Business Opportunities Fundamental,alfaccurate,AlfAccurate,INA000015701,RIA,Fundamental,Momentum / Factor / Quant,2022-12-12,2022-12-13,3.8,UNPUBLISHED,no,yes,373034,1m:1(AUM%),,,,none,56,20,26.8,21.6,47.2,50.3,27.6,4Y,8.7,7.1,22.3,True,no
AMBANM_0001,Underdogs too will Shine Fundamental,ambareesh-baliga,Ambareesh Baliga,INH000001139,RA,Fundamental,Momentum / Factor / Quant,2021-04-22,2021-04-23,5.5,UNPUBLISHED,no,yes,33620,1y:8260; 6m:4720,8260,8.26,4.13,none,15,8,30,0,70,40.0,16.7,5Y,-30.1,-15.9,-3.6,True,no
AMBANM_0002,UnderDogs Too Will Shine Fundamental,ambareesh-baliga,Ambareesh Baliga,INH000001139,RA,Fundamental,Momentum / Factor / Quant,2022-08-15,2022-08-16,4.1,UNPUBLISHED,no,yes,32970,1y:9440; 6m:5310,9440,9.44,4.72,none,12,9,10,10,80,33.5,13.5,4Y,-12.5,-3.5,7.5,True,no
ASCRAA_0003,Arth Equity Gold Asset Allocation,arthscience-capital,Arthscience Capital Research Private Limited,INH000019433,RA,Asset-Allocation,Momentum / Factor / Quant,2025-08-12,2025-08-13,1.2,UNPUBLISHED,no,yes,92783,1y:9440,9440,9.44,4.72,none,1,14,21.0,8.3,20.8,6.3,27.1,1Y,14.5,,,True,no
ASCRNM_0001,Arth Logistics Theme,arthscience-capital,Arthscience Capital Research Private Limited,INH000019433,RA,Thematic,Momentum / Factor / Quant,2025-05-03,2025-05-05,1.4,UNPUBLISHED,no,yes,30075,1y:11800,11800,11.8,5.9,none,2,12,6,0,94.0,16.2,-14.8,1Y,-21.8,,,True,no
ASCRNM_0002,Arth Private Banks Theme,arthscience-capital,Arthscience Capital Research Private Limited,INH000019433,RA,Thematic,Banks / Financials,2025-05-03,2025-05-05,1.4,UNPUBLISHED,yes,yes,10691,1y:11800,11800,11.8,5.9,none,2,9,34,59.0,7.0,7.8,13.6,1Y,15.0,,,True,no
ASCRNM_0003,Arth PSU Banks Theme,arthscience-capital,Arthscience Capital Research Private Limited,INH000019433,RA,Thematic,Banks / Financials,2025-05-04,2025-05-05,1.4,UNPUBLISHED,yes,yes,8378,1y:11800,11800,11.8,5.9,none,1,8,78,14.0,8,7.0,11.9,1Y,3.0,,,True,no
ASCRNM_0004,Arth Housing Finance Theme,arthscience-capital,Arthscience Capital Research Private Limited,INH000019433,RA,Thematic,Banks / Financials,2025-05-04,2025-05-05,1.4,UNPUBLISHED,no,yes,13908,1y:11800,11800,11.8,5.9,none,1,10,40,10,50,4.8,2.3,1Y,-0.0,,,True,no
ASCRNM_0005,Arth CleanTech Theme,arthscience-capital,Arthscience Capital Research Private Limited,INH000019433,RA,Thematic,IT / Tech,2025-05-04,2025-05-05,1.4,UNPUBLISHED,no,yes,25086,1y:11800,11800,11.8,5.9,none,3,11,27.0,24,49.0,8.1,-9.0,1Y,-14.5,,,True,no
ASCRNM_0009,Arth Infra NBFC Theme,arthscience-capital,Arthscience Capital Research Private Limited,INH000019433,RA,Thematic,Banks / Financials,2025-05-05,2025-05-06,1.4,UNPUBLISHED,no,yes,16285,1y:11800,11800,11.8,5.9,none,2,8,35,27.5,37.5,6.8,-13.4,1Y,-21.3,,,True,no
ASCRNM_0011,Arth Locomotives Theme,arthscience-capital,Arthscience Capital Research Private Limited,INH000019433,RA,Thematic,Momentum / Factor / Quant,2025-05-05,2025-05-06,1.4,UNPUBLISHED,no,yes,39396,1y:11800,11800,11.8,5.9,none,3,9,15,15.0,70,31.6,8.2,1Y,-4.4,,,True,no
ASCRNM_0012,Arth Strategic Minerals Theme,arthscience-capital,Arthscience Capital Research Private Limited,INH000019433,RA,Thematic,Metals / Materials,2025-05-05,2025-05-06,1.4,UNPUBLISHED,yes,yes,39468,1y:11800,11800,11.8,5.9,none,2,10,30.0,20,50,11.1,7.1,1Y,-13.2,,,True,no
BAMIMO_0002,BM Focused Small Cap Fundamental,basant-maheshwari-investing,Basant Maheshwari Investing,INH000017949,RA,Fundamental,Momentum / Factor / Quant,2022-11-28,2022-11-29,3.9,UNPUBLISHED,no,yes,29784,1y:70800,70800,70.8,35.4,none,23,14,0,22.0,78.0,31.9,10.3,4Y,-16.9,-14.8,2.9,True,no
BAMIMO_0003,BM NIFTY TOP 20 Fundamental,basant-maheshwari-investing,Basant Maheshwari Investing,INH000017949,RA,Fundamental,Momentum / Factor / Quant,2023-03-02,2023-03-03,3.6,UNPUBLISHED,no,yes,225571,1y:29500,29500,29.5,14.75,none,3,21,85.3,14.7,0,17.2,12.9,4Y,-0.4,1.7,9.1,True,no
BAMIMO_0004,BM Vision 2030 Fundamental,basant-maheshwari-investing,Basant Maheshwari Investing,INH000017949,RA,Fundamental,Momentum / Factor / Quant,2022-06-20,2022-06-21,4.3,UNPUBLISHED,no,yes,50392,1y:59000,59000,59.0,29.5,none,24,12,26.7,32.1,41.2,16.2,19.6,4Y,-2.5,-0.4,9.9,True,no
BAMIMO_0005,BM Top 10 Fundamental,basant-maheshwari-investing,Basant Maheshwari Investing,INH000017949,RA,Fundamental,Momentum / Factor / Quant,2024-01-10,2024-01-11,2.7,UNPUBLISHED,no,yes,106604,1y:39648,39648,39.65,19.82,quarterly,13,10,95.1,4.9,0,14.3,-0.5,3Y,-2.5,-5.6,,True,no
BARENM_0001,Prime Real Estate Income - REIT Portfolio Theme,bastion-research,Bastion Research,INH000023199,RA,Thematic,Infrastructure,2026-06-22,2026-06-22,0.3,UNPUBLISHED,no,yes,3519,1y:3540,3540,3.54,1.77,none,1,4,0,50,50,79.4,1.8,4M,,,,True,no
BULCFMM_0002,Bullcapital Value Select Fundamental,bull-capital,Bullcapital,INH000021526,RA,Fundamental,Momentum / Factor / Quant,2026-04-07,2026-04-07,0.5,UNPUBLISHED,no,yes,205909,1y:8999; 6m:4999,8999,9.0,4.5,none,3,17,29.0,50,21.0,19.1,-3.3,6M,,,,True,no
BULCFMM_0003,Bullcapital Growth Leaders Fundamental,bull-capital,Bullcapital,INH000021526,RA,Fundamental,Momentum / Factor / Quant,2026-04-07,2026-04-07,0.5,UNPUBLISHED,no,yes,194923,1y:9999; 6m:5999,9999,10.0,5.0,none,5,16,44.5,41,14.5,35.9,2.9,6M,,,,True,no
BULCFMM_0004,Bullcapital Nifty Junior Core 10 Fundamental,bull-capital,Bullcapital,INH000021526,RA,Fundamental,Mutual-fund / ETF basket,2026-04-16,2026-04-16,0.5,UNPUBLISHED,no,yes,163684,1y:9999,9999,10.0,5.0,none,0,10,81,19,0,19.4,-2.2,6M,,,,True,no
BULCFMM_0005,Bullcapital Nifty Core 10 Fundamental,bull-capital,Bullcapital,INH000021526,RA,Fundamental,Mutual-fund / ETF basket,2026-04-17,2026-04-17,0.5,UNPUBLISHED,no,yes,100977,1y:9999,9999,10.0,5.0,none,2,10,91,9,0,27.8,-8.3,6M,,,,True,no
BULCQM_0001,Alpha Harvest Protect Quant,bull-capital,Bullcapital,INH000021526,RA,Quant,Momentum / Factor / Quant,2026-05-04,2026-05-04,0.4,UNPUBLISHED,no,yes,14685,1y:7999; 6m:4999,7999,8.0,4.0,monthly,5,4,5,15,0,,-0.2,5M,,,,True,no
BULCQM_0002,Alpha Harvest Amplify Quant,bull-capital,Bullcapital,INH000021526,RA,Quant,Capital goods / Manufacturing,2026-05-04,2026-05-04,0.4,UNPUBLISHED,no,yes,11520,1y:9999; 6m:5999,9999,10.0,5.0,monthly,5,4,0,0,28.0,,1.8,5M,,,,True,no
BULCQM_0003,Alpha Harvest Surge Quant,bull-capital,Bullcapital,INH000021526,RA,Quant,Momentum / Factor / Quant,2026-05-04,2026-05-04,0.4,UNPUBLISHED,no,yes,894,1y:11999; 6m:6999,11999,12.0,6.0,monthly,5,3,0,46,0,,-3.7,5M,,,,True,no
BULCQM_0004,Alpha Harvest Rotation 4X Quant,bull-capital,Bullcapital,INH000021526,RA,Quant,Momentum / Factor / Quant,2026-05-04,2026-05-04,0.4,UNPUBLISHED,no,yes,5759,1y:13999; 6m:7499,13999,14.0,7.0,monthly,5,4,0,7.0,3,,2.5,5M,,,,True,no
BULCQM_0005,Alpha Harvest Rotation 5X Quant,bull-capital,Bullcapital,INH000021526,RA,Quant,Momentum / Factor / Quant,2026-05-04,2026-05-04,0.4,UNPUBLISHED,no,yes,24551,1y:14999; 6m:7999,14999,15.0,7.5,monthly,5,5,3,7.0,3,,1.0,5M,,,,True,no
BULCQM_0006,Alpha Harvest Argent Quant,bull-capital,Bullcapital,INH000021526,RA,Quant,Momentum / Factor / Quant,2026-05-04,2026-05-04,0.4,UNPUBLISHED,no,yes,1567,1y:12999; 6m:6999,12999,13.0,6.5,monthly,5,3,0,8,0,,-4.7,5M,,,,True,no
BULCTR_0001,Bullcapital FinEdge Theme,bull-capital,Bullcapital,INH000021526,RA,Thematic,Diversified / other (Thematic),2026-04-01,2026-04-02,0.5,UNPUBLISHED,no,yes,71128,1y:7999; 6m:4499,7999,8.0,4.0,monthly,7,12,12.5,40,47.5,20.2,8.3,6M,,,,True,no
BULLMO_0002,Momentum - Growth Stocks Model,bullish-india,Bullish India,INH000010070,RA,Mixed-Model,Momentum / Factor / Quant,2023-03-28,2023-03-29,3.5,UNPUBLISHED,no,yes,50000,1y:20000; 6m:12000,20000,20.0,10.0,none,128,12,0,10,90.0,30.0,29.2,3Y,-0.5,-10.0,12.7,True,no
BULLMO_0003,Large - Mid - Small Cap Wonders Model,bullish-india,Bullish India,INH000010070,RA,Mixed-Model,IT / Tech,2023-09-29,2023-10-03,3.0,UNPUBLISHED,no,yes,50000,1y:20000; 6m:12000,20000,20.0,10.0,none,74,10,0,10,90.0,29.1,14.7,3Y,-2.9,-6.2,15.3,True,no
BULLMO_0004,BULLISH INDIA Technicals Model,bullish-india,Bullish India,INH000010070,RA,Mixed-Model,IT / Tech,2024-04-02,2024-04-03,2.5,UNPUBLISHED,no,yes,83645,1y:20000; 6m:12000,20000,20.0,10.0,none,63,14,5,0,95,37.0,5.3,2Y,-11.0,-8.6,,True,no
THIVFMM_0004,CT Small & Midcap Compounders Fundamental,thoughtful-investors,CA Tapan Doshi,INH000022932,RA,Fundamental,Momentum / Factor / Quant,2026-03-23,2026-03-24,0.5,UNPUBLISHED,no,yes,31475,1y:8999; 6m:6999,8999,9.0,4.5,quarterly,2,17,0,0,100.0,22.0,27.2,7M,,,,True,no
THIVFMM_0005,CT Power Mega Trend Theme,thoughtful-investors,CA Tapan Doshi,INH000022932,RA,Thematic,Energy / Power,2026-03-23,2026-03-24,0.5,UNPUBLISHED,no,yes,68875,1y:8999; 6m:6999,8999,9.0,4.5,quarterly,2,15,55.5,8,36.5,25.8,12.4,7M,,,,True,no
THIVNM_0002,CT Defence Compounders Theme,thoughtful-investors,CA Tapan Doshi,INH000022932,RA,Thematic,Defence,2026-03-31,2026-04-01,0.5,UNPUBLISHED,no,yes,198124,1y:8999; 6m:6999,8999,9.0,4.5,quarterly,2,16,25,24.0,51,61.6,32.4,6M,,,,True,no
THIVNM_0003,CT Pharma & Hospitals Megatrend Theme,thoughtful-investors,CA Tapan Doshi,INH000022932,RA,Thematic,Pharma / Healthcare,2026-06-30,2026-06-30,0.3,UNPUBLISHED,no,yes,35284,1y:8999; 6m:6999,8999,9.0,4.5,quarterly,0,16,0,39,61.0,44.7,-3.8,3M,,,,True,no
CWEHET_0001,CAGRwealth Balanced Blend Asset Allocation,cagr-wealth,CAGRwealth,INA100016406,RIA,Asset-Allocation,Banks / Financials,2023-11-01,2023-11-02,2.9,UNPUBLISHED,no,yes,4169,1y:5000,5000,5.0,2.5,quarterly,11,7,0,0,0,,18.3,3Y,4.4,5.5,,True,no
CWEHMO_0002,CAGRwealth Flexicap Model Fundamental,cagr-wealth,CAGRwealth,INA100016406,RIA,Fundamental,Banks / Financials,2022-06-01,2022-06-02,4.4,UNPUBLISHED,no,yes,268235,1y:8000; 3m:2499,8000,8.0,4.0,none,33,28,19.1,15.2,65.7,25.1,22.2,4Y,5.6,4.1,21.7,True,no
CWEHMO_0004,CAGR Value Momentum Factor Model,cagr-wealth,CAGRwealth,INA100016406,RIA,Factor-Model,Momentum / Factor / Quant,2024-01-02,2022-05-04,4.4,UNPUBLISHED,no,yes,118668,1m:1(AUM%),,,,monthly,51,30,0,10.6,89.4,15.5,12.6,4Y,-15.5,-12.3,9.1,True,no
CAPIMO_0001,Caprize Earnings Momentum Portfolio Fundamental,caprize-investment,CAPRIZE INVESTMENT MANAGERS PRIVATE LIMITED,INH000015446,RA,Fundamental,Momentum / Factor / Quant,2024-04-05,2024-04-08,2.5,UNPUBLISHED,no,yes,96000,1y:7078; 6m:3894,7078,7.08,3.54,none,29,22,0,12,84.0,61.1,23.9,2Y,44.4,24.3,,True,no
CAPINM_0001,Midcap and Smallcap - Portfolio Size Model,caprize-investment,CAPRIZE INVESTMENT MANAGERS PRIVATE LIMITED,INH000015446,RA,Factor-Model,Momentum / Factor / Quant,2024-06-12,2024-06-13,2.3,UNPUBLISHED,no,yes,150000,1y:9204; 6m:4956,9204,9.2,4.6,none,29,23,0,8,84.0,66.7,24.6,2Y,50.5,25.0,,True,no
CAPMMO_0002,Care Large & Midcap Fundamental,care-pms,CARE PORTFOLIO MANAGERS PRIVATE LIMITED,INA000017444,RIA,Fundamental,Momentum / Factor / Quant,2024-04-16,2024-04-18,2.5,UNPUBLISHED,no,yes,1000000,1m:1(AUM%),,,,none,34,16,73.0,27,0,18.4,5.9,2Y,-7.8,-2.4,,True,no
UNVMO_0003,Wealth Compunders Growth Model,unovest,Candor Investing,INH000019798,RA,Factor-Model,Banks / Financials,2021-02-08,2021-10-20,5.0,UNPUBLISHED,no,yes,73621,1y:11800; 3m:4001,11800,11.8,5.9,none,12,9,0,0,89.0,14.0,18.5,5Y,10.2,4.4,7.4,True,no
CEDET_0001,Smart ETF Asset Allocation,cedcapital,Compound Everyday Capital,INA000017198,RIA,Asset-Allocation,Momentum / Factor / Quant,2021-04-06,2021-04-07,5.5,UNPUBLISHED,no,yes,3118,1y:3100; 6m:2100,3100,3.1,1.55,none,6,5,15,0,0,,17.2,5Y,-0.4,14.9,21.1,True,no
CEDMO_0001,Sustainable Compounders Fundamental,cedcapital,Compound Everyday Capital,INA000017198,RIA,Fundamental,Momentum / Factor / Quant,2020-02-26,2020-02-27,6.6,UNPUBLISHED,no,yes,95789,1y:10620,10620,10.62,5.31,none,11,19,23,18,49,19.6,15.9,7Y,0.5,8.2,17.7,True,no
COWAMO_0001,CWA All Caps 35 Quant,compounding-wealth,Compounding Wealth Advisors,INH000019983,RA,Quant,IT / Tech,2023-03-22,2023-03-23,3.5,UNPUBLISHED,no,yes,250000,1y:11800; 6m:7080,11800,11.8,5.9,weekly,184,33,8,18,74.0,23.9,29.8,3Y,28.9,6.0,19.6,True,no
COWAMO_0002,CWA MILT 25 Quant,compounding-wealth,Compounding Wealth Advisors,INH000019983,RA,Quant,IT / Tech,2023-03-22,2023-03-23,3.5,UNPUBLISHED,no,yes,258002,1y:11800; 6m:7080,11800,11.8,5.9,weekly,184,25,7.0,24.0,69.0,22.4,28.4,3Y,32.0,4.1,19.1,True,no
COWAMO_0003,CWA Large Cap Leaders Quant,compounding-wealth,Compounding Wealth Advisors,INH000019983,RA,Quant,IT / Tech,2023-03-22,2023-03-23,3.5,UNPUBLISHED,no,yes,95517,1y:11800; 6m:7080,11800,11.8,5.9,weekly,185,15,85.0,15.0,0,47.5,13.0,3Y,-4.4,-3.6,11.5,True,no
COWAMO_0004,CWA Everest 10 Quant,compounding-wealth,Compounding Wealth Advisors,INH000019983,RA,Quant,IT / Tech,2023-03-22,2023-03-23,3.5,UNPUBLISHED,no,yes,78552,1y:11800; 6m:7080,11800,11.8,5.9,weekly,185,10,22,20,58.0,11.6,21.6,3Y,6.8,-6.4,12.4,True,no
COWAMO_0005,CWA Fantastic 50 Quant,compounding-wealth,Compounding Wealth Advisors,INH000019983,RA,Quant,IT / Tech,2023-03-22,2023-03-23,3.5,UNPUBLISHED,no,yes,470071,1y:11800; 6m:7080,11800,11.8,5.9,weekly,185,50,15.0,33,52.0,26.8,16.6,3Y,8.8,-0.6,10.9,True,no
COWAMO_0006,CWA Multi-Cap Momentum Gladiators Quant,compounding-wealth,Compounding Wealth Advisors,INH000019983,RA,Quant,IT / Tech,2023-03-22,2023-03-23,3.5,UNPUBLISHED,no,yes,87003,1y:11800; 6m:7080,11800,11.8,5.9,weekly,184,20,20,32,48,27.9,18.0,3Y,5.3,-5.8,10.1,True,no
COWAMO_0007,CWA Dual Momentum Quant,compounding-wealth,Compounding Wealth Advisors,INH000019983,RA,Quant,Momentum / Factor / Quant,2024-05-30,2024-05-31,2.4,UNPUBLISHED,no,yes,190597,1y:11800; 6m:7080,11800,11.8,5.9,weekly,123,20,6,21,73,22.0,9.8,2Y,45.9,6.4,,True,no
COWAMO_0008,CWA Multi-Asset Asset Allocation,compounding-wealth,Compounding Wealth Advisors,INH000019983,RA,Asset-Allocation,Momentum / Factor / Quant,2024-05-30,2024-05-31,2.4,UNPUBLISHED,no,yes,310296,1y:11800; 6m:7080,11800,11.8,5.9,weekly,122,22,5,15,34.0,79.6,21.1,2Y,27.4,22.9,,True,no
COWANM_0001,CWA Manufacturing - China Plus One Theme,compounding-wealth,Compounding Wealth Advisors,INH000019983,RA,Thematic,Capital goods / Manufacturing,2024-05-30,2024-05-31,2.4,UNPUBLISHED,no,yes,361555,1y:11800; 6m:7080,11800,11.8,5.9,weekly,122,20,6,34,60,45.0,10.8,2Y,41.7,6.8,,True,no
COWANM_0002,CWA Infrastructure Theme,compounding-wealth,Compounding Wealth Advisors,INH000019983,RA,Thematic,Infrastructure,2024-05-30,2024-05-31,2.4,UNPUBLISHED,no,yes,97255,1y:11800; 6m:7080,11800,11.8,5.9,weekly,122,10,11,32,57.0,30.8,15.1,2Y,65.4,10.6,,True,no
COWANM_0003,CWA Defence Theme,compounding-wealth,Compounding Wealth Advisors,INH000019983,RA,Thematic,Defence,2024-05-30,2024-05-31,2.4,UNPUBLISHED,yes,yes,97509,1y:11800; 6m:7080,11800,11.8,5.9,weekly,122,10,14.0,0,86,89.6,40.2,2Y,30.3,41.9,,True,no
COWANM_0004,"CWA HFT - Healthcare, FMCG & Technology Theme",compounding-wealth,Compounding Wealth Advisors,INH000019983,RA,Thematic,Consumption,2024-09-01,2024-09-02,2.1,UNPUBLISHED,no,yes,207277,1y:11800; 6m:7080,11800,11.8,5.9,weekly,107,18,30.0,37,33.0,49.5,-3.4,2Y,-1.4,-4.4,,True,no
COWANM_0005,CWA Metals Theme,compounding-wealth,Compounding Wealth Advisors,INH000019983,RA,Thematic,Metals / Materials,2025-09-30,2025-10-01,1.0,UNPUBLISHED,no,yes,23274,1y:11800; 6m:7080,11800,11.8,5.9,weekly,53,10,24,61.0,15.0,25.6,23.2,1Y,24.8,,,True,no
COWANM_0006,CWA Pharma Nextgen Theme,compounding-wealth,Compounding Wealth Advisors,INH000019983,RA,Thematic,Pharma / Healthcare,2026-03-10,2026-03-11,0.6,UNPUBLISHED,no,yes,238745,1y:11800; 6m:7080,11800,11.8,5.9,weekly,28,25,14.0,23,63,55.9,26.2,7M,,,,True,no
COWANM_0007,CWA Energy Next Theme,compounding-wealth,Compounding Wealth Advisors,INH000019983,RA,Thematic,Energy / Power,2026-05-04,2026-05-04,0.4,UNPUBLISHED,no,yes,203424,1y:11800; 6m:7080,11800,11.8,5.9,weekly,21,25,27,8,65.0,55.4,3.0,5M,,,,True,no
COWANM_0008,CWA Commodities & Cyclicals Theme,compounding-wealth,Compounding Wealth Advisors,INH000019983,RA,Thematic,Metals / Materials,2026-09-16,2026-09-16,0.1,UNPUBLISHED,no,yes,276491,1y:11800; 6m:7080,11800,11.8,5.9,weekly,3,33,6,21,73.0,28.1,3.9,1M,,,,True,no
COWAQM_0004,CWA Smart Select Quant,compounding-wealth,Compounding Wealth Advisors,INH000019983,RA,Quant,IT / Tech,2025-03-27,2025-03-28,1.5,UNPUBLISHED,no,yes,188420,1y:11800; 6m:7080,11800,11.8,5.9,weekly,79,26,44.0,30,26,33.2,6.5,1Y,4.1,,,True,no
COWAQM_0005,CWA Samvat 2082 Quant,compounding-wealth,Compounding Wealth Advisors,INH000019983,RA,Quant,Momentum / Factor / Quant,2025-10-15,2025-10-16,1.0,UNPUBLISHED,no,no,77692,free (no plan),,,,none,0,10,40,40,20,31.9,31.8,11M,,,,True,no
COWAQM_0008,CWA EMERGING TITANS Quant,compounding-wealth,Compounding Wealth Advisors,INH000019983,RA,Quant,IT / Tech,2026-02-04,2026-02-05,0.7,UNPUBLISHED,no,yes,257901,1y:11800; 6m:7080,11800,11.8,5.9,weekly,34,25,0,12,88.0,51.6,27.9,8M,,,,True,no
COWAQM_0009,CWA NanoCaps Quant,compounding-wealth,Compounding Wealth Advisors,INH000019983,RA,Quant,Momentum / Factor / Quant,2026-06-15,2026-06-15,0.3,UNPUBLISHED,no,yes,111954,1y:11800; 6m:7080,11800,11.8,5.9,weekly,16,25,0,0,100.0,15.9,6.7,4M,,,,True,no
DIANFMM_0001,Fortune 2030 Adaptive Alpha Asset Allocation,Divitiae-analytics,Divitiae Investments,INH000023597,RA,Asset-Allocation,Momentum / Factor / Quant,2025-12-21,2025-12-22,0.8,UNPUBLISHED,no,yes,50547,1y:9999; 6m:5999,9999,10.0,5.0,none,10,18,6,0,89.0,42.9,16.1,10M,,,,True,no
DIANFMM_0003,Divitiae Value Advantage Fundamental,Divitiae-analytics,Divitiae Investments,INH000023597,RA,Fundamental,Momentum / Factor / Quant,2026-01-14,2026-01-16,0.7,UNPUBLISHED,no,yes,69730,1y:9999; 3m:3000; 6m:5999,9999,10.0,5.0,none,12,20,0,7.0,93.0,19.4,21.7,9M,,,,True,no
DIANMX_0001,Divitiae Momentum Alpha Drive Quant,Divitiae-analytics,Divitiae Investments,INH000023597,RA,Quant,Momentum / Factor / Quant,2026-01-14,2026-01-16,0.7,UNPUBLISHED,no,yes,117136,1y:9999; 6m:5999,9999,10.0,5.0,none,31,21,5,15.0,80.0,22.2,17.8,9M,,,,True,no
DIANNM_0001,Divitiae Export Compounders Theme,Divitiae-analytics,Divitiae Investments,INH000023597,RA,Thematic,Momentum / Factor / Quant,2026-02-06,2026-02-09,0.7,UNPUBLISHED,no,yes,69854,1y:9999; 6m:5999,9999,10.0,5.0,none,4,18,4,4,80.0,36.1,17.6,8M,,,,True,no
DIANNM_0002,Divitiae Healthcare Compounders Tracker,Divitiae-analytics,Divitiae Investments,INH000023597,RA,Sector-Trackers,Pharma / Healthcare,2026-03-11,2026-03-12,0.6,UNPUBLISHED,no,yes,79386,1y:9999; 6m:5999,9999,10.0,5.0,quarterly,11,19,0,6,78,52.1,52.1,7M,,,,True,no
DIANNM_0003,Divitiae AI & Innovation Leaders Theme,Divitiae-analytics,Divitiae Investments,INH000023597,RA,Thematic,IT / Tech,2026-04-28,2026-04-28,0.4,UNPUBLISHED,no,yes,116369,1y:10200; 6m:6150,10200,10.2,5.1,none,10,17,24,8,46,65.0,17.5,5M,,,,True,no
EBFSMX_0001,EquiBoost Dynamic Model,equiboost-finserv,Equiboost Finserv Private Limited,INH000020457,RA,Mixed-Model,IT / Tech,2025-09-05,2025-09-08,1.1,UNPUBLISHED,no,yes,26517,1y:10450; 6m:6150,10450,10.45,5.22,none,7,15,7.0,53,40,18.5,27.3,1Y,21.5,,,True,no
EBFSMX_0002,EquiBoost Hidden Gems Fundamental,equiboost-finserv,Equiboost Finserv Private Limited,INH000020457,RA,Fundamental,IT / Tech,2025-09-20,2025-09-22,1.0,UNPUBLISHED,no,yes,1000000,1y:20850; 6m:12250,20850,20.85,10.43,none,11,18,0,27.8,72.2,10.0,16.1,1Y,16.1,,,True,no
EBFSNM_0001,EquiBoost Ethical Theme,equiboost-finserv,Equiboost Finserv Private Limited,INH000020457,RA,Thematic,IT / Tech,2025-09-20,2025-09-22,1.0,UNPUBLISHED,no,yes,24608,1y:10450; 6m:6150,10450,10.45,5.22,none,8,10,28.0,52,20,20.6,37.3,1Y,33.7,,,True,no
EBFSNM_0002,EquiBoost Metal & Mining Theme,equiboost-finserv,Equiboost Finserv Private Limited,INH000020457,RA,Thematic,Metals / Materials,2026-04-01,2026-04-02,0.5,UNPUBLISHED,no,yes,10142,1y:5250; 6m:3100,5250,5.25,2.62,none,4,10,30.0,40,30.0,18.5,-8.6,6M,,,,True,no
EBFSNM_0003,EquiBoost Capital Markets Theme,equiboost-finserv,Equiboost Finserv Private Limited,INH000020457,RA,Thematic,Diversified / other (Thematic),2026-04-01,2026-04-02,0.5,UNPUBLISHED,no,yes,26256,1y:5250; 6m:3100,5250,5.25,2.62,none,3,8,0,12.5,87.5,27.0,10.0,6M,,,,True,no
EBFSNM_0004,EquiBoost Pharma & Healthcare Theme,equiboost-finserv,Equiboost Finserv Private Limited,INH000020457,RA,Thematic,Pharma / Healthcare,2026-04-01,2026-04-02,0.5,UNPUBLISHED,no,yes,13551,1y:5250; 6m:3100,5250,5.25,2.62,none,4,7,0,71.4,28.6,42.8,13.6,6M,,,,True,no
EBFSNM_0005,EquiBoost Public Sector Undertaking - PSU Theme,equiboost-finserv,Equiboost Finserv Private Limited,INH000020457,RA,Thematic,Infrastructure,2026-04-01,2026-04-02,0.5,UNPUBLISHED,no,yes,11612,1y:5250; 6m:3100,5250,5.25,2.62,none,3,11,37,45.0,18,10.7,-1.5,6M,,,,True,no
EBFSNM_0006,EquiBoost PSU Banks & NBFCs Theme,equiboost-finserv,Equiboost Finserv Private Limited,INH000020457,RA,Thematic,Banks / Financials,2026-04-01,2026-04-02,0.5,UNPUBLISHED,no,yes,2800,1y:5250; 6m:3100,5250,5.25,2.62,none,2,5,40,20,40,6.3,12.2,6M,,,,True,no
EBFSNM_0007,EquiBoost NextGen Theme,equiboost-finserv,Equiboost Finserv Private Limited,INH000020457,RA,Thematic,Diversified / other (Thematic),2026-05-07,2026-05-07,0.4,UNPUBLISHED,no,yes,51564,1y:10200; 6m:6150,10200,10.2,5.1,none,4,11,9.1,0,90.9,177.9,-1.9,5M,,,,True,no
EREQAA_0001,EquiVision - Flexicap Asset Allocation,equity-research-equivision,Equivision Consulting,INH000012801,RA,Asset-Allocation,Momentum / Factor / Quant,2025-03-25,2025-03-26,1.5,UNPUBLISHED,no,yes,397457,1y:10550; 6m:6250,10550,10.55,5.28,none,9,25,36,24.0,40.0,44.6,23.8,1Y,18.3,,,True,no
EREQFMM_0007,EquiWealth - Largecap Fundamental,equity-research-equivision,Equivision Consulting,INH000012801,RA,Fundamental,Banks / Financials,2025-03-25,2025-03-26,1.5,UNPUBLISHED,no,yes,399121,1y:6250; 6m:3800,6250,6.25,3.12,none,4,19,80,20,0,42.3,2.8,1Y,-7.0,,,True,no
EREQFMM_0008,EquiFocus - Multicap Fundamental,equity-research-equivision,Equivision Consulting,INH000012801,RA,Fundamental,Momentum / Factor / Quant,2025-03-25,2025-03-26,1.5,UNPUBLISHED,no,yes,397116,1y:9440; 6m:5900,9440,9.44,4.72,none,10,25,36,24.0,40,44.7,23.1,1Y,19.6,,,True,no
EREQFMM_0009,EquiGrowth - HNI Fundamental,equity-research-equivision,Equivision Consulting,INH000012801,RA,Fundamental,Momentum / Factor / Quant,2025-03-25,2025-03-26,1.5,UNPUBLISHED,no,yes,102742,1y:61450; 6m:36950,61450,61.45,30.73,none,15,25,0,15.0,85.0,51.1,30.0,1Y,24.2,,,True,no
EREQFMM_0010,EquiPower Smallcap Fundamental,equity-research-equivision,Equivision Consulting,INH000012801,RA,Fundamental,Energy / Power,2026-03-02,2026-03-04,0.6,UNPUBLISHED,no,yes,208473,1y:14800; 6m:9900,14800,14.8,7.4,none,4,28,0,16,84.0,44.6,48.3,7M,,,,True,no
EREQFMM_0013,EquiCore Midcap Fundamental,equity-research-equivision,Equivision Consulting,INH000012801,RA,Fundamental,Mutual-fund / ETF basket,2026-09-01,2026-09-01,0.1,UNPUBLISHED,no,yes,505787,1y:16520; 6m:9440,16520,16.52,8.26,none,0,24,4.2,33.4,62.5,61.4,-2.1,1M,,,,True,no
EREQFMM_0014,EquiRise SME Fundamental,equity-research-equivision,Equivision Consulting,INH000012801,RA,Fundamental,Mutual-fund / ETF basket,2026-09-01,2026-09-01,0.1,UNPUBLISHED,no,yes,2500000,1y:17700; 6m:10620,17700,17.7,8.85,none,1,24,0,0,100.0,32.4,-0.2,1M,,,,True,no
EREQMO_0005,EquiSecure Theme,equity-research-equivision,Equivision Consulting,INH000012801,RA,Thematic,Momentum / Factor / Quant,2024-10-28,2024-10-29,1.9,UNPUBLISHED,no,yes,207614,1y:9440; 6m:5900,9440,9.44,4.72,none,18,25,0,16,84.0,55.7,14.5,2Y,31.0,,,True,no
EREQMO_0007,Equi Momentum Model,equity-research-equivision,Equivision Consulting,INH000012801,RA,Factor-Model,Momentum / Factor / Quant,2024-10-28,2024-10-29,1.9,UNPUBLISHED,no,yes,134409,1y:12350; 6m:7450,12350,12.35,6.17,none,19,26,0,15.0,85.0,47.6,62.8,2Y,30.1,,,True,no
EREQQM_0002,EquiTrade Quant,equity-research-equivision,Equivision Consulting,INH000012801,RA,Quant,Momentum / Factor / Quant,2026-07-24,2026-07-24,0.2,UNPUBLISHED,no,yes,161827,1y:141600; 6m:82600,141600,141.6,70.8,none,2,25,4,8,88.0,62.8,8.0,3M,,,,True,no
ESTMO_0001,Gulaq Gear 6 Quant,esteeadvisors,Estee,INH000019503,RA,Quant,Momentum / Factor / Quant,2020-05-11,2020-05-12,6.4,PUBLISHED,yes,yes,24000,1y:5900; 6m:3500,5900,5.9,2.95,monthly,78,15,27.4,22.7,49.9,12.1,33.0,6Y,-11.8,-9.3,7.8,True,no
ESTMO_0002,Gulaq Gear 5 Quant,esteeadvisors,Estee,INH000019503,RA,Quant,Momentum / Factor / Quant,2020-05-27,2020-05-28,6.4,UNPUBLISHED,no,yes,40000,1y:5900; 6m:3500,5900,5.9,2.95,monthly,78,16,21.8,18.2,40,12.1,24.8,6Y,-8.6,-5.4,8.4,True,no
ESTMO_0003,Gulaq Gear 3 Quant,esteeadvisors,Estee,INH000019503,RA,Quant,Momentum / Factor / Quant,2020-05-27,2020-05-28,6.4,UNPUBLISHED,no,yes,80000,1y:5900; 6m:3500,5900,5.9,2.95,monthly,78,16,10.9,9.1,20,12.0,15.7,6Y,-2.1,2.7,9.5,True,no
ESTMO_0007,Gulaq Gear 4 Quant,esteeadvisors,Estee,INH000019503,RA,Quant,Momentum / Factor / Quant,2022-09-02,2022-09-05,4.1,UNPUBLISHED,no,yes,42000,1y:5900; 6m:3500,5900,5.9,2.95,monthly,50,16,16.4,13.6,30.0,12.1,14.0,4Y,-7.0,-2.3,8.3,True,no
ESTNM_0001,Gulaq Smallcap Quant,esteeadvisors,Estee,INH000019503,RA,Quant,Momentum / Factor / Quant,2024-12-02,2024-12-03,1.8,UNPUBLISHED,no,yes,100000,1y:5900; 6m:3500,5900,5.9,2.95,monthly,22,15,0,0,100,19.3,0.4,2Y,7.1,,,True,no
ESTNM_0002,Gulaq Midcap Quant,esteeadvisors,Estee,INH000019503,RA,Quant,Momentum / Factor / Quant,2024-12-02,2024-12-03,1.8,UNPUBLISHED,no,yes,100000,1y:5900; 6m:3500,5900,5.9,2.95,monthly,22,15,4.8,79.8,15.4,28.1,-9.8,2Y,-7.6,,,True,no
ESTNM_0003,Gulaq Largecap Quant,esteeadvisors,Estee,INH000019503,RA,Quant,Momentum / Factor / Quant,2024-12-02,2024-12-03,1.8,UNPUBLISHED,no,yes,100000,1y:5900; 6m:3500,5900,5.9,2.95,monthly,22,15,97.2,2.8,0,16.6,-13.6,2Y,-13.5,,,True,no
EHAET_0001,ETF Powerpack Intermediate Asset Allocation,ethicaladvisers,Ethical Advisers,INA000007818,RIA,Asset-Allocation,Energy / Power,2021-09-27,2021-09-28,5.0,UNPUBLISHED,no,yes,4129,1y:150(one-time),150,0.15,0.07,quarterly,19,7,47.5,0,0,,15.3,5Y,9.1,12.1,18.1,True,no
EHAET_0002,ETF Powerpack  Seasoned Investors Asset Allocation,ethicaladvisers,Ethical Advisers,INA000007818,RIA,Asset-Allocation,Energy / Power,2021-09-27,2021-09-28,5.0,UNPUBLISHED,no,yes,2890,1y:150(one-time),150,0.15,0.07,quarterly,19,6,55.0,0,0,,16.2,5Y,7.0,8.0,17.1,True,no
EHAET_0003,ETF Powerpack for Beginners Asset Allocation,ethicaladvisers,Ethical Advisers,INA000007818,RIA,Asset-Allocation,Energy / Power,2021-09-27,2021-09-28,5.0,UNPUBLISHED,no,yes,5796,1y:150,150,0.15,0.07,quarterly,19,7,35,0,0,,15.5,5Y,12.0,17.5,19.8,True,no
EHAFMM_0002,Dividend Advantage Fund Fundamental,ethicaladvisers,Ethical Advisers,INA000007818,RIA,Fundamental,Momentum / Factor / Quant,2026-04-09,2026-04-10,0.5,UNPUBLISHED,no,yes,176583,1m:749; 1y:7500; 3m:2099; 6m:4001,7500,7.5,3.75,quarterly,1,32,54.9,27.1,17.9,10.0,-6.2,6M,,,,True,no
EHAMO_0001,Financial Services Powerpack Theme,ethicaladvisers,Ethical Advisers,INA000007818,RIA,Thematic,Banks / Financials,2020-06-05,2020-06-08,6.3,UNPUBLISHED,no,yes,99492,1m:749; 3m:2049; 6m:3999,,,,quarterly,50,24,44.0,28.0,28.0,11.7,21.1,6Y,-0.6,2.6,10.8,True,no
EHAMO_0002,Auto Pack - Stepping Up the Gear Theme,ethicaladvisers,Ethical Advisers,INA000007818,RIA,Thematic,Autos / EV,2020-06-06,2020-06-08,6.3,UNPUBLISHED,no,yes,223976,1m:825; 1y:8500; 3m:2250; 6m:4400,8500,8.5,4.25,quarterly,48,23,39.0,17.9,43.1,18.8,27.6,6Y,-6.5,2.7,19.9,True,no
EHAMO_0003,Handpicked PSU GEMS Theme,ethicaladvisers,Ethical Advisers,INA000007818,RIA,Thematic,Infrastructure,2020-06-09,2020-06-10,6.3,UNPUBLISHED,no,yes,116216,1m:825; 1y:8500; 3m:2250; 6m:4400,8500,8.5,4.25,quarterly,50,26,35,23,42.0,11.1,24.0,6Y,-11.6,-7.7,18.3,True,no
EHANM_0001,The Resilient Pack Theme,ethicaladvisers,Ethical Advisers,INA000007818,RIA,Thematic,IT / Tech,2020-05-01,2020-05-04,6.4,UNPUBLISHED,no,yes,180549,1m:749; 3m:2049; 6m:3999,,,,quarterly,92,24,63.0,25.5,11.5,11.1,23.2,6Y,-2.3,-2.9,9.2,True,no
EHANM_0002,The Dependables Theme,ethicaladvisers,Ethical Advisers,INA000007818,RIA,Thematic,Momentum / Factor / Quant,2020-06-01,2020-06-02,6.4,UNPUBLISHED,no,yes,123574,1m:749; 1y:7499; 3m:2049; 6m:3999,7499,7.5,3.75,quarterly,49,22,58.1,21.4,20.5,11.3,13.8,6Y,-14.0,-10.7,1.4,True,no
EHANM_0003,Pocket Money Investing Theme,ethicaladvisers,Ethical Advisers,INA000007818,RIA,Thematic,Diversified / other (Thematic),2020-07-21,2020-07-22,6.2,UNPUBLISHED,no,yes,42180,1m:149; 3m:399; 6m:749,,,,quarterly,49,26,40.6,22.8,36.5,10.6,22.3,6Y,-4.6,-0.2,13.9,True,no
EHANM_0005,The Crown Jewels Theme,ethicaladvisers,Ethical Advisers,INA000007818,RIA,Thematic,Momentum / Factor / Quant,2020-11-14,2020-11-17,5.9,UNPUBLISHED,no,yes,284670,6m:18900,,,,quarterly,23,25,60.5,18.4,21.0,16.2,11.8,6Y,-15.3,-10.3,4.6,True,no
EHANM_0006,The Dark Horse Pack Theme,ethicaladvisers,Ethical Advisers,INA000007818,RIA,Thematic,IT / Tech,2021-02-14,2021-02-15,5.6,UNPUBLISHED,no,yes,29946,1m:825; 1y:8500; 3m:2250; 6m:4400,8500,8.5,4.25,quarterly,27,21,15.5,6.2,78.3,13.2,20.1,6Y,3.2,-3.3,11.1,True,no
EHANM_0009,Cherrypicked PSU Financials Theme,ethicaladvisers,Ethical Advisers,INA000007818,RIA,Thematic,Banks / Financials,2021-04-09,2021-04-12,5.5,UNPUBLISHED,no,yes,29515,1m:825; 1y:8500; 3m:2250; 6m:4400,8500,8.5,4.25,quarterly,24,22,35,22.0,43.0,9.1,26.4,5Y,3.4,5.2,17.6,True,no
EHANM_0011,Happy Hours - Cheers to Good Times Theme,ethicaladvisers,Ethical Advisers,INA000007818,RIA,Thematic,Momentum / Factor / Quant,2021-06-21,2021-06-22,5.3,UNPUBLISHED,no,yes,90873,1m:825; 1y:8500; 3m:2250; 6m:4400,8500,8.5,4.25,quarterly,34,27,15.8,22.0,62.2,25.0,18.4,5Y,-8.1,-5.7,9.6,True,no
EHANM_0014,Naayaab Shariah Gems Theme,ethicaladvisers,Ethical Advisers,INA000007818,RIA,Thematic,Momentum / Factor / Quant,2021-10-18,2021-10-19,5.0,UNPUBLISHED,no,yes,227941,1m:825; 1y:8500; 3m:2250; 6m:4400,8500,8.5,4.25,quarterly,19,29,49.6,22.6,27.7,13.6,6.7,5Y,-7.6,-11.8,7.1,True,no
EHANM_0015,Housing Demand Resurgence Pack Theme,ethicaladvisers,Ethical Advisers,INA000007818,RIA,Thematic,Infrastructure,2021-11-09,2021-11-10,4.9,UNPUBLISHED,no,yes,137003,1m:749; 3m:2049; 6m:3999,,,,quarterly,19,25,39.5,18.5,42.0,21.7,1.1,5Y,-14.5,-14.3,-0.7,True,no
EHANM_0016,Bharat Green Fields Theme,ethicaladvisers,Ethical Advisers,INA000007818,RIA,Thematic,Energy / Power,2022-01-30,2022-01-31,4.7,UNPUBLISHED,no,yes,56337,1m:825; 1y:8500; 3m:2250; 6m:4400,8500,8.5,4.25,quarterly,18,22,0,9.5,90.5,20.4,7.2,5Y,-18.2,-8.5,7.3,True,no
EHANM_0018,Health is Wealth Theme,ethicaladvisers,Ethical Advisers,INA000007818,RIA,Thematic,Banks / Financials,2022-10-03,2022-10-04,4.0,UNPUBLISHED,no,yes,181539,1m:825; 1y:8501; 3m:2251; 6m:4400,8501,8.5,4.25,quarterly,16,22,29.8,35.6,34.6,33.6,18.7,4Y,10.6,0.8,16.6,True,no
EHANM_0019,The Innovators Theme,ethicaladvisers,Ethical Advisers,INA000007818,RIA,Thematic,Momentum / Factor / Quant,2022-10-08,2022-10-10,4.0,UNPUBLISHED,no,yes,81886,1m:749; 3m:2049; 6m:3999,,,,quarterly,15,25,20,24,56.0,95.5,14.3,4Y,-4.7,1.6,12.3,True,no
EHANM_0020,India Tech Titans Theme,ethicaladvisers,Ethical Advisers,INA000007818,RIA,Thematic,IT / Tech,2023-02-05,2023-02-06,3.7,UNPUBLISHED,no,yes,248251,1m:825; 1y:8500; 3m:2250; 6m:4400,8500,8.5,4.25,quarterly,15,22,27,24,49.0,26.7,12.4,4Y,-14.4,-9.8,5.8,True,no
EHANM_0022,High Growth Emerging Leaders Fundamental,ethicaladvisers,Ethical Advisers,INA000007818,RIA,Fundamental,Momentum / Factor / Quant,2025-10-26,2025-10-27,1.0,UNPUBLISHED,no,yes,91403,1m:749; 1y:6999; 3m:2049; 6m:4000,6999,7.0,3.5,quarterly,3,20,0,10,90.0,21.6,-6.7,11M,,,,True,no
EHASB_0001,ETF Powerpack for Equity Smart Beta,ethicaladvisers,Ethical Advisers,INA000007818,RIA,Smart-Beta,Energy / Power,2025-06-21,2025-06-23,1.3,UNPUBLISHED,no,yes,4937,1y:150(one-time),150,0.15,0.07,quarterly,4,5,45.0,25,0,,-4.0,1Y,-5.7,,,True,no
EHATR_0001,Metal Revival Theme,ethicaladvisers,Ethical Advisers,INA000007818,RIA,Thematic,Metals / Materials,2020-05-12,2020-05-13,6.4,UNPUBLISHED,no,yes,84151,1m:825; 1y:8500; 3m:2250; 6m:4400,8500,8.5,4.25,quarterly,47,22,33.2,27.5,39.3,16.0,33.4,6Y,7.3,6.0,22.6,True,no
FIINMO_0003,Finpire Swift Surge Portfolio Fundamental,finpire,FINPIRE Capital Research,INH100008638,RA,Fundamental,Momentum / Factor / Quant,2024-02-05,2024-02-06,2.7,UNPUBLISHED,no,yes,100000,1m:1(AUM%),,,,none,55,11,12.5,5,67.5,46.2,5.5,3Y,-21.1,0.9,,True,no
FIINNM_0002,FINPIRE NextGen Bluechip Fundamental,finpire,FINPIRE Capital Research,INH100008638,RA,Fundamental,Momentum / Factor / Quant,2022-05-12,2022-05-13,4.4,UNPUBLISHED,no,yes,64421,1y:14160,14160,14.16,7.08,none,109,9,7.5,0,77.5,65.9,11.3,4Y,-23.9,-4.0,11.0,True,no
FIINNM_0003,Finpire Strategic Defence Theme,finpire,FINPIRE Capital Research,INH100008638,RA,Thematic,Defence,2025-12-23,2025-12-24,0.8,UNPUBLISHED,no,yes,40013,1y:10620,10620,10.62,5.31,none,15,7,0,15,85,78.5,12.6,10M,,,,True,no
FIINQM_0001,Strength 10X Momentum Model,finpire,FINPIRE Capital Research,INH100008638,RA,Factor-Model,Momentum / Factor / Quant,2025-02-09,2025-02-10,1.7,UNPUBLISHED,no,yes,50000,1y:15340,15340,15.34,7.67,none,35,6,0,0,80,64.2,-5.8,2Y,-10.9,,,True,no
FIINTR_0001,Finpire Smart ETF Asset Allocation,finpire,FINPIRE Capital Research,INH100008638,RA,Asset-Allocation,Momentum / Factor / Quant,2026-01-02,2026-01-05,0.8,UNPUBLISHED,no,yes,1065,1y:3000,3000,3.0,1.5,none,11,6,0,20,20,,7.2,9M,,,,True,no
KIUPMO_0006,FidelFolio Shivalik Equity Quant,kislay-upadhyay,FidelFolio Investment,INA000016056,RIA,Quant,Momentum / Factor / Quant,2022-10-17,2022-10-18,4.0,UNPUBLISHED,no,yes,143771,1m:1(AUM%),,,,none,6,24,20.6,8.3,71.1,29.7,7.6,4Y,-8.2,-8.3,2.4,True,no
KIUPMO_0010,FidelFolio Everest Equity Quant,kislay-upadhyay,FidelFolio Investment,INA000016056,RIA,Quant,Momentum / Factor / Quant,2023-03-20,2023-03-21,3.6,UNPUBLISHED,no,yes,315143,1m:1(AUM%),,,,none,7,24,4.2,4.2,91.7,23.4,29.4,4Y,16.5,5.9,19.2,True,no
KIUPMO_0011,FidelFolio Kangchenjunga Equity Quant,kislay-upadhyay,FidelFolio Investment,INA000016056,RIA,Quant,Momentum / Factor / Quant,2023-03-20,2023-03-21,3.6,UNPUBLISHED,no,yes,106894,1m:1(AUM%),,,,none,5,25,8.0,12.0,80.0,18.2,25.7,4Y,4.6,5.2,13.6,True,no
KIUPMO_0019,FidelFolio K2 Equity Access Quant,kislay-upadhyay,FidelFolio Investment,INA000016056,RIA,Quant,Momentum / Factor / Quant,2023-03-26,2023-03-27,3.5,UNPUBLISHED,no,yes,34864,1y:6999; 6m:4499,6999,7.0,3.5,quarterly,5,22,3.8,4.6,91.6,22.7,28.7,3Y,2.9,2.1,20.2,True,no
KIUPQM_0001,FidelFolio Everest Equity Access Quant,kislay-upadhyay,FidelFolio Investment,INA000016056,RIA,Quant,Momentum / Factor / Quant,2025-08-22,2023-03-21,3.6,UNPUBLISHED,no,yes,75415,1y:6999; 6m:4499,6999,7.0,3.5,quarterly,9,21,0,4.6,95.4,20.4,28.8,4Y,13.2,5.0,18.5,True,no
KIUPQM_0004,FidelFolio Neuro Equity Quant,kislay-upadhyay,FidelFolio Investment,INA000016056,RIA,Quant,Momentum / Factor / Quant,2025-09-28,2025-09-29,1.0,UNPUBLISHED,no,yes,80413,1m:1(AUM%),,,,quarterly,1,25,4,8,88.0,11.6,6.0,1Y,4.7,,,True,no
FNNSMO_0002,Momentum Monthly rebalance Model,Finansys,Finansys,INA000015950,RIA,Factor-Model,Momentum / Factor / Quant,2023-09-03,2023-09-04,3.1,UNPUBLISHED,no,yes,12221,1m:999; 1y:6599; 3m:2999,6599,6.6,3.3,monthly,101,2,0,0,0,59.9,13.9,3Y,5.9,-0.7,16.3,True,no
FIROFMM_0001,FINZ Long Term Reema Fundamental,finkhoz-roboadvisory,Finkhoz Roboadvisory Services Private Limited,INH000022297,RA,Fundamental,Mutual-fund / ETF basket,2026-04-08,2026-04-09,0.5,UNPUBLISHED,no,yes,152511,1y:35400; 6m:17700,35400,35.4,17.7,quarterly,1,24,34,13.5,51.5,29.6,3.5,6M,,,,True,no
FIRONM_0001,FINZ Dividend Basket Income Model,finkhoz-roboadvisory,Finkhoz Roboadvisory Services Private Limited,INH000022297,RA,Factor-Model,Momentum / Factor / Quant,2025-11-18,2025-11-19,0.9,UNPUBLISHED,no,yes,6442,1m:999; 1y:4999,4999,5.0,2.5,monthly,8,7,0,0,100,10.6,4.3,11M,,,,True,no
FIRONM_0003,FINZ Defence Basket Theme,finkhoz-roboadvisory,Finkhoz Roboadvisory Services Private Limited,INH000022297,RA,Thematic,Defence,2026-06-10,2026-06-10,0.3,UNPUBLISHED,no,yes,24370,1m:1250; 1y:6050,6050,6.05,3.02,quarterly,2,7,20.8,20.3,46.3,76.9,7.6,4M,,,,True,no
FIROQM_0001,FINZ Stable Basket Model,finkhoz-roboadvisory,Finkhoz Roboadvisory Services Private Limited,INH000022297,RA,Mixed-Model,Momentum / Factor / Quant,2025-11-18,2025-11-19,0.9,UNPUBLISHED,no,yes,29848,1m:999; 1y:4999,4999,5.0,2.5,none,9,13,14.7,43.6,26.4,18.7,-10.4,11M,,,,True,no
FIROQM_0002,FINZ Wealth Compounder Basket Model,finkhoz-roboadvisory,Finkhoz Roboadvisory Services Private Limited,INH000022297,RA,Mixed-Model,Banks / Financials,2025-11-18,2025-11-19,0.9,UNPUBLISHED,no,yes,24596,1m:999; 1y:4999,4999,5.0,2.5,none,5,11,0,6.7,81.9,29.2,-0.5,11M,,,,True,no
FIROQM_0004,FINZ Value Beacon Model,finkhoz-roboadvisory,Finkhoz Roboadvisory Services Private Limited,INH000022297,RA,Mixed-Model,Momentum / Factor / Quant,2025-11-18,2025-11-19,0.9,UNPUBLISHED,no,yes,61348,1m:999; 1y:4999,4999,5.0,2.5,none,11,12,64.9,35.1,0,56.7,-8.2,11M,,,,True,no
FIROQM_0006,FINZ ETF Basket Asset Allocation,finkhoz-roboadvisory,Finkhoz Roboadvisory Services Private Limited,INH000022297,RA,Asset-Allocation,Momentum / Factor / Quant,2025-12-03,2025-12-04,0.8,UNPUBLISHED,no,yes,1283,1m:550; 1y:5899; 3m:1650,5899,5.9,2.95,none,2,5,20.6,17.5,0,,6.0,10M,,,,True,no
FIROQM_0009,FINZ Helios Rotation Basket Quant,finkhoz-roboadvisory,Finkhoz Roboadvisory Services Private Limited,INH000022297,RA,Quant,Momentum / Factor / Quant,2026-05-25,2026-05-25,0.4,UNPUBLISHED,no,yes,50154,1m:1250; 1y:6050,6050,6.05,3.02,none,14,8,0,6,51.1,63.9,14.4,5M,,,,True,no
FIROQM_0011,FINZ Momentum 30 Quant,finkhoz-roboadvisory,Finkhoz Roboadvisory Services Private Limited,INH000022297,RA,Quant,Momentum / Factor / Quant,2026-07-10,2026-07-10,0.2,UNPUBLISHED,no,yes,175241,1m:950,,,,weekly,11,30,10,32.3,57.7,60.6,5.1,3M,,,,True,no
FIROSB_0001,FINZ Short Term Momentum Reema Fundamental,finkhoz-roboadvisory,Finkhoz Roboadvisory Services Private Limited,INH000022297,RA,Fundamental,Momentum / Factor / Quant,2026-04-08,2026-04-09,0.5,UNPUBLISHED,no,yes,206036,1m:3540; 3m:9440; 6m:17700,,,,none,12,33,2,13,82.5,41.4,18.7,6M,,,,True,no
FIGOMO_0001,FG-HUM - Human Plus Machine Model,firstglobal,First Global Finance Private Limited,INH000004635,RA,Mixed-Model,Momentum / Factor / Quant,2021-10-13,2021-10-14,5.0,UNPUBLISHED,no,yes,228786,1y:17700; 6m:10750,17700,17.7,8.85,quarterly,56,30,50.3,13.0,36.7,25.0,10.8,5Y,-2.9,-6.9,7.9,True,no
GVSRET_0001,GVSR-Multi-Asset ETFs & REITs Asset Allocation,gvsr-wealth,GVSRwealth,INH200009795,RA,Asset-Allocation,IT / Tech,2022-09-16,2022-09-19,4.1,UNPUBLISHED,no,yes,10000,1y:14800; 3m:4850; 6m:8700,14800,14.8,7.4,none,16,6,10,0,10,14.3,17.8,4Y,7.3,13.0,17.0,True,no
GVSRFMM_0001,GVSR - Largecap Stocks - Value Buys Fundamental,gvsr-wealth,GVSRwealth,INH200009795,RA,Fundamental,Momentum / Factor / Quant,2026-03-30,2026-04-01,0.5,UNPUBLISHED,no,yes,55204,1y:14800; 3m:4850; 6m:8700,14800,14.8,7.4,none,2,13,65.0,15.0,0,8.0,-8.1,6M,,,,True,no
GVSRMO_0002,GVSR- Growth Strategies - Pack-1 Growth Model,gvsr-wealth,GVSRwealth,INH200009795,RA,Factor-Model,Momentum / Factor / Quant,2023-05-29,2023-05-30,3.4,UNPUBLISHED,no,yes,100000,1y:14800; 3m:4850; 6m:8700,14800,14.8,7.4,none,18,10,0,20,70,16.8,22.5,3Y,10.8,7.3,19.5,True,no
GVSRNM_0002,GVSR- Smart Engineering Solutions-Value Buys Theme,gvsr-wealth,GVSRwealth,INH200009795,RA,Thematic,Capital goods / Manufacturing,2022-09-10,2022-09-12,4.1,UNPUBLISHED,no,yes,25000,1y:7450; 3m:2450; 6m:4400,7450,7.45,3.73,none,13,6,0,0,80,18.0,31.4,4Y,-5.8,-6.4,24.5,True,no
GVSRNM_0004,GVSR - Share Market Services Theme Theme,gvsr-wealth,GVSRwealth,INH200009795,RA,Thematic,Momentum / Factor / Quant,2023-02-23,2023-02-24,3.6,UNPUBLISHED,no,yes,20000,1y:14800; 3m:4850; 6m:8700,14800,14.8,7.4,none,16,6,0,30,55.0,22.3,32.9,4Y,36.8,10.0,28.0,True,no
GVSRNM_0005,GVSR - BFSI- Wealth Management Theme Theme,gvsr-wealth,GVSRwealth,INH200009795,RA,Thematic,Banks / Financials,2023-04-22,2023-04-24,3.5,UNPUBLISHED,no,yes,35220,1y:14800; 3m:4850; 6m:8700,14800,14.8,7.4,none,20,6,0,70,10,34.4,42.7,3Y,30.9,29.5,41.5,True,no
GVSRTR_0001,GVSR - Oil & Gas Sector Tracker-Value Buys Tracker,gvsr-wealth,GVSRwealth,INH200009795,RA,Sector-Trackers,Energy / Power,2022-09-07,2022-09-08,4.1,UNPUBLISHED,no,yes,20000,1y:14800; 3m:4850; 6m:8700,14800,14.8,7.4,none,12,9,55.0,15.0,10,7.6,24.2,4Y,11.0,4.4,26.7,True,no
GVSRTR_0003,GVSR-NBFC Segment-Value - V Buys Theme,gvsr-wealth,GVSRwealth,INH200009795,RA,Thematic,Banks / Financials,2022-10-04,2022-10-06,4.0,UNPUBLISHED,no,yes,32370,1y:14800; 3m:4850; 6m:8700,14800,14.8,7.4,none,22,13,5,10,70.0,14.7,21.2,4Y,2.9,12.0,11.9,True,no
GVSRTR_0007,GVSR - Pharma Sector- Value buys Tracker,gvsr-wealth,GVSRwealth,INH200009795,RA,Sector-Trackers,Pharma / Healthcare,2023-07-24,2023-07-25,3.2,UNPUBLISHED,no,yes,32802,1y:14160; 3m:4720; 6m:8260,14160,14.16,7.08,none,18,11,15,25,40,24.1,38.2,3Y,24.5,20.6,37.8,True,no
GVSRTR_0008,GVSR - Small & Midcap Oportunities -Pack -1 Model,gvsr-wealth,GVSRwealth,INH200009795,RA,Mixed-Model,Momentum / Factor / Quant,2023-10-28,2023-10-30,2.9,UNPUBLISHED,no,yes,200000,1y:14800; 6m:8700,14800,14.8,7.4,none,27,19,0,19,79.0,20.0,12.9,3Y,8.2,3.4,,True,no
GOALMO_0075,GoalFi Large Cap Balanced Multi Asset Model,goalzen,GoalFi,INH000013448,RA,Factor-Model,Momentum / Factor / Quant,2023-11-07,2023-11-08,2.9,UNPUBLISHED,no,yes,250000,1y:12000,12000,12.0,6.0,quarterly,26,9,65.0,0,0,17.6,20.7,3Y,3.2,5.3,,True,no
GOALMO_0080,GoalFi Growth & Value Flexi Cap Model,goalzen,GoalFi,INH000013448,RA,Mixed-Model,Momentum / Factor / Quant,2023-11-09,2023-11-10,2.9,UNPUBLISHED,no,yes,300000,1y:14999,14999,15.0,7.5,none,24,15,26,21.0,53,25.2,24.8,3Y,10.4,4.2,,True,no
GOALMO_0100,GoalFi Alpha Blend & Quality All Cap Model,goalzen,GoalFi,INH000013448,RA,Mixed-Model,Momentum / Factor / Quant,2023-11-07,2023-11-08,2.9,UNPUBLISHED,no,yes,50000,1y:7500; 3m:2500; 6m:4500,7500,7.5,3.75,quarterly,78,11,10.4,36.4,53.2,21.8,24.1,3Y,10.9,-3.6,,True,no
GOALMO_0106,GoalFi Momentum Trend Mid & Small Cap Model,goalzen,GoalFi,INH000013448,RA,Factor-Model,Momentum / Factor / Quant,2023-11-07,2023-11-08,2.9,UNPUBLISHED,no,yes,100000,1y:10000; 3m:3500; 6m:6000,10000,10.0,5.0,monthly,80,12,15.0,0,80.0,26.1,19.4,3Y,-2.6,-6.2,,True,no
GOALMO_0134,GoalFi Multi Factor Dynamic Flexi Cap Model,goalzen,GoalFi,INH000013448,RA,Mixed-Model,Momentum / Factor / Quant,2024-03-31,2024-04-01,2.5,UNPUBLISHED,no,yes,300000,1y:14000; 3m:6000; 6m:9000,14000,14.0,7.0,monthly,24,12,36,37,27,28.4,6.2,2Y,-4.6,-3.9,,True,no
GOALMO_0154,GoalFi India Wealth & Financial Growth Theme,goalzen,GoalFi,INH000013448,RA,Thematic,Banks / Financials,2024-11-22,2024-11-25,1.9,UNPUBLISHED,no,yes,75000,1y:7499; 3m:2500; 6m:4500,7499,7.5,3.75,none,2,14,14.0,11,75.0,19.4,1.7,2Y,-3.9,,,True,no
GPRET_0002,Index Advantage Smart Beta,greenportfolio,Green Portfolio,INH100008513,RA,Smart-Beta,Momentum / Factor / Quant,2020-03-20,2020-03-23,6.5,UNPUBLISHED,no,yes,92407,1y:3540,3540,3.54,1.77,quarterly,16,15,79.6,13.3,0.4,26.9,22.0,6Y,-3.0,-1.2,9.6,True,no
GPRFMM_0001,Large Cap Value Fundamental,greenportfolio,Green Portfolio,INH100008513,RA,Fundamental,Momentum / Factor / Quant,2025-06-18,2025-06-19,1.3,UNPUBLISHED,no,yes,268756,1y:7080; 6m:4720,7080,7.08,3.54,quarterly,6,15,60.7,39.3,0,24.0,8.0,1Y,9.9,,,True,no
GPRFMM_0002,Samvat 2082 Asset Allocation,greenportfolio,Green Portfolio,INH100008513,RA,Asset-Allocation,Momentum / Factor / Quant,2025-10-01,2025-10-03,1.0,UNPUBLISHED,no,yes,25127,1y:4000(one-time),4000,4.0,2.0,none,3,13,0,6.1,80.9,64.6,36.3,1Y,35.3,,,True,no
GPRMO_0003,High Quality Right Price Theme,greenportfolio,Green Portfolio,INH100008513,RA,Thematic,Momentum / Factor / Quant,2020-03-20,2020-03-23,6.5,PUBLISHED,yes,yes,32041,1y:8100; 6m:5450,8100,8.1,4.05,quarterly,40,17,8,17.5,70.5,31.8,41.8,6Y,44.9,13.3,24.9,True,no
GPRMO_0004,DiviGrowth Capital Dividend Model,greenportfolio,Green Portfolio,INH100008513,RA,Factor-Model,Momentum / Factor / Quant,2020-03-20,2020-03-23,6.5,UNPUBLISHED,no,yes,124738,1y:7080; 6m:4720,7080,7.08,3.54,quarterly,27,19,5.2,9.2,85.6,14.9,35.9,6Y,5.6,7.5,18.8,True,no
GPRMO_0006,Smallcap Compounders Theme,greenportfolio,Green Portfolio,INH100008513,RA,Thematic,Momentum / Factor / Quant,2021-05-25,2021-05-26,5.4,UNPUBLISHED,no,yes,19199,1y:7080; 6m:4720,7080,7.08,3.54,quarterly,27,16,0,8.5,84.5,25.1,28.6,5Y,40.7,9.4,18.8,True,no
GPRMO_0012,Environment Social Governance - ESG Theme,greenportfolio,Green Portfolio,INH100008513,RA,Thematic,Momentum / Factor / Quant,2021-10-29,2021-11-01,4.9,UNPUBLISHED,no,yes,10725,1y:7080; 6m:4720,7080,7.08,3.54,quarterly,14,11,0,20.4,79.6,36.3,15.4,5Y,20.5,5.0,12.0,True,no
GPRNM_0001,Emerging Global Giants - Global Companies Theme,greenportfolio,Green Portfolio,INH100008513,RA,Thematic,Momentum / Factor / Quant,2021-02-18,2021-02-19,5.6,PUBLISHED,yes,yes,111378,1y:3540,3540,3.54,1.77,quarterly,19,14,0,13.0,67.5,36.1,19.8,6Y,3.4,1.0,13.5,True,no
GPRNM_0010,Green Ethical Portfolio - Shariah Investing Theme,greenportfolio,Green Portfolio,INH100008513,RA,Thematic,Energy / Power,2023-03-02,2023-03-03,3.6,UNPUBLISHED,no,yes,44580,1y:7080; 6m:4720,7080,7.08,3.54,quarterly,18,17,0,18.6,81.4,30.5,32.1,4Y,38.1,15.6,26.9,True,no
GPRNM_0011,"GDR - Green Energy, Defense, Railway Theme",greenportfolio,Green Portfolio,INH100008513,RA,Thematic,Defence,2024-08-29,2024-08-30,2.1,UNPUBLISHED,yes,yes,175831,1y:7080; 6m:4720,7080,7.08,3.54,quarterly,6,15,0,21.0,79,36.6,17.8,2Y,33.3,18.8,,True,no
GPRNM_0012,Pharma Select Tracker,greenportfolio,Green Portfolio,INH100008513,RA,Sector-Trackers,Pharma / Healthcare,2024-08-29,2024-08-30,2.1,UNPUBLISHED,no,yes,25352,1y:7080; 6m:4720,7080,7.08,3.54,quarterly,8,11,7.5,0,92.5,33.7,12.9,2Y,34.0,12.7,,True,no
GPRNM_0013,Auto Advantage Tracker,greenportfolio,Green Portfolio,INH100008513,RA,Sector-Trackers,Autos / EV,2024-08-29,2024-08-30,2.1,UNPUBLISHED,no,yes,49418,1y:7080; 6m:4720,7080,7.08,3.54,quarterly,5,10,10,10,80,23.9,22.6,2Y,24.8,25.7,,True,no
GPRTR_0001,Bharat Tech Infra Tracker,greenportfolio,Green Portfolio,INH100008513,RA,Sector-Trackers,Infrastructure,2026-03-13,2026-03-16,0.6,UNPUBLISHED,no,yes,194584,1y:8999; 3m:3998; 6m:5998,8999,9.0,4.5,quarterly,2,19,9,17,71,42.7,36.0,7M,,,,True,no
GRINFAM_0001,GI Alpha Focus Relative Strength Model,growth-investing,Growth Investing,INH000021571,RA,Factor-Model,Momentum / Factor / Quant,2025-08-28,2025-08-29,1.1,UNPUBLISHED,no,yes,2871,1y:4200,4200,4.2,2.1,none,27,2,0,0,0,39.1,16.6,1Y,13.9,,,True,no
GRINMO_0001,GI Flexicap Super Achievers Momentum Model,growth-investing,Growth Investing,INH000021571,RA,Factor-Model,Momentum / Factor / Quant,2023-08-25,2023-08-28,3.1,UNPUBLISHED,no,yes,51000,1y:10450; 6m:5850,10450,10.45,5.22,monthly,52,2,0,0,0,57.1,15.1,3Y,-11.9,-10.9,13.1,True,no
GRINMO_0002,GI Top 10 Bluechip Momentum Model,growth-investing,Growth Investing,INH000021571,RA,Factor-Model,Momentum / Factor / Quant,2023-08-25,2023-08-28,3.1,UNPUBLISHED,no,yes,2871,1y:6850; 3m:2150; 6m:3700,6850,6.85,3.42,monthly,30,2,0,0,0,33.6,13.2,3Y,0.5,-4.1,13.2,True,no
GRINMO_0003,LargeCap Momentum Model,growth-investing,Growth Investing,INH000021571,RA,Factor-Model,Momentum / Factor / Quant,2023-08-25,2023-08-28,3.1,UNPUBLISHED,no,yes,50000,1y:6850; 3m:2150; 6m:3700,6850,6.85,3.42,monthly,32,2,0,0,0,34.4,15.4,3Y,-7.0,-11.0,15.1,True,no
GRINMO_0004,GI Midcap Growth Champions Model,growth-investing,Growth Investing,INH000021571,RA,Mixed-Model,Momentum / Factor / Quant,2023-08-25,2023-08-28,3.1,UNPUBLISHED,no,yes,51000,1y:9999; 6m:6350,9999,10.0,5.0,monthly,38,2,0,0,0,19.6,29.8,3Y,-3.7,-3.5,27.7,True,no
GRINMO_0040,GI Bharat NextGen Theme,growth-investing,Growth Investing,INH000021571,RA,Thematic,Momentum / Factor / Quant,2024-09-08,2024-09-09,2.1,UNPUBLISHED,no,yes,2871,1y:7550; 6m:4700,7550,7.55,3.77,monthly,25,2,0,0,0,99.4,8.3,2Y,-4.1,8.2,,True,no
GRINMX_0003,AI & Data Center Theme,growth-investing,Growth Investing,INH000021571,RA,Thematic,IT / Tech,2026-01-20,2026-01-21,0.7,UNPUBLISHED,no,yes,71867,1y:8750,8750,8.75,4.38,quarterly,6,12,0,8,26,66.0,37.7,9M,,,,True,no
GRINMX_0008,Data Center Infra Specialists Theme,growth-investing,Growth Investing,INH000021571,RA,Thematic,Infrastructure,2026-01-20,2026-01-21,0.7,UNPUBLISHED,no,yes,2871,1y:8750,8750,8.75,4.38,quarterly,4,2,0,0,0,45.4,22.3,9M,,,,True,no
GRINMX_0013,Drone Growth Model,growth-investing,Growth Investing,INH000021571,RA,Mixed-Model,Momentum / Factor / Quant,2026-03-31,2026-04-01,0.5,UNPUBLISHED,no,yes,2871,1y:8750,8750,8.75,4.38,quarterly,3,2,0,0,0,165.6,22.3,6M,,,,True,no
GRINNM_0001,GI Defence Titans Theme,growth-investing,Growth Investing,INH000021571,RA,Thematic,Defence,2025-08-28,2025-08-29,1.1,UNPUBLISHED,yes,yes,2871,1y:4999,4999,5.0,2.5,none,7,2,0,0,0,54.7,11.8,1Y,1.7,,,True,no
GRINNM_0002,GI Theme Rotation - The Big Idea Theme,growth-investing,Growth Investing,INH000021571,RA,Thematic,Momentum / Factor / Quant,2025-08-28,2025-08-29,1.1,UNPUBLISHED,no,yes,2871,1y:9999; 6m:6350,9999,10.0,5.0,none,7,2,0,0,0,48.3,13.3,1Y,7.0,,,True,no
GRINNM_0003,GI Healthcare Tracker,growth-investing,Growth Investing,INH000021571,RA,Sector-Trackers,Pharma / Healthcare,2025-09-01,2025-09-02,1.1,UNPUBLISHED,no,yes,2871,1y:5250,5250,5.25,2.62,none,5,2,0,0,0,60.3,2.5,1Y,2.8,,,True,no
GRINQM_0005,India Oil & Gas Infra Tracker,growth-investing,Growth Investing,INH000021571,RA,Sector-Trackers,Energy / Power,2026-03-17,2026-03-18,0.6,UNPUBLISHED,no,yes,2871,1y:7350,7350,7.35,3.67,quarterly,3,2,0,0,0,13.8,13.1,7M,,,,True,no
GRINQM_0006,Aviation & Aerospace Quant,growth-investing,Growth Investing,INH000021571,RA,Quant,Momentum / Factor / Quant,2026-03-31,2026-04-01,0.5,UNPUBLISHED,no,yes,2871,1y:7350,7350,7.35,3.67,quarterly,3,2,0,0,0,-358.9,31.6,6M,,,,True,no
GRINTR_0002,Electronics Manufacturing Sector Tracker,growth-investing,Growth Investing,INH000021571,RA,Sector-Trackers,Capital goods / Manufacturing,2026-01-20,2026-01-21,0.7,UNPUBLISHED,no,yes,66159,1y:8750,8750,8.75,4.38,quarterly,4,9,4,0,25,78.3,76.6,9M,,,,True,no
HINMMO_0001,H2 WEALTH BUILDERS Model,h2-investment,H2 INVESTMENT MANAGERS,INH000007030,RA,Mixed-Model,Banks / Financials,2022-04-01,2022-04-04,4.5,UNPUBLISHED,no,yes,24047,1y:11800; 3m:3540; 6m:6490,11800,11.8,5.9,none,56,11,0,0,100.0,11.2,34.6,4Y,6.9,0.3,27.3,True,no
HINMMO_0002,H2 MULTICAP STRATEGY Model,h2-investment,H2 INVESTMENT MANAGERS,INH000007030,RA,Mixed-Model,IT / Tech,2022-04-01,2022-04-04,4.5,UNPUBLISHED,no,yes,58997,1y:11800; 3m:3540; 6m:6490,11800,11.8,5.9,none,71,20,0,0,100.0,33.2,37.3,4Y,21.3,7.6,28.2,True,no
HINMMO_0003,H2 SELECT Smart Model,h2-investment,H2 INVESTMENT MANAGERS,INH000007030,RA,Mixed-Model,IT / Tech,2023-07-30,2023-07-31,3.2,UNPUBLISHED,no,yes,24530,1y:8260; 3m:2950; 6m:4720,8260,8.26,4.13,none,42,10,0,30.0,70,27.6,20.5,3Y,23.6,8.3,20.6,True,no
HINMMO_0004,H2 GROWTH LEGENDS Size Model,h2-investment,H2 INVESTMENT MANAGERS,INH000007030,RA,Factor-Model,IT / Tech,2024-11-28,2024-11-29,1.9,UNPUBLISHED,no,yes,47301,1y:11800; 3m:3540; 6m:6490,11800,11.8,5.9,none,23,8,0,0,100,50.3,2.5,2Y,17.5,,,True,no
IFPLNM_0001,Ikashi Value Investing Fundamental,ikashi,IKASHI FINTECH PRIVATE LIMITED,INH000020509,RA,Fundamental,Momentum / Factor / Quant,2025-08-04,2025-08-05,1.2,UNPUBLISHED,no,yes,24598,1y:10000; 6m:6000,10000,10.0,5.0,none,7,16,10,13,77,14.6,-15.0,1Y,-16.5,,,True,no
IFPLNM_0002,Ikashi Emerging India Theme,ikashi,IKASHI FINTECH PRIVATE LIMITED,INH000020509,RA,Thematic,Momentum / Factor / Quant,2025-08-04,2025-08-05,1.2,UNPUBLISHED,no,yes,25502,1y:14999; 6m:8499,14999,15.0,7.5,none,4,13,9,20,71.0,17.4,-22.0,1Y,-28.4,,,True,no
IFPLNM_0005,Ikashi Data Centre Theme,ikashi,IKASHI FINTECH PRIVATE LIMITED,INH000020509,RA,Thematic,Diversified / other (Thematic),2026-02-05,2026-02-06,0.7,UNPUBLISHED,no,yes,37417,1y:17700,17700,17.7,8.85,none,1,12,0,18,82.0,19.1,-6.9,8M,,,,True,no
IEDUFMM_0004,Artha Flexi Cap Model,invest-four-edu,INVEST4EDU PRIVATE LIMITED,INH000010113,RA,Mixed-Model,Momentum / Factor / Quant,2026-08-14,2026-08-14,0.2,UNPUBLISHED,no,yes,1500000,1y:41300,41300,41.3,20.65,none,0,20,35,20,45.0,44.7,-10.5,2M,,,,True,no
INSMO_0003,Quantamental - Q30 Quant,intelsense,Intelsense,INH000013828,RA,Quant,Momentum / Factor / Quant,2020-08-17,2020-08-18,6.1,UNPUBLISHED,no,yes,349382,1m:1770; 1y:17700,17700,17.7,8.85,none,88,16,10.5,45.5,20.2,77.1,21.0,6Y,14.7,-3.7,11.9,True,no
INSMO_0004,Quantamental - Q10 Quant,intelsense,Intelsense,INH000013828,RA,Quant,Momentum / Factor / Quant,2021-03-15,2021-03-16,5.6,UNPUBLISHED,no,yes,71368,1m:1770; 1y:17700,17700,17.7,8.85,none,106,20,10.0,4.2,85.8,69.4,19.7,6Y,6.8,-3.4,11.4,True,no
INSMO_0005,Quiver Quant,intelsense,Intelsense,INH000013828,RA,Quant,IT / Tech,2021-05-20,2021-05-21,5.4,UNPUBLISHED,no,yes,500000,1m:1(AUM%),,,,none,128,17,0,0,85.7,30.0,17.5,5Y,10.1,-8.4,9.2,True,no
INSMO_0007,Long Term Equity Fundamental,intelsense,Intelsense,INH000013828,RA,Fundamental,Momentum / Factor / Quant,2021-12-22,2021-12-23,4.8,UNPUBLISHED,no,yes,500000,1m:1(AUM%),,,,none,59,20,21.0,5.6,73.4,42.6,15.7,5Y,8.3,-1.3,14.3,True,no
INTRMO_0002,Intrinsic Value CORE Portfolio Fundamental,intrinsic-value,Intrinsic Value,INH000009047,RA,Fundamental,Momentum / Factor / Quant,2022-02-16,2022-02-17,4.6,UNPUBLISHED,no,yes,23676,1y:14138; 3m:7493,14138,14.14,7.07,none,16,17,5,0,70,17.4,17.9,5Y,-10.8,-11.4,6.8,True,no
INTRMO_0003,Intrinsic Value Ranking filters Fundamental,intrinsic-value,Intrinsic Value,INH000009047,RA,Fundamental,Momentum / Factor / Quant,2022-03-19,2022-03-21,4.6,UNPUBLISHED,no,yes,19203,1y:6965; 3m:3896,6965,6.96,3.48,none,17,15,0,0,75.4,17.0,24.0,5Y,-0.1,-2.9,25.9,True,no
INTRMO_0004,Intrinsic Value Muhurat 2024 Target Date,intrinsic-value,Intrinsic Value,INH000009047,RA,Target-Date,Momentum / Factor / Quant,2024-10-26,2024-10-28,1.9,UNPUBLISHED,no,yes,10777,1y:6965; 3m:3896,6965,6.96,3.48,yearly,5,9,0,0,80,21.5,-5.1,2Y,-5.7,,,True,no
INTRNM_0001,Intrinsic Value Cash King Fundamental,intrinsic-value,Intrinsic Value,INH000009047,RA,Fundamental,Momentum / Factor / Quant,2022-11-10,2022-11-11,3.9,UNPUBLISHED,no,yes,5359,1y:14997; 3m:9439,14997,15.0,7.5,none,14,7,0,0,70,12.8,23.6,4Y,-14.7,-8.4,14.9,True,no
INTRTR_0001,Intrinsic Value Large Pool Fundamental,intrinsic-value,Intrinsic Value,INH000009047,RA,Fundamental,Momentum / Factor / Quant,2024-09-18,2024-09-19,2.1,UNPUBLISHED,no,yes,11630,1y:6965; 3m:3896,6965,6.96,3.48,none,2,6,49.8,33.2,0,23.1,4.7,2Y,1.2,8.1,,True,no
BWEMO_0004,Hidden Gems Fundamental,bridgeweave,InvestorAi,INH200008583,RA,Fundamental,Momentum / Factor / Quant,2021-04-20,2021-04-22,5.5,UNPUBLISHED,no,yes,41567,1y:8141; 6m:4425,8141,8.14,4.07,monthly,72,10,60,20,20,12.4,13.6,5Y,-2.0,-5.1,8.9,True,no
KAKYFMM_0001,Concentration & Conviction HNI Basket Fundamental,kamayakya,KamayaKya,INH000009843,RA,Fundamental,Momentum / Factor / Quant,2025-10-14,2025-10-15,1.0,UNPUBLISHED,yes,yes,1000000,1y:24600; 3m:9300; 6m:14800,24600,24.6,12.3,none,6,8,0,0,100,34.3,34.7,11M,,,,True,no
KAKYFMM_0002,Dividend Yield and Growth Basket Model,kamayakya,KamayaKya,INH000009843,RA,Mixed-Model,Momentum / Factor / Quant,2025-12-31,2026-01-01,0.8,UNPUBLISHED,no,yes,50000,1y:6250,6250,6.25,3.12,none,4,4,35,0,65,9.3,-8.3,9M,,,,True,no
KAKYMO_0001,KamayaKya - Value Buy Opportunities Fundamental,kamayakya,KamayaKya,INH000009843,RA,Fundamental,Momentum / Factor / Quant,2023-04-11,2023-04-12,3.5,UNPUBLISHED,yes,yes,46924,1y:9050; 3m:3050,9050,9.05,4.53,none,48,17,0,13,87.0,12.3,36.3,3Y,11.4,15.6,29.8,True,no
KAKYNM_0001,Cyclical & Fundamental Opportunities Basket Theme,kamayakya,KamayaKya,INH000009843,RA,Thematic,Momentum / Factor / Quant,2025-12-08,2025-12-09,0.8,UNPUBLISHED,no,yes,500000,1y:12350; 3m:5000,12350,12.35,6.17,none,5,9,0,0,100,32.6,28.3,10M,,,,True,no
KRREMX_0001,Sarthi Emerging Growth Compounders Model,krijuna-research,Krijuna Research,INH000014881,RA,Mixed-Model,Momentum / Factor / Quant,2025-07-31,2025-08-01,1.2,UNPUBLISHED,no,yes,25812,1y:10000; 6m:6000,10000,10.0,5.0,none,51,16,0,0,90.0,31.3,35.9,1Y,38.2,,,True,no
KRREMX_0003,Variant Perception Portfolio Model,krijuna-research,Krijuna Research,INH000014881,RA,Mixed-Model,Momentum / Factor / Quant,2026-06-11,2026-06-11,0.3,UNPUBLISHED,no,yes,62857,1y:8999,8999,9.0,4.5,none,5,11,0,10,90,74.8,42.8,4M,,,,True,no
KRRESB_0002,SwiftSky N500 Momentum Shield Model,krijuna-research,Krijuna Research,INH000014881,RA,Mixed-Model,IT / Tech,2026-03-19,2026-03-20,0.6,UNPUBLISHED,no,yes,39618,1m:1248; 1y:9999; 3m:3249,9999,10.0,5.0,none,23,10,16.7,25.0,33.3,114.8,26.5,7M,,,,True,no
LAMMO_0001,Sun Top 100 Fundamental,lamoksh-investments,LaMoksh,INA100014426,RIA,Fundamental,Momentum / Factor / Quant,2021-06-06,2021-06-07,5.3,UNPUBLISHED,no,yes,60637,1y:6850; 6m:3600,6850,6.85,3.42,weekly,249,15,100.0,0,0,27.0,15.7,5Y,-5.0,-3.6,11.9,True,no
LAMMO_0002,Earth Flexi Cap Fundamental,lamoksh-investments,LaMoksh,INA100014426,RIA,Fundamental,Momentum / Factor / Quant,2021-06-06,2021-06-07,5.3,UNPUBLISHED,no,yes,112046,1y:6850; 6m:3600,6850,6.85,3.42,weekly,253,25,16,32,52.0,37.6,10.8,5Y,1.7,-2.9,7.9,True,no
LAMMO_0003,Moon Mid Small Multi Strategy Fundamental,lamoksh-investments,LaMoksh,INA100014426,RIA,Fundamental,Momentum / Factor / Quant,2021-06-06,2021-06-07,5.3,UNPUBLISHED,no,yes,99082,1y:6850; 6m:3600,6850,6.85,3.42,weekly,252,25,28.0,20,52.0,36.1,23.0,5Y,23.6,10.4,21.5,True,no
LAMMO_0005,SUPERNOVA Moat New Age Futuristic Theme,lamoksh-investments,LaMoksh,INA100014426,RIA,Thematic,Momentum / Factor / Quant,2022-11-12,2022-11-14,3.9,UNPUBLISHED,no,yes,53812,1y:6499; 6m:3600,6499,6.5,3.25,none,35,13,15.0,31.0,54,102.7,34.6,4Y,18.9,14.8,31.6,True,no
LAMMO_0007,GALAXY TOP 10 Fundamental,lamoksh-investments,LaMoksh,INA100014426,RIA,Fundamental,Momentum / Factor / Quant,2024-02-07,2024-02-08,2.7,UNPUBLISHED,no,yes,27062,1y:5499; 6m:2999,5499,5.5,2.75,none,13,10,30.0,20,50,44.7,7.1,3Y,19.6,0.8,,True,no
LAMNM_0001,Gravity Hybrid Asset Allocation,lamoksh-investments,LaMoksh,INA100014426,RIA,Asset-Allocation,Momentum / Factor / Quant,2023-05-12,2023-05-15,3.4,UNPUBLISHED,no,yes,3774,1y:6998; 3m:2499; 6m:4499,6998,7.0,3.5,none,31,10,0,10,10,4.9,22.6,3Y,9.0,15.5,22.6,True,no
LMRMO_0012,smartvalues - infrastructure Theme,lamron-analysts,Lamron Analysts,INA300003772,RIA,Thematic,Infrastructure,2023-03-05,2023-03-06,3.6,UNPUBLISHED,no,yes,199214,1y:7150; 6m:3650,7150,7.15,3.58,none,19,10,20,70,10,51.6,21.5,4Y,-19.6,-13.3,10.6,True,no
LMRMO_0014,smartvalues - defense Theme,lamron-analysts,Lamron Analysts,INA300003772,RIA,Thematic,Defence,2023-05-23,2023-05-24,3.4,UNPUBLISHED,yes,yes,102547,1y:10500; 6m:5550,10500,10.5,5.25,none,10,5,40,0,60.0,94.0,46.4,3Y,4.5,9.6,34.9,True,no
LMRMO_0016,smartvalues - multiasset Asset Allocation,lamron-analysts,Lamron Analysts,INA300003772,RIA,Asset-Allocation,Momentum / Factor / Quant,2024-11-27,2024-11-28,1.9,UNPUBLISHED,no,yes,16668,1y:10500; 6m:5550,10500,10.5,5.25,none,1,6,50.0,16.7,0,36.3,12.1,2Y,1.1,,,True,no
LMRNM_0005,smartvalues - digital Theme,lamron-analysts,Lamron Analysts,INA300003772,RIA,Thematic,IT / Tech,2025-03-12,2025-03-13,1.6,UNPUBLISHED,no,yes,54347,1y:10750; 6m:5700,10750,10.75,5.38,none,10,10,40,50,10,61.8,13.7,2Y,-0.3,,,True,no
LMRQM_0003,smartvalues - evergreen Quant,lamron-analysts,Lamron Analysts,INA300003772,RIA,Quant,Energy / Power,2026-06-29,2026-06-29,0.3,UNPUBLISHED,no,yes,602297,1y:15300; 6m:8200,15300,15.3,7.65,quarterly,0,20,30,30,40,32.4,-0.4,3M,,,,True,no
LMRSB_0001,smartvalues - monthly Model,lamron-analysts,Lamron Analysts,INA300003772,RIA,Mixed-Model,Momentum / Factor / Quant,2026-03-03,2026-03-04,0.6,UNPUBLISHED,no,yes,50000,1y:16000; 6m:9000,16000,16.0,8.0,none,6,5,60.0,40,0,32.5,25.1,7M,,,,True,no
SAWEMX_0005,Emerging Leaders Model,samar-wealth,Legacis Capital,INH000018036,RA,Mixed-Model,Momentum / Factor / Quant,2026-03-17,2026-03-18,0.6,UNPUBLISHED,no,yes,130864,1y:16519; 6m:10029,16519,16.52,8.26,none,3,17,5,7.0,88.0,14.4,40.4,7M,,,,True,no
LIWEET_0003,Evergreen Asset Allocation,livelong-wealth,Livelong Wealth,INH200009351,RA,Asset-Allocation,Energy / Power,2022-09-10,2022-09-12,4.1,UNPUBLISHED,no,yes,329,1m:1350; 1y:3200; 6m:2250,3200,3.2,1.6,none,11,2,78.1,0,0,,12.7,4Y,-6.8,8.3,13.5,True,no
LIWEMO_0003,Alpha Momentum Model,livelong-wealth,Livelong Wealth,INH200009351,RA,Factor-Model,IT / Tech,2022-06-13,2022-06-14,4.3,UNPUBLISHED,no,yes,25000,1m:2250; 1y:9400; 6m:5850,9400,9.4,4.7,none,74,7,25.4,54.2,0,42.2,25.0,4Y,-5.3,5.5,24.4,True,no
LIWEMO_0004,Alpha prime 100 Model,livelong-wealth,Livelong Wealth,INH200009351,RA,Mixed-Model,IT / Tech,2022-06-26,2022-06-27,4.3,UNPUBLISHED,no,yes,25000,1y:9400; 6m:5250,9400,9.4,4.7,none,91,7,63.7,0,0,25.6,18.0,4Y,-8.4,5.8,16.1,True,no
LOSEMO_0001,SR LARGE CAP 200 FUND Momentum Model,lokesh-sethia,Lokesh Sethia,INH000020846,RA,Factor-Model,IT / Tech,2021-05-18,2021-05-19,5.4,UNPUBLISHED,no,yes,188170,1m:1770; 1y:14160; 6m:8850,14160,14.16,7.08,weekly,127,17,55.0,25,0,35.1,16.8,5Y,-3.9,-1.7,15.5,True,no
LOSEMO_0002,SR MIDCAP250 FUND Momentum Model,lokesh-sethia,Lokesh Sethia,INH000020846,RA,Factor-Model,IT / Tech,2021-07-13,2021-07-14,5.2,UNPUBLISHED,no,yes,166165,1m:1770; 1y:14160; 6m:8850,14160,14.16,7.08,weekly,134,20,10,15.0,75.0,41.7,18.7,5Y,1.7,2.1,18.2,True,no
LTDAA_0001,Lotusdew ETF Multi Asset Allocation,lotusdew,Lotusdew Wealth,INH000021641,RA,Asset-Allocation,Momentum / Factor / Quant,2025-04-22,2025-04-23,1.5,UNPUBLISHED,no,yes,25000,1y:7552; 6m:4129,7552,7.55,3.78,none,13,5,0,0,0,,-1.5,1Y,-11.7,,,True,no
LTDFMM_0001,Lotusdew Super Concentrated Fundamental,lotusdew,Lotusdew Wealth,INH000021641,RA,Fundamental,Momentum / Factor / Quant,2025-03-13,2025-03-17,1.6,UNPUBLISHED,no,yes,50000,1y:14986; 6m:9912,14986,14.99,7.49,none,2,5,20,0,80,17.8,46.4,2Y,40.9,,,True,no
LTDMO_0001,Lotusdew Listed Venture Capital Theme,lotusdew,Lotusdew Wealth,INH000021641,RA,Thematic,Momentum / Factor / Quant,2019-08-17,2019-08-19,7.1,UNPUBLISHED,yes,yes,62709,1y:14986; 6m:9912,14986,14.99,7.49,none,33,14,0,0,100.0,25.0,30.5,7Y,-2.2,-10.5,10.1,True,no
LTDMO_0002,Lotusdew Nanocap Champs Theme,lotusdew,Lotusdew Wealth,INH000021641,RA,Thematic,Momentum / Factor / Quant,2021-09-27,2021-09-28,5.0,UNPUBLISHED,yes,yes,67638,1y:14986; 6m:9912,14986,14.99,7.49,none,13,11,0,0,100.0,14.8,22.1,5Y,8.5,-0.1,15.8,True,no
LTDMO_0004,Lotusdew High Frequency Strategy Quant,lotusdew,Lotusdew Wealth,INH000021641,RA,Quant,Momentum / Factor / Quant,2023-07-29,2023-07-31,3.2,UNPUBLISHED,no,yes,116564,1y:14986; 6m:9912,14986,14.99,7.49,monthly,37,25,0,0,100.0,24.0,5.3,3Y,-7.3,-7.0,4.0,True,no
LTDMO_0005,Lotusdew Value Momentum Fundamental,lotusdew,Lotusdew Wealth,INH000021641,RA,Fundamental,Momentum / Factor / Quant,2024-01-02,2024-01-03,2.8,UNPUBLISHED,no,yes,84615,1y:14986; 6m:9912,14986,14.99,7.49,none,7,12,20,10,70,21.1,21.5,3Y,19.0,6.8,,True,no
LTDMO_0006,Lotusdew Buy and Hold Strategy Quality Model,lotusdew,Lotusdew Wealth,INH000021641,RA,Factor-Model,Momentum / Factor / Quant,2024-06-09,2024-06-10,2.3,UNPUBLISHED,no,yes,193951,1y:14986; 6m:9912,14986,14.99,7.49,none,0,25,0,8,92.0,42.9,3.6,2Y,6.3,-2.4,,True,no
LTDTR_0001,Lotusdew Golden Opportunity Asset Allocation,lotusdew,Lotusdew Wealth,INH000021641,RA,Asset-Allocation,Momentum / Factor / Quant,2022-10-05,2022-10-06,4.0,UNPUBLISHED,yes,yes,44244,1y:9912,9912,9.91,4.96,none,1,6,10,0,40,22.0,25.9,4Y,32.6,30.0,31.1,True,no
MCELMO_0003,Marcellus MeritorQ- Fixed Fee plan Quant,marcellus-smallcase,Marcellus,INA000017204,RIA,Quant,Momentum / Factor / Quant,2023-04-03,2023-04-05,3.5,UNPUBLISHED,no,yes,345693,3m:2950,,,,none,13,39,32.3,33.3,34.4,32.4,17.1,3Y,-2.4,-0.9,11.2,True,no
MCELMO_0008,Marcellus MeritorQ- AuA based Fee plan Quant,marcellus-smallcase,Marcellus,INA000017204,RIA,Quant,Momentum / Factor / Quant,2023-04-03,2023-04-05,3.5,UNPUBLISHED,no,yes,345715,1m:1(AUM%),,,,none,13,39,32.3,33.3,34.4,32.4,17.1,3Y,-2.4,-0.9,11.2,True,no
MIMOMX_0001,Bullion Duo Model,miraemodelportfolios,Mirae Asset,MF/055/07/03,RA,Mixed-Model,Momentum / Factor / Quant,2026-08-04,2026-08-04,0.2,UNPUBLISHED,no,no,646,free (no plan),,,,none,0,2,0,0,0,,2.1,2M,,,,True,no
MIMOMX_0002,Factor X Model,miraemodelportfolios,Mirae Asset,MF/055/07/03,RA,Mixed-Model,Momentum / Factor / Quant,2026-08-04,2026-08-04,0.2,UNPUBLISHED,no,no,2871,free (no plan),,,,none,0,6,11,0,27,,-6.3,2M,,,,True,no
MIMOMX_0003,Fusion X Model,miraemodelportfolios,Mirae Asset,MF/055/07/03,RA,Mixed-Model,Momentum / Factor / Quant,2026-08-04,2026-08-04,0.2,UNPUBLISHED,no,no,1436,free (no plan),,,,none,0,4,0,43,37,,-4.9,2M,,,,True,no
MIMOMX_0004,Momentum Chasers Model,miraemodelportfolios,Mirae Asset,MF/055/07/03,RA,Mixed-Model,Momentum / Factor / Quant,2026-08-04,2026-08-04,0.2,UNPUBLISHED,no,no,142,free (no plan),,,,none,0,4,0,0,25,,-7.2,2M,,,,True,no
MIMOMX_0005,Contra Edge Model,miraemodelportfolios,Mirae Asset,MF/055/07/03,RA,Mixed-Model,Momentum / Factor / Quant,2026-08-04,2026-08-04,0.2,UNPUBLISHED,no,no,46,free (no plan),,,,none,0,2,0,0,0,,-10.2,2M,,,,True,no
MIMOMX_0006,EquiCore Model,miraemodelportfolios,Mirae Asset,MF/055/07/03,RA,Mixed-Model,Momentum / Factor / Quant,2026-08-04,2026-08-04,0.2,UNPUBLISHED,no,no,2240,free (no plan),,,,none,0,4,45.0,32,23,,-7.6,2M,,,,True,no
MIMOMX_0007,Next Frontiers Model,miraemodelportfolios,Mirae Asset,MF/055/07/03,RA,Mixed-Model,Momentum / Factor / Quant,2026-08-04,2026-08-04,0.2,UNPUBLISHED,no,no,604,free (no plan),,,,none,0,4,0,0,0,,-8.1,2M,,,,True,no
MIMOMX_0008,Bull & Bullion Model,miraemodelportfolios,Mirae Asset,MF/055/07/03,RA,Mixed-Model,Momentum / Factor / Quant,2026-08-04,2026-08-04,0.2,UNPUBLISHED,no,no,1493,free (no plan),,,,none,0,3,0,0,0,,-4.4,2M,,,,True,no
MODAA_0001,EVERGREEN FF - Dynamic Asset Allocation,modulor-capital,Modulor Capital,INA100015115,RIA,Asset-Allocation,Energy / Power,2025-08-29,2022-03-28,4.5,UNPUBLISHED,no,yes,50000,1y:25100,25100,25.1,12.55,weekly,159,4,5,0,0,,16.6,4Y,0.6,11.2,22.2,True,no
MODMO_0051,CUBIT FF - Multicap Growth Model,modulor-capital,Modulor Capital,INA100015115,RIA,Mixed-Model,Momentum / Factor / Quant,2021-06-13,2021-06-14,5.3,UNPUBLISHED,no,yes,100000,1m:3900; 1y:31450,31450,31.45,15.72,weekly,184,11,13.1,25.2,16.4,22.7,16.7,5Y,-0.6,6.2,17.2,True,no
MODMO_0052,PALM FF - Multicap Value Model,modulor-capital,Modulor Capital,INA100015115,RIA,Mixed-Model,Momentum / Factor / Quant,2021-07-22,2021-07-23,5.2,UNPUBLISHED,no,yes,100000,1m:3900; 1y:31450,31450,31.45,15.72,weekly,177,8,0,2.9,24.1,23.6,15.4,5Y,4.7,10.5,17.2,True,no
MODMO_0053,DIGIT FF - Multicap Sentiment Model,modulor-capital,Modulor Capital,INA100015115,RIA,Mixed-Model,Momentum / Factor / Quant,2021-06-13,2021-06-14,5.3,UNPUBLISHED,no,yes,100000,1m:3900; 1y:31450,31450,31.45,15.72,weekly,277,8,5.1,10.7,24.9,23.2,8.9,5Y,-9.3,3.8,12.0,True,no
MODMO_0054,WAVES FF - Large-Midcap Sentiment Model,modulor-capital,Modulor Capital,INA100015115,RIA,Mixed-Model,Momentum / Factor / Quant,2021-09-07,2021-09-08,5.1,UNPUBLISHED,no,yes,188538,1m:3900; 1y:31450,31450,31.45,15.72,weekly,216,6,8.3,15.6,9.9,45.8,3.4,5Y,-11.5,-1.3,5.2,True,no
MODMO_0055,TORNADO FF - Small-Microcap Value Model,modulor-capital,Modulor Capital,INA100015115,RIA,Mixed-Model,Momentum / Factor / Quant,2022-03-09,2022-03-10,4.6,UNPUBLISHED,no,yes,100000,1m:3900; 1y:31450,31450,31.45,15.72,weekly,175,7,0,0,42.1,22.4,35.9,5Y,10.3,14.1,30.0,True,no
MODMX_0001,WHIRLPOOL FF - Mid-Smallcap Growth Model,modulor-capital,Modulor Capital,INA100015115,RIA,Mixed-Model,Momentum / Factor / Quant,2025-03-23,2025-03-24,1.5,UNPUBLISHED,no,yes,100000,1m:3900; 1y:31450,31450,31.45,15.72,weekly,80,7,0,46.5,10,20.7,24.5,1Y,6.3,,,True,no
MODMX_0004,HURRICANE FF - Nanocap Value Model,modulor-capital,Modulor Capital,INA100015115,RIA,Mixed-Model,Momentum / Factor / Quant,2025-03-24,2025-03-25,1.5,UNPUBLISHED,no,yes,100000,1m:3900; 1y:31450,31450,31.45,15.72,weekly,80,5,0,0,31.6,9.7,1.5,1Y,-15.3,,,True,no
MODMX_0008,TARGET FF - Tactical Allocation Model,modulor-capital,Modulor Capital,INA100015115,RIA,Mixed-Model,IT / Tech,2025-08-29,2022-08-16,4.1,UNPUBLISHED,no,yes,50000,1y:25100,25100,25.1,12.55,weekly,153,4,3.3,1.7,0,,13.2,4Y,-5.6,-0.5,13.2,True,no
MOJOQM_0010,Infinity ULTRA-High Risk High Reward- Quant,mojo-markets,Mojo Infinity,INH000021942,RA,Quant,Momentum / Factor / Quant,2026-06-12,2026-06-12,0.3,UNPUBLISHED,no,yes,200000,1y:5999,5999,6.0,3.0,none,2,10,0,17.3,82.7,67.0,31.4,4M,,,,True,no
MOJOQM_0011,Infinity Top Smallcap Opportunities- Quant,mojo-markets,Mojo Infinity,INH000021942,RA,Quant,Momentum / Factor / Quant,2026-06-12,2026-06-12,0.3,UNPUBLISHED,no,yes,200000,1y:5999,5999,6.0,3.0,none,3,10,0,16.6,83.4,74.3,31.0,4M,,,,True,no
MOJOQM_0012,Infinity Early Discovery - Mojo One Quant,mojo-markets,Mojo Infinity,INH000021942,RA,Quant,Momentum / Factor / Quant,2026-06-12,2026-06-12,0.3,UNPUBLISHED,no,yes,200000,1y:5999,5999,6.0,3.0,none,4,10,12.2,13.2,74.6,25.1,4.8,4M,,,,True,no
MOJOQM_0013,Infinity Emerging Midcap Leaders- Quant,mojo-markets,Mojo Infinity,INH000021942,RA,Quant,Momentum / Factor / Quant,2026-06-12,2026-06-12,0.3,UNPUBLISHED,no,yes,200000,1y:5999,5999,6.0,3.0,none,2,10,44.5,40.0,15.5,39.2,5.4,4M,,,,True,no
MOJOQM_0014,Infinity Top Tier Equity- Quant,mojo-markets,Mojo Infinity,INH000021942,RA,Quant,Momentum / Factor / Quant,2026-06-12,2026-06-12,0.3,UNPUBLISHED,no,yes,200000,1y:5999,5999,6.0,3.0,none,1,10,100,0,0,23.0,-2.4,4M,,,,True,no
MOJOQM_0015,Aggressive- Quant,mojo-markets,Mojo Infinity,INH000021942,RA,Quant,Momentum / Factor / Quant,2026-06-12,2026-06-12,0.3,UNPUBLISHED,no,yes,200000,1y:5999,5999,6.0,3.0,none,3,10,0,48.0,52.0,21.6,7.5,4M,,,,True,no
MOJOQM_0016,Moderate- Quant,mojo-markets,Mojo Infinity,INH000021942,RA,Quant,Momentum / Factor / Quant,2026-06-12,2026-06-12,0.3,UNPUBLISHED,no,yes,200000,1y:5999,5999,6.0,3.0,none,3,12,26.7,39.4,33.9,20.1,0.9,4M,,,,True,no
MOJOQM_0017,Conservative- Quant,mojo-markets,Mojo Infinity,INH000021942,RA,Quant,Momentum / Factor / Quant,2026-06-12,2026-06-12,0.3,UNPUBLISHED,no,yes,200000,1y:5999,5999,6.0,3.0,none,2,15,74.6,25.4,0,29.4,-4.4,4M,,,,True,no
MYMOMO_0002,MMG Smallcase Momentum Model,my-money-guru,My Money Guru,INH000022437,RA,Factor-Model,IT / Tech,2023-03-20,2023-03-21,3.6,UNPUBLISHED,no,yes,277585,3m:18444; 6m:32433,,,,none,37,20,11.0,5,84.0,40.7,32.3,4Y,9.9,2.0,24.3,True,no
MYMOMO_0003,MMG Mid Cap smallcase Fundamental,my-money-guru,My Money Guru,INH000022437,RA,Fundamental,IT / Tech,2023-06-14,2023-06-15,3.3,UNPUBLISHED,no,yes,361182,3m:18444; 6m:32433,,,,none,21,20,0,35,65,35.8,31.5,3Y,1.5,-0.8,26.0,True,no
MYMONM_0001,MMG Manufacturing smallcase Theme,my-money-guru,My Money Guru,INH000022437,RA,Thematic,Capital goods / Manufacturing,2023-10-11,2023-10-12,3.0,UNPUBLISHED,no,yes,133867,3m:18444; 6m:32433,,,,none,14,20,20,15.0,65,39.4,32.9,3Y,-1.9,1.7,,True,no
MYMONM_0002,MMG Green Energy & EV smallcase Theme,my-money-guru,My Money Guru,INH000022437,RA,Thematic,Autos / EV,2023-10-11,2023-10-12,3.0,UNPUBLISHED,no,yes,138316,1y:17700,17700,17.7,8.85,none,13,18,15.0,20,65,38.1,24.0,3Y,4.7,1.3,,True,no
MYMONM_0003,MMG Vision 2028 smallcase Theme,my-money-guru,My Money Guru,INH000022437,RA,Thematic,IT / Tech,2023-10-11,2023-10-12,3.0,UNPUBLISHED,no,yes,362126,3m:18444; 6m:32433,,,,none,13,20,15.0,25,60,40.2,27.0,3Y,2.8,6.3,,True,no
MYMONM_0004,MMG Quants Edge smallcase Quant,my-money-guru,My Money Guru,INH000022437,RA,Quant,Momentum / Factor / Quant,2024-11-16,2024-11-18,1.9,UNPUBLISHED,no,yes,493811,6m:7200,,,,none,7,23,12,12,76,29.0,-0.8,2Y,-4.3,,,True,no
MYMOTR_0001,MMG Focused Multicap smallcase Model,my-money-guru,My Money Guru,INH000022437,RA,Mixed-Model,IT / Tech,2024-11-16,2024-11-18,1.9,UNPUBLISHED,no,yes,92700,6m:12600,,,,none,8,20,20,5,75.0,36.1,-6.3,2Y,-15.1,,,True,no
MYMOMO_0001,MMG Top 15 smallcase Fundamental,my-money-guru,MyMoneyGuru,INH000022437,RA,Fundamental,Momentum / Factor / Quant,2022-01-11,2022-01-12,4.7,UNPUBLISHED,no,yes,225196,3m:5844; 6m:9888,,,,none,35,17,82.0,6,12,36.6,10.7,5Y,-10.6,-10.0,9.8,True,no
NVNTMX_0001,Nirivantes Core Opportunities Model,nirivantes-research,NIRIVANTES RESEARCH,INH000026141,RA,Mixed-Model,Momentum / Factor / Quant,2026-06-10,2026-06-10,0.3,UNPUBLISHED,no,yes,36536,1y:14159; 6m:8849,14159,14.16,7.08,monthly,3,12,10,26,64,32.4,10.4,4M,,,,True,no
NVNTNM_0001,Nirivantes TechWave Select Theme,nirivantes-research,NIRIVANTES RESEARCH,INH000026141,RA,Thematic,IT / Tech,2026-07-02,2026-07-02,0.3,UNPUBLISHED,no,yes,93242,1y:15650; 6m:8450,15650,15.65,7.83,quarterly,1,18,22.0,14.0,64.0,32.7,0.9,3M,,,,True,no
NVNTSB_0001,Nirivantes Breakout Edge Fundamental,nirivantes-research,NIRIVANTES RESEARCH,INH000026141,RA,Fundamental,Mutual-fund / ETF basket,2026-05-25,2026-05-25,0.4,UNPUBLISHED,no,yes,40500,1y:9499; 6m:5899,9499,9.5,4.75,weekly,14,12,10,24,66.0,54.5,4.5,5M,,,,True,no
NVNTSB_0002,Nirivantes Prime Momentum Fundamental,nirivantes-research,NIRIVANTES RESEARCH,INH000026141,RA,Fundamental,Momentum / Factor / Quant,2026-06-10,2026-06-10,0.3,UNPUBLISHED,no,yes,33377,1y:10619; 3m:7079,10619,10.62,5.31,monthly,3,12,0,0,100,39.2,4.1,4M,,,,True,no
NIVFMM_0001,Niveshaay IPO Basket Fundamental,niveshaay,Niveshaay,INH000027830,RA,Fundamental,Momentum / Factor / Quant,2025-02-12,2025-02-13,1.7,UNPUBLISHED,no,yes,77548,1y:9600; 6m:6000,9600,9.6,4.8,none,18,22,0,10,90.0,176.2,24.9,2Y,32.9,,,True,no
NIVMO_0001,Mid and Small Cap Focused Portfolio Fundamental,niveshaay,Niveshaay,INH000027830,RA,Fundamental,Momentum / Factor / Quant,2019-09-18,2019-09-19,7.1,UNPUBLISHED,yes,yes,85269,1y:12999; 6m:8299,12999,13.0,6.5,none,92,26,0,8,92.0,99.7,44.5,7Y,46.1,22.5,34.6,True,no
NIVMO_0004,Trends Trilogy Fundamental,niveshaay,Niveshaay,INH000027830,RA,Fundamental,IT / Tech,2022-02-04,2022-02-07,4.7,UNPUBLISHED,yes,yes,111414,1y:12000; 6m:7499,12000,12.0,6.0,none,44,19,0,13,87,115.2,37.4,5Y,37.1,16.9,34.8,True,no
NIVNM_0001,Make in India Theme,niveshaay,Niveshaay,INH000027830,RA,Thematic,Capital goods / Manufacturing,2021-08-15,2021-08-16,5.1,UNPUBLISHED,yes,yes,83628,1y:9600; 6m:6000,9600,9.6,4.8,none,36,20,0,5,95.0,105.6,32.9,5Y,38.1,20.4,34.1,True,no
NIVNM_0002,Niveshaay Consumer Trends Portfolio Theme,niveshaay,Niveshaay,INH000027830,RA,Thematic,Consumption,2023-11-10,2023-11-13,2.9,UNPUBLISHED,no,yes,101011,1y:9600; 6m:6000,9600,9.6,4.8,none,23,20,4,5,91.0,90.6,26.9,3Y,22.3,16.7,,True,no
NIVNM_0003,Niveshaay TechStack Theme,niveshaay,Niveshaay,INH000027830,RA,Thematic,IT / Tech,2026-01-23,2026-01-27,0.7,UNPUBLISHED,no,yes,114077,1y:9439; 3m:3539; 6m:5899,9439,9.44,4.72,none,8,22,4,20,76.0,263.4,59.3,9M,,,,True,no
NIVTR_0001,Green Energy Theme,niveshaay,Niveshaay,INH000027830,RA,Thematic,Energy / Power,2021-03-22,2021-03-23,5.5,UNPUBLISHED,yes,yes,149719,1y:12900; 6m:8500,12900,12.9,6.45,none,44,23,7.0,14.0,79,48.9,48.9,5Y,23.8,9.6,29.6,True,no
NOMFMM_0001,Top 20 Microcaps Fundamental,nooresh-merani,Nooresh Merani,INH000008075,RA,Fundamental,Momentum / Factor / Quant,2026-01-20,2026-01-21,0.7,UNPUBLISHED,no,yes,62530,1y:14160,14160,14.16,7.08,none,10,20,0,0,100.0,15.2,17.1,9M,,,,True,no
NOMMO_0001,Top 10 Techno Funda Model,nooresh-merani,Nooresh Merani,INH000008075,RA,Mixed-Model,IT / Tech,2021-08-11,2021-08-12,5.2,UNPUBLISHED,no,yes,10434,1y:16520; 6m:8850,16520,16.52,8.26,none,78,10,0,0,100.0,23.4,23.5,5Y,-1.4,-2.8,12.9,True,no
NOMMO_0003,Breakout and Trail Momentum Portfolio Quant,nooresh-merani,Nooresh Merani,INH000008075,RA,Quant,IT / Tech,2021-08-27,2021-08-30,5.1,UNPUBLISHED,no,yes,47728,1y:16520; 6m:8850,16520,16.52,8.26,none,80,20,0,0,100.0,38.6,10.5,5Y,-8.8,-8.2,12.1,True,no
NOMNM_0003,Top 10 Promoter Buying Theme,nooresh-merani,Nooresh Merani,INH000008075,RA,Thematic,Diversified / other (Thematic),2021-08-11,2021-08-12,5.2,UNPUBLISHED,no,yes,6080,1y:16520; 6m:8850,16520,16.52,8.26,none,43,10,0,0,100.0,80.2,17.8,5Y,-17.2,-8.2,7.2,True,no
OLFIFMM_0001,Quality Growth Value Fundamental,oleander-financial,Oleander,INH000022491,RA,Fundamental,Momentum / Factor / Quant,2026-03-05,2026-03-06,0.6,UNPUBLISHED,no,yes,34901,1y:14159; 3m:4425,14159,14.16,7.08,none,2,19,0,0,100.0,16.1,5.1,7M,,,,True,no
OLFIMX_0001,CS15 Contrarian Strength Model,oleander-financial,Oleander,INH000022491,RA,Mixed-Model,Momentum / Factor / Quant,2026-02-18,2026-02-19,0.6,UNPUBLISHED,no,yes,40886,1y:11799; 3m:3539,11799,11.8,5.9,quarterly,2,15,33.3,26.6,40.0,11.5,0.6,8M,,,,True,no
OMNMO_0019,Omni LargeCap Royals Fundamental,omniscience-capital,Omniscience Capital,INH000020077,RA,Fundamental,Momentum / Factor / Quant,2020-10-27,2020-10-28,5.9,UNPUBLISHED,no,yes,250000,1y:29500,29500,29.5,14.75,none,21,14,71.2,28.8,0,6.9,23.1,6Y,0.3,-0.6,14.5,True,no
OMNMO_0021,Omni MidCap Knights Fundamental,omniscience-capital,Omniscience Capital,INH000020077,RA,Fundamental,Momentum / Factor / Quant,2020-10-27,2020-10-28,5.9,UNPUBLISHED,no,yes,250000,1y:29500,29500,29.5,14.75,none,21,14,21.5,36.0,42.5,8.5,35.5,6Y,5.2,-0.0,19.7,True,no
OMNMO_0022,Omni SmallCap Supertrons Fundamental,omniscience-capital,Omniscience Capital,INH000020077,RA,Fundamental,Momentum / Factor / Quant,2020-10-27,2020-10-28,5.9,UNPUBLISHED,no,yes,250000,1y:29500,29500,29.5,14.75,none,22,27,0,4,96.0,12.9,32.2,6Y,-15.1,-12.3,10.7,True,no
OMNMO_0024,Omni Super Dividend - High Income Fundamental,omniscience-capital,Omniscience Capital,INH000020077,RA,Fundamental,Momentum / Factor / Quant,2021-01-02,2021-01-04,5.8,UNPUBLISHED,no,yes,73864,1y:12900; 6m:7800,12900,12.9,6.45,none,20,17,37.5,18,44.5,7.5,29.4,6Y,-4.4,-4.8,18.9,True,no
OMNMO_0025,Omni FlexiCap SuperStox. Fundamental,omniscience-capital,Omniscience Capital,INH000020077,RA,Fundamental,Momentum / Factor / Quant,2020-10-26,2020-10-27,5.9,UNPUBLISHED,no,yes,500000,1y:59000,59000,59.0,29.5,none,19,36,31.8,19.7,48.5,8.7,29.3,6Y,-2.1,-2.3,16.4,True,no
OMNNM_0011,Omni Bullet Train - Great Indian Railways Theme,omniscience-capital,Omniscience Capital,INH000020077,RA,Thematic,Infrastructure,2021-01-06,2021-01-07,5.8,UNPUBLISHED,no,yes,93495,1y:12900; 6m:7800,12900,12.9,6.45,none,19,22,12,18.0,70,14.7,32.6,6Y,-17.9,-13.7,15.4,True,no
OMNNM_0012,Omni Bharat Defence Theme,omniscience-capital,Omniscience Capital,INH000020077,RA,Thematic,Defence,2021-01-07,2021-01-08,5.7,UNPUBLISHED,yes,yes,85470,1y:12900; 6m:7800,12900,12.9,6.45,none,19,17,38,18.0,44,20.4,45.6,6Y,-4.9,1.8,28.9,True,no
OMNNM_0013,Omni Power - Electrifying India Theme,omniscience-capital,Omniscience Capital,INH000020077,RA,Thematic,Energy / Power,2021-01-07,2021-01-08,5.7,UNPUBLISHED,no,yes,82071,1y:12900; 6m:7800,12900,12.9,6.45,none,20,14,16,18,66,9.7,25.1,6Y,-12.6,-11.0,13.1,True,no
OMNNM_0014,Omni AI-Tech Global-Artificial Intelligence Theme,omniscience-capital,Omniscience Capital,INH000020077,RA,Thematic,IT / Tech,2021-09-03,2021-09-06,5.1,UNPUBLISHED,no,yes,250000,1y:25900; 6m:17900,25900,25.9,12.95,none,18,13,43,0,57.0,21.3,8.0,5Y,-9.5,-6.2,7.0,True,no
OMNNM_0015,"Omni FinTech, Digital Banking & Payments. Theme",omniscience-capital,Omniscience Capital,INH000020077,RA,Thematic,Banks / Financials,2022-08-02,2022-08-03,4.2,UNPUBLISHED,yes,yes,150000,1y:12900; 6m:7800,12900,12.9,6.45,none,13,21,47,24,29.0,8.9,11.3,4Y,2.9,3.7,10.3,True,no
OMNNM_0018,Omni Capital Enablers. Theme,omniscience-capital,Omniscience Capital,INH000020077,RA,Thematic,Momentum / Factor / Quant,2021-01-07,2021-01-08,5.7,UNPUBLISHED,no,yes,98370,1y:12900; 6m:7800,12900,12.9,6.45,none,19,19,39,30.5,30.5,5.5,31.6,6Y,-5.9,-3.6,12.4,True,no
OMNNM_0019,Omni Future of Mobility. Theme,omniscience-capital,Omniscience Capital,INH000020077,RA,Thematic,Autos / EV,2022-09-30,2022-10-03,4.0,UNPUBLISHED,yes,yes,250000,1y:25900; 6m:17900,25900,25.9,12.95,none,11,20,10,10,80.0,13.9,24.4,4Y,-18.9,-16.6,11.0,True,no
OMNNM_0022,Omni Banking on Growth Theme,omniscience-capital,Omniscience Capital,INH000020077,RA,Thematic,Banks / Financials,2023-05-20,2023-05-22,3.4,UNPUBLISHED,yes,yes,28086,1y:12900; 6m:7800,12900,12.9,6.45,none,10,17,51,37,12.0,7.0,17.8,3Y,9.0,9.4,11.3,True,no
OMNNM_0024,Omni Ayodhya & UP Theme,omniscience-capital,Omniscience Capital,INH000020077,RA,Thematic,Momentum / Factor / Quant,2024-01-22,2024-01-23,2.7,UNPUBLISHED,no,yes,250000,1y:25900; 6m:17900,25900,25.9,12.95,none,7,33,27.5,21.5,51.0,7.3,4.5,3Y,-8.9,-6.9,,True,no
PVRAMO_0002,NIFTY PROBABLES Fundamental,pvr-advisory,PVR Advisory,INH000021890,RA,Fundamental,Momentum / Factor / Quant,2021-02-28,2021-03-02,5.6,UNPUBLISHED,no,yes,17760,1m:1999; 1y:7999; 3m:3999; 3m:3999; 6m:5999,7999,8.0,4.0,none,23,10,40,40,10,14.4,10.9,6Y,2.8,-4.7,7.0,True,no
PVRAMO_0003,VALUE DEALS Fundamental,pvr-advisory,PVR Advisory,INH000021890,RA,Fundamental,Momentum / Factor / Quant,2021-04-01,2021-04-06,5.5,UNPUBLISHED,no,yes,9202,1m:1999; 1y:7999; 3m:3999; 6m:5999,7999,8.0,4.0,none,23,7,70,30.0,0,6.3,22.2,5Y,-7.4,-9.8,10.5,True,no
PVRAMO_0004,PVR WEALTH GROWERS 1 Fundamental,pvr-advisory,PVR Advisory,INH000021890,RA,Fundamental,Banks / Financials,2021-08-01,2021-08-03,5.2,UNPUBLISHED,no,yes,65601,1m:1999; 1y:7999; 3m:3999; 6m:5999,7999,8.0,4.0,none,14,15,27.5,29.5,43,15.2,16.3,5Y,6.9,-1.4,18.8,True,no
RUPEET_0004,All-Season Asset Allocation,rupeeting,Paterson,INA000015747,RIA,Asset-Allocation,Momentum / Factor / Quant,2021-08-17,2021-08-18,5.1,UNPUBLISHED,no,yes,50000,1y:7500; 6m:4000,7500,7.5,3.75,none,15,8,32,24,8,,8.2,5Y,-5.1,-1.4,8.0,True,no
RUPEMO_0003,Satellite Model,rupeeting,Paterson,INA000015747,RIA,Mixed-Model,IT / Tech,2024-09-04,2024-09-05,2.1,UNPUBLISHED,no,yes,100000,1y:11250; 6m:6000,11250,11.25,5.62,none,37,6,40,20,20,17.7,4.6,2Y,-12.6,2.4,,True,no
RUPENM_0007,Monopolies Theme,rupeeting,Paterson,INA000015747,RIA,Thematic,Momentum / Factor / Quant,2021-10-18,2021-10-19,5.0,UNPUBLISHED,no,yes,66590,1y:7500; 6m:4000,7500,7.5,3.75,none,17,19,15.0,9,76.0,-87.0,16.7,5Y,15.7,10.2,12.7,True,no
RUPENM_0011,Value Migration Theme,rupeeting,Paterson,INA000015747,RIA,Thematic,Momentum / Factor / Quant,2021-10-26,2021-10-27,5.0,UNPUBLISHED,no,yes,52079,1y:7500; 6m:4000,7500,7.5,3.75,none,22,15,44.0,26,30,35.5,26.7,5Y,12.5,6.1,20.3,True,no
RUPENM_0016,Special Situations Theme,rupeeting,Paterson,INA000015747,RIA,Thematic,Momentum / Factor / Quant,2025-09-24,2025-09-25,1.0,UNPUBLISHED,no,yes,21278,1y:7486; 6m:4000,7486,7.49,3.74,none,4,22,0,7.0,88.0,-60.8,-11.0,1Y,-11.7,,,True,no
RUPENM_0017,Sunrise Sectors Theme,rupeeting,Paterson,INA000015747,RIA,Thematic,Momentum / Factor / Quant,2025-09-24,2025-09-25,1.0,UNPUBLISHED,no,yes,64775,1y:7500; 6m:4000,7500,7.5,3.75,none,1,17,29.0,0,71.0,87.8,23.2,1Y,25.8,,,True,no
PWMSMO_0001,PINC Momentum Fundamental,pioneer-wealth-management,Pioneer Wealth Management,INH000010052,RA,Fundamental,Momentum / Factor / Quant,2022-11-14,2022-11-15,3.9,UNPUBLISHED,no,yes,26111,1y:9500; 3m:2885; 6m:5225,9500,9.5,4.75,none,39,17,0,14.0,86.0,22.9,19.9,4Y,-3.3,-5.8,11.8,True,no
PWMSMO_0002,PINC Classic Compounder Fundamental,pioneer-wealth-management,Pioneer Wealth Management,INH000010052,RA,Fundamental,Momentum / Factor / Quant,2022-12-02,2022-12-05,3.8,UNPUBLISHED,no,yes,160819,1y:9500; 3m:2525; 6m:5225,9500,9.5,4.75,none,34,24,52,9,38.0,20.5,12.6,4Y,-11.7,-3.6,6.2,True,no
PTDFMM_0001,Super Stories Fundamental,powertrade,PowerTrade,INH000008552,RA,Fundamental,Mutual-fund / ETF basket,2026-05-12,2026-05-12,0.4,UNPUBLISHED,no,yes,12242,6m:14994,,,,none,1,2,99,0,0,97.6,27.8,5M,,,,True,no
PTDMO_0005,Super Businesses Fundamental,powertrade,PowerTrade,INH000008552,RA,Fundamental,Momentum / Factor / Quant,2022-10-18,2022-10-19,4.0,UNPUBLISHED,no,yes,6494,6m:14994,,,,none,31,2,0,0,100,24.1,39.1,4Y,-21.3,-14.9,27.4,True,no
QUREMO_0003,Bluechip Quant,quantace-reseach,Quantace Reseach,INH000018258,RA,Quant,Momentum / Factor / Quant,2021-07-21,2021-07-22,5.2,UNPUBLISHED,no,yes,42683,1y:8400; 3m:3200; 6m:5000,8400,8.4,4.2,monthly,88,5,100,0,0,37.9,8.6,5Y,-22.8,-13.0,4.9,True,no
QUREET_0001,Smart ETFs Quant,quantace-reseach,Quantace Research,INH000018258,RA,Quant,Momentum / Factor / Quant,2021-10-03,2021-10-04,5.0,UNPUBLISHED,no,yes,1295,1y:4999; 3m:1770; 6m:2999,4999,5.0,2.5,monthly,64,5,0,0,0,,16.6,5Y,6.9,10.7,24.5,True,no
QUREMO_0008,Bluechip Freedom Quant,quantace-reseach,Quantace Research,INH000018258,RA,Quant,Momentum / Factor / Quant,2021-08-21,2021-08-23,5.1,UNPUBLISHED,no,yes,46265,1y:4200; 3m:1550; 6m:2700,4200,4.2,2.1,monthly,74,6,83.3,0,0,30.9,10.9,5Y,-9.1,-1.4,8.5,True,no
QUREMO_0010,Midcap Quant,quantace-reseach,Quantace Research,INH000018258,RA,Quant,Momentum / Factor / Quant,2021-08-31,2021-09-01,5.1,UNPUBLISHED,no,yes,270658,1y:8400; 3m:3200; 6m:5000,8400,8.4,4.2,monthly,82,15,13.3,86.7,0,46.9,19.4,5Y,5.6,0.4,14.9,True,no
QUREMO_0017,Flexicap Quant,quantace-reseach,Quantace Research,INH000018258,RA,Quant,Momentum / Factor / Quant,2021-10-03,2021-10-04,5.0,UNPUBLISHED,no,yes,286081,1y:8400; 3m:3200; 6m:5000,8400,8.4,4.2,monthly,88,15,33.3,33.3,33.3,45.3,13.6,5Y,6.1,-7.2,7.6,True,no
QUREMO_0018,Smallcap Quant,quantace-reseach,Quantace Research,INH000018258,RA,Quant,Momentum / Factor / Quant,2021-11-11,2021-11-12,4.9,UNPUBLISHED,no,yes,126936,1y:8400; 3m:3200; 6m:5000,8400,8.4,4.2,monthly,91,15,0,40,60,45.2,15.3,5Y,15.1,5.3,17.2,True,no
QUREMO_0021,Microcap Mavericks Quant,quantace-reseach,Quantace Research,INH000018258,RA,Quant,Momentum / Factor / Quant,2021-11-11,2021-11-12,4.9,UNPUBLISHED,yes,yes,41720,1y:11850; 6m:7650,11850,11.85,5.92,monthly,132,10,0,0,100.0,27.2,32.4,5Y,5.3,6.6,26.1,True,no
QUREMO_0022,Large and Midcap Quant,quantace-reseach,Quantace Research,INH000018258,RA,Quant,Momentum / Factor / Quant,2021-11-11,2021-11-12,4.9,UNPUBLISHED,no,yes,296395,1y:8400; 3m:3200; 6m:5000,8400,8.4,4.2,monthly,79,15,53.3,46.7,0,33.1,14.0,5Y,5.3,0.0,18.4,True,no
QUREMO_0023,Auto Stars Tracker,quantace-reseach,Quantace Research,INH000018258,RA,Sector-Trackers,Autos / EV,2021-12-16,2021-12-17,4.8,UNPUBLISHED,no,yes,88520,1y:8100; 3m:2800; 6m:4600,8100,8.1,4.05,weekly,243,9,0,11.1,88.9,43.3,24.8,5Y,21.5,9.2,25.6,True,no
QUREMO_0024,Viksit Bharat 2047 Multi-Sector Theme,quantace-reseach,Quantace Research,INH000018258,RA,Thematic,Momentum / Factor / Quant,2021-12-16,2021-12-17,4.8,UNPUBLISHED,no,yes,152703,1y:8400; 3m:3200; 6m:5000,8400,8.4,4.2,weekly,265,18,11.1,22.2,66.7,58.6,25.9,5Y,27.1,7.7,22.9,True,no
QUREMO_0025,Multi Factor Fortress Model,quantace-reseach,Quantace Research,INH000018258,RA,Mixed-Model,Momentum / Factor / Quant,2021-12-17,2021-12-20,4.8,UNPUBLISHED,no,yes,51627,1y:8400; 3m:3200; 6m:5000,8400,8.4,4.2,weekly,262,12,16.7,33.3,50.0,49.4,22.8,5Y,24.5,2.8,20.2,True,no
QUREMO_0026,Alpha and Low Volatility Dual Model,quantace-reseach,Quantace Research,INH000018258,RA,Mixed-Model,Momentum / Factor / Quant,2021-12-17,2021-12-20,4.8,UNPUBLISHED,no,yes,47629,1y:8100; 3m:2800; 6m:4600,8100,8.1,4.05,weekly,254,10,90.0,0,0,18.7,10.2,5Y,-7.4,-7.6,15.7,True,no
QUREMO_0028,Top 200 Momentum Factor Model,quantace-reseach,Quantace Research,INH000018258,RA,Factor-Model,Momentum / Factor / Quant,2021-12-17,2021-12-20,4.8,UNPUBLISHED,no,yes,45264,1y:8100; 3m:2800; 6m:4600,8100,8.1,4.05,weekly,252,10,50,40,0,22.9,20.7,5Y,12.3,-0.6,18.1,True,no
QUREMO_0029,Value Factor Model,quantace-reseach,Quantace Research,INH000018258,RA,Factor-Model,Momentum / Factor / Quant,2021-12-17,2021-12-20,4.8,UNPUBLISHED,no,yes,28004,1y:8100; 3m:2800; 6m:4600,8100,8.1,4.05,weekly,250,10,30.0,30.0,30.0,14.0,12.5,5Y,12.0,8.1,18.9,True,no
QUREMO_0030,Alpha Factor Model,quantace-reseach,Quantace Research,INH000018258,RA,Factor-Model,Momentum / Factor / Quant,2021-12-17,2021-12-20,4.8,UNPUBLISHED,no,yes,41673,1y:8100; 3m:2800; 6m:4600,8100,8.1,4.05,weekly,259,10,20,60,20,71.0,22.9,5Y,23.5,3.8,18.1,True,no
QUREMO_0035,Chetak Momentum Factor Model,quantace-reseach,Quantace Research,INH000018258,RA,Factor-Model,Momentum / Factor / Quant,2022-03-17,2022-03-21,4.6,UNPUBLISHED,no,yes,33004,1y:8400; 3m:3200; 6m:5000,8400,8.4,4.2,monthly,124,10,20,30.0,50,41.3,18.5,5Y,-7.0,-5.4,12.5,True,no
QUREMO_0036,Microcap Quant,quantace-reseach,Quantace Research,INH000018258,RA,Quant,Momentum / Factor / Quant,2022-04-29,2022-05-02,4.4,UNPUBLISHED,no,yes,62973,1y:8400; 6m:5000,8400,8.4,4.2,monthly,64,15,0,6.7,93.3,74.6,31.5,4Y,40.0,13.0,27.2,True,no
QUREMO_0037,Tiny Titans Quant,quantace-reseach,Quantace Research,INH000018258,RA,Quant,Momentum / Factor / Quant,2022-04-29,2022-05-02,4.4,UNPUBLISHED,no,yes,42874,1y:8400; 6m:5000,8400,8.4,4.2,weekly,232,10,0,0,100.0,32.3,33.2,4Y,32.4,6.9,24.8,True,no
QURENM_0001,Defence Stars Theme,quantace-reseach,Quantace Research,INH000018258,RA,Thematic,Defence,2023-04-08,2023-04-10,3.5,UNPUBLISHED,yes,yes,133804,1y:8100; 3m:2800; 6m:4600,8100,8.1,4.05,weekly,189,10,0,10,90.0,71.3,55.6,3Y,23.6,21.0,41.6,True,no
QURENM_0002,Digital India Theme,quantace-reseach,Quantace Research,INH000018258,RA,Thematic,IT / Tech,2023-04-08,2023-04-10,3.5,UNPUBLISHED,no,yes,14821,1y:8100; 3m:2800; 6m:4600,8100,8.1,4.05,weekly,183,5,20,40,40,15.5,28.9,3Y,31.7,14.0,24.9,True,no
QURENM_0003,Made in India Theme,quantace-reseach,Quantace Research,INH000018258,RA,Thematic,Capital goods / Manufacturing,2023-04-08,2023-04-10,3.5,UNPUBLISHED,no,yes,76334,1y:8100; 3m:2800; 6m:4600,8100,8.1,4.05,weekly,186,9,22.2,33.3,44.5,55.2,38.8,3Y,66.0,25.2,26.7,True,no
QURENM_0004,PSU Stars Tracker,quantace-reseach,Quantace Research,INH000018258,RA,Sector-Trackers,Infrastructure,2023-04-08,2023-04-10,3.5,UNPUBLISHED,no,yes,46703,1y:8100; 3m:2800; 6m:4600,8100,8.1,4.05,weekly,185,10,40,20,30.0,14.1,31.7,3Y,5.2,-1.3,19.9,True,no
QURENM_0006,India Mobility Theme,quantace-reseach,Quantace Research,INH000018258,RA,Thematic,Autos / EV,2023-09-19,2023-09-20,3.1,UNPUBLISHED,no,yes,218656,1y:8100; 3m:2800; 6m:4600,8100,8.1,4.05,weekly,161,9,0,22.2,77.8,51.8,25.1,3Y,37.6,10.1,26.1,True,no
QURENM_0007,Service Stars Tracker,quantace-reseach,Quantace Research,INH000018258,RA,Sector-Trackers,Momentum / Factor / Quant,2023-09-19,2023-09-20,3.1,UNPUBLISHED,no,yes,71186,1y:8100; 3m:2800; 6m:4600,8100,8.1,4.05,weekly,161,9,11.1,0,88.9,29.0,25.3,3Y,17.5,12.1,27.2,True,no
QURENM_0008,Bharat Consumption Theme,quantace-reseach,Quantace Research,INH000018258,RA,Thematic,Consumption,2024-04-27,2024-04-29,2.4,UNPUBLISHED,no,yes,73041,1y:8100; 3m:2800; 6m:4600,8100,8.1,4.05,weekly,127,9,55.5,33.3,11.1,24.5,17.1,2Y,10.1,5.1,,True,no
QURENM_0013,Rural Theme,quantace-reseach,Quantace Research,INH000018258,RA,Thematic,Consumption,2025-03-18,2025-03-19,1.6,UNPUBLISHED,no,yes,89179,1y:8100; 3m:2800; 6m:4600,8100,8.1,4.05,weekly,81,9,77.8,11.1,11.1,13.9,5.1,2Y,-5.6,,,True,no
QURENM_0014,Capital Markets Theme,quantace-reseach,Quantace Research,INH000018258,RA,Thematic,Diversified / other (Thematic),2025-06-07,2025-06-09,1.3,UNPUBLISHED,no,yes,29867,1y:8100; 3m:2800; 6m:4600,8100,8.1,4.05,weekly,70,9,11.1,44.5,33.3,43.1,20.7,1Y,26.1,,,True,no
QUREQM_0003,Next Microcap Quant,quantace-reseach,Quantace Research,INH000018258,RA,Quant,Momentum / Factor / Quant,2025-09-10,2025-09-11,1.1,UNPUBLISHED,yes,yes,48741,1y:18800; 3m:9400; 6m:12550,18800,18.8,9.4,monthly,13,15,0,0,100.0,45.1,18.2,1Y,12.9,,,True,no
QURETR_0001,Banking Stars Tracker,quantace-reseach,Quantace Research,INH000018258,RA,Sector-Trackers,Banks / Financials,2021-12-16,2021-12-17,4.8,UNPUBLISHED,yes,yes,4675,1y:8100; 3m:2800; 6m:4600,8100,8.1,4.05,weekly,242,5,0,40,60.0,14.6,17.9,5Y,15.6,18.6,16.2,True,no
QURETR_0002,Metal Stars Tracker,quantace-reseach,Quantace Research,INH000018258,RA,Sector-Trackers,Metals / Materials,2021-12-16,2021-12-17,4.8,UNPUBLISHED,yes,yes,22094,1y:8100; 3m:2800; 6m:4600,8100,8.1,4.05,weekly,238,9,33.3,66.7,0,22.7,36.4,5Y,29.3,23.3,44.0,True,no
QURETR_0004,FMCG Stars Tracker,quantace-reseach,Quantace Research,INH000018258,RA,Sector-Trackers,Consumption,2021-12-16,2021-12-17,4.8,UNPUBLISHED,no,yes,67039,1y:8100; 3m:2800; 6m:4600,8100,8.1,4.05,weekly,243,9,0,22.2,77.8,48.7,23.7,5Y,28.8,14.9,30.0,True,no
QURETR_0005,Energy Stars Tracker,quantace-reseach,Quantace Research,INH000018258,RA,Sector-Trackers,Energy / Power,2021-12-16,2021-12-17,4.8,UNPUBLISHED,no,yes,37022,1y:8100; 3m:2800; 6m:4600,8100,8.1,4.05,weekly,235,9,44.4,22.2,33.3,18.2,19.2,5Y,10.8,0.6,23.6,True,no
QURETR_0006,Pharma Stars Tracker,quantace-reseach,Quantace Research,INH000018258,RA,Sector-Trackers,Pharma / Healthcare,2021-12-16,2021-12-17,4.8,UNPUBLISHED,no,yes,16975,1y:8100; 3m:2800; 6m:4600,8100,8.1,4.05,weekly,247,9,0,22.2,77.8,54.4,21.9,5Y,27.8,19.7,31.4,True,no
QURETR_0007,Finance Stars - Non Banks Tracker,quantace-reseach,Quantace Research,INH000018258,RA,Sector-Trackers,Banks / Financials,2021-12-21,2021-12-22,4.8,UNPUBLISHED,no,yes,31171,1y:8100; 3m:2800; 6m:4600,8100,8.1,4.05,weekly,243,9,0,22.2,77.8,28.8,28.6,5Y,13.1,17.4,33.6,True,no
QURETR_0008,Infra Stars Theme,quantace-reseach,Quantace Research,INH000018258,RA,Thematic,Infrastructure,2023-04-06,2023-04-10,3.5,UNPUBLISHED,no,yes,11028,1y:8100; 3m:2800; 6m:4600,8100,8.1,4.05,weekly,185,5,0,60.0,40,18.7,22.8,3Y,16.2,5.8,22.0,True,no
QURETR_0009,Consumer Durables Stars Tracker,quantace-reseach,Quantace Research,INH000018258,RA,Sector-Trackers,Consumption,2023-04-06,2023-04-10,3.5,UNPUBLISHED,no,yes,36493,1y:8100; 3m:2800; 6m:4600,8100,8.1,4.05,weekly,185,9,0,11.1,88.9,50.9,30.1,3Y,24.4,4.8,32.4,True,no
QURETR_0010,Real Estate Stars Tracker,quantace-reseach,Quantace Research,INH000018258,RA,Sector-Trackers,Infrastructure,2023-04-08,2023-04-10,3.5,UNPUBLISHED,no,yes,16649,1y:8100; 3m:2800; 6m:4600,8100,8.1,4.05,weekly,185,9,22.2,22.2,33.3,40.6,26.9,3Y,-0.5,-3.0,20.2,True,no
QURETR_0012,PSU Bank Stars Tracker,quantace-reseach,Quantace Research,INH000018258,RA,Sector-Trackers,Banks / Financials,2023-04-08,2023-04-10,3.5,UNPUBLISHED,yes,yes,4164,1y:8100; 3m:2800; 6m:4600,8100,8.1,4.05,weekly,183,5,40,40,0,7.6,29.5,3Y,23.8,21.9,17.4,True,no
LOSENM_0003,SR GREEN ENERGY Theme,lokesh-sethia,SR WEALTH ELITE,INH000020846,RA,Thematic,Energy / Power,2022-05-07,2022-05-09,4.4,UNPUBLISHED,yes,yes,30806,1m:1768; 1y:14160; 6m:8850,14160,14.16,7.08,monthly,23,10,0,20,80,61.3,30.8,4Y,32.2,-0.2,26.1,True,no
LOSENM_0004,SR New Agr-Tech Theme,lokesh-sethia,SR WEALTH ELITE,INH000020846,RA,Thematic,IT / Tech,2024-12-07,2024-12-09,1.8,UNPUBLISHED,no,yes,56713,1m:1770; 1y:14160; 6m:8850,14160,14.16,7.08,monthly,16,12,8,0,92.0,138.6,-0.2,2Y,19.6,,,True,no
LOSETR_0001,SR TECNOLOGY Tracker,lokesh-sethia,SR WEALTH ELITE,INH000020846,RA,Sector-Trackers,IT / Tech,2022-05-29,2022-05-30,4.4,UNPUBLISHED,no,yes,47149,1y:11800; 6m:7080,11800,11.8,5.9,quarterly,11,9,10.0,19.8,70.2,43.7,15.1,4Y,3.6,-5.6,6.6,True,no
SSRSFAM_0001,SSR Maverick Momentum Model,ssr-research-services,SSR Research Services,INH000013059,RA,Factor-Model,Momentum / Factor / Quant,2025-06-05,2025-06-06,1.3,UNPUBLISHED,no,yes,80700,1y:14146; 3m:4245; 6m:7777,14146,14.15,7.07,weekly,69,30,6.7,23.3,70.0,47.7,22.5,1Y,25.7,,,True,no
SSRSFAM_0002,SSR Core Catalyst Momentum Model,ssr-research-services,SSR Research Services,INH000013059,RA,Factor-Model,Momentum / Factor / Quant,2025-06-05,2025-06-06,1.3,UNPUBLISHED,no,yes,89935,1y:14146; 3m:4245; 6m:7781,14146,14.15,7.07,weekly,69,20,40,60,0,48.1,3.4,1Y,3.2,,,True,no
SSRSFAM_0003,SSR Buffered Momentum Model,ssr-research-services,SSR Research Services,INH000013059,RA,Factor-Model,Momentum / Factor / Quant,2025-06-05,2025-06-06,1.3,UNPUBLISHED,no,yes,79401,1y:14146; 3m:4245; 6m:7781,14146,14.15,7.07,weekly,69,28,10.0,20.0,60,51.1,4.1,1Y,9.2,,,True,no
SSRSFAM_0004,SSR Low Volatility Model,ssr-research-services,SSR Research Services,INH000013059,RA,Factor-Model,Momentum / Factor / Quant,2025-06-05,2025-06-06,1.3,UNPUBLISHED,no,yes,73873,1y:11314; 3m:3537; 6m:6365,11314,11.31,5.66,quarterly,5,20,68.3,15.4,16.3,23.7,-9.6,1Y,-10.9,,,True,no
SSRSFAM_0005,SSR Top 5 ETF Momentum Model,ssr-research-services,SSR Research Services,INH000013059,RA,Factor-Model,Momentum / Factor / Quant,2025-06-05,2025-06-06,1.3,UNPUBLISHED,no,yes,542,1y:11314; 3m:3537; 6m:6365,11314,11.31,5.66,weekly,70,4,0,0,0,,28.8,1Y,20.1,,,True,no
SSRSFAM_0006,SSR Midas Momentum Model,ssr-research-services,SSR Research Services,INH000013059,RA,Factor-Model,Momentum / Factor / Quant,2025-06-05,2025-06-06,1.3,UNPUBLISHED,no,yes,94542,1y:11314; 3m:3537; 6m:6361,11314,11.31,5.66,weekly,69,25,5.6,14.0,44.8,50.1,14.1,1Y,13.7,,,True,no
SWTEMX_0002,Stockwiz India 2040 Vision Fund Fundamental,stockwiz-technologies,STOCKWIZ TECHNOLOGIES LLP,INH000013925,RA,Fundamental,Momentum / Factor / Quant,2025-01-29,2025-01-30,1.7,UNPUBLISHED,no,yes,20040,3m:4247,,,,none,7,12,0,30.0,70,25.8,6.5,2Y,8.7,,,True,no
SWTEMX_0003,Stockwiz Strategy - Alpha Quant,stockwiz-technologies,STOCKWIZ TECHNOLOGIES LLP,INH000013925,RA,Quant,IT / Tech,2025-02-12,2025-02-13,1.7,UNPUBLISHED,no,yes,20035,1y:7374; 3m:3952,7374,7.37,3.69,none,7,12,0,30.0,65,24.7,4.6,2Y,-9.0,,,True,no
SWTEMX_0004,Stockwiz Swing Fund Quant,stockwiz-technologies,STOCKWIZ TECHNOLOGIES LLP,INH000013925,RA,Quant,IT / Tech,2025-03-18,2025-03-19,1.6,UNPUBLISHED,no,yes,12872,1y:7550; 3m:3775,7550,7.55,3.77,none,40,8,25,0,75,37.7,24.8,2Y,27.7,,,True,no
SWTEMX_0005,Stockwiz HNI Wealth Factor Fundamental,stockwiz-technologies,STOCKWIZ TECHNOLOGIES LLP,INH000013925,RA,Fundamental,Banks / Financials,2025-04-10,2025-04-11,1.5,UNPUBLISHED,no,yes,20029,1y:8849,8849,8.85,4.42,none,2,12,0,30.0,65,24.7,8.4,1Y,-1.2,,,True,no
SWTEMX_0007,Stockwiz Global Equity Fund Asset Allocation,stockwiz-technologies,STOCKWIZ TECHNOLOGIES LLP,INH000013925,RA,Asset-Allocation,Asset allocation / Multi-asset,2025-05-08,2025-04-15,1.5,UNPUBLISHED,no,yes,2281,1m:884; 1y:7667; 3m:2359,7667,7.67,3.83,none,0,7,15,15,15,,30.0,1Y,16.4,,,True,no
SWTEMX_0008,Stockwiz Alpha Synergy Model,stockwiz-technologies,STOCKWIZ TECHNOLOGIES LLP,INH000013925,RA,Mixed-Model,IT / Tech,2025-05-14,2025-05-15,1.4,UNPUBLISHED,no,yes,12682,1y:8849; 3m:3539,8849,8.85,4.42,none,12,7,30,0,70,61.5,8.6,1Y,12.3,,,True,no
SWTEMX_0009,Stockwiz SwingVerse Model,stockwiz-technologies,STOCKWIZ TECHNOLOGIES LLP,INH000013925,RA,Mixed-Model,IT / Tech,2025-05-14,2025-05-15,1.4,UNPUBLISHED,no,yes,10748,1y:8849; 3m:4129,8849,8.85,4.42,none,44,7,30,0,70,173.1,-0.6,1Y,-2.6,,,True,no
SWTEMX_0010,Stockwiz Momentum Grid Model,stockwiz-technologies,STOCKWIZ TECHNOLOGIES LLP,INH000013925,RA,Mixed-Model,IT / Tech,2025-05-14,2025-05-15,1.4,UNPUBLISHED,no,yes,11564,1y:8849; 3m:4129,8849,8.85,4.42,none,41,7,0,15,85.0,26.8,-4.2,1Y,-10.4,,,True,no
SUSHMO_0001,Selected Seven Multicap Stocks Fundamental,suman-shandil,SUMAN SHANDIL,INA100013205,RIA,Fundamental,IT / Tech,2021-01-28,2021-01-29,5.7,UNPUBLISHED,no,yes,12158,3m:1800; 6m:3100(one-time),,,,weekly,115,10,50,40,0,6.4,17.2,6Y,-10.4,-4.5,6.1,True,no
SUSHMO_0002,Midcap and Smallcap Stocks Basket Theme,suman-shandil,SUMAN SHANDIL,INA100013205,RIA,Thematic,Momentum / Factor / Quant,2021-02-20,2021-02-22,5.6,UNPUBLISHED,no,yes,26030,3m:3000; 6m:7500(one-time),,,,weekly,145,17,45.0,20,30.0,39.1,19.5,6Y,-13.8,-8.6,9.7,True,no
SUSHMO_0008,Selected Midcap Weekly SIPS Fundamental,suman-shandil,SUMAN SHANDIL,INA100013205,RIA,Fundamental,IT / Tech,2022-03-02,2022-03-03,4.6,UNPUBLISHED,no,yes,20525,3m:1800; 6m:3100(one-time),,,,weekly,70,13,40,35,5,14.0,18.0,5Y,-8.9,-4.3,11.2,True,no
SUSHMO_0009,Dividend Yielding SIP ideas Income Model,suman-shandil,SUMAN SHANDIL,INA100013205,RIA,Factor-Model,Momentum / Factor / Quant,2022-03-21,2022-03-22,4.6,UNPUBLISHED,no,yes,53545,3m:1800; 6m:3100(one-time),,,,weekly,74,20,30,40,25,17.5,18.8,5Y,-7.3,-4.5,8.2,True,no
SAWEMO_0002,Titan Trilogy Model,samar-wealth,Samar Wealth,INH000018036,RA,Mixed-Model,Momentum / Factor / Quant,2024-11-12,2024-11-13,1.9,UNPUBLISHED,no,yes,109539,1y:14159; 3m:4719,14159,14.16,7.08,none,16,18,8,6,86.0,52.0,5.0,2Y,14.5,,,True,no
SAWEMX_0002,Growth Flexicap Model,samar-wealth,Samar Wealth,INH000018036,RA,Mixed-Model,Momentum / Factor / Quant,2025-07-08,2025-07-09,1.3,UNPUBLISHED,no,yes,163097,1y:11799; 6m:7079,11799,11.8,5.9,none,6,19,23,42.0,35,40.3,12.8,1Y,19.1,,,True,no
SAWENM_0002,Bharat Green Theme,samar-wealth,Samar Wealth,INH000018036,RA,Thematic,Energy / Power,2024-11-12,2024-11-13,1.9,UNPUBLISHED,no,yes,129100,1y:17699(one-time); 6m:11799(one-time),17699,17.7,8.85,none,18,17,8,17,75.0,101.3,22.4,2Y,40.3,,,True,no
SKUPAFMM_0001,F.L.U.I.D - C Model,shashank-sunil-udupa,Shashank Sunil Udupa,INH000021207,RA,Mixed-Model,Momentum / Factor / Quant,2025-09-16,2025-09-17,1.1,UNPUBLISHED,no,yes,70256,1y:9999; 6m:5499,9999,10.0,5.0,quarterly,6,15,20,46.7,33.3,52.5,4.7,1Y,7.4,,,True,no
SKUPANM_0004,Bharat 2050 Growth Theme,shashank-sunil-udupa,Shashank Sunil Udupa,INH000021207,RA,Thematic,Momentum / Factor / Quant,2025-12-23,2025-12-24,0.8,UNPUBLISHED,no,yes,81768,1y:5000; 6m:2998,5000,5.0,2.5,quarterly,2,20,10,20,70,40.6,4.2,10M,,,,True,no
SKUPAQM_0001,F.L.U.I.D - Q Quant,shashank-sunil-udupa,Shashank Sunil Udupa,INH000021207,RA,Quant,Momentum / Factor / Quant,2025-09-16,2025-09-17,1.1,UNPUBLISHED,yes,yes,50726,1y:13999; 6m:7699,13999,14.0,7.0,monthly,24,11,5,15.0,30,64.7,23.9,1Y,24.0,,,True,no
SISYMO_0001,"Transformation, Disruption & Turnarounds Model",sincere-syndication,Sincere Syndication,INA000017453,RIA,Mixed-Model,Momentum / Factor / Quant,2023-07-02,2023-07-03,3.3,UNPUBLISHED,no,yes,206161,1m:1(AUM%),,,,monthly,9,28,19,21.0,60.0,37.9,19.8,3Y,0.6,1.5,15.3,True,no
SISYMO_0002,Transformation and Turnarounds Model,sincere-syndication,Sincere Syndication,INA000017453,RIA,Mixed-Model,Momentum / Factor / Quant,2023-07-02,2023-07-03,3.3,UNPUBLISHED,no,yes,206154,1y:8000; 3m:2500; 6m:4500,8000,8.0,4.0,monthly,9,27,19,23,58.0,37.5,20.1,3Y,1.4,1.9,15.6,True,no
SMWAET_0001,Aspire Diversified Assets Portfolio Quant,smartwealth,SmartWealth.ai,INH200008644,RA,Quant,Momentum / Factor / Quant,2023-02-12,2023-02-13,3.7,UNPUBLISHED,no,yes,25614,1y:8849; 6m:4719,8849,8.85,4.42,weekly,196,5,3.3,0,0,,18.7,4Y,14.4,18.9,19.9,True,no
SMWAET_0002,Aspire Diversified Factors Portfolio Quant,smartwealth,SmartWealth.ai,INH200008644,RA,Quant,Momentum / Factor / Quant,2024-11-20,2024-11-21,1.9,UNPUBLISHED,no,yes,3683,1y:8849; 6m:4719,8849,8.85,4.42,weekly,100,3,3.3,0,0,,21.3,2Y,17.2,,,True,no
SMWAMO_0004,Sprint Diversified Stocks Portfolio Quant,smartwealth,SmartWealth.ai,INH200008644,RA,Quant,IT / Tech,2021-12-05,2021-12-06,4.8,UNPUBLISHED,no,yes,10077,1y:13569; 6m:7079,13569,13.57,6.78,weekly,340,30,6.5,13.3,75.1,22.1,23.5,5Y,2.8,8.9,27.6,True,no
SMWAMO_0019,Triumph Multi-Strategy Portfolio Quant,smartwealth,SmartWealth.ai,INH200008644,RA,Quant,IT / Tech,2022-11-02,2022-11-03,3.9,UNPUBLISHED,no,yes,100000,1y:44840; 6m:23600,44840,44.84,22.42,weekly,210,22,4.9,7.4,35.2,20.2,19.3,4Y,10.4,13.6,20.2,True,no
SMWAMO_0020,Endurance Paired-Strategy Portfolio Quant,smartwealth,SmartWealth.ai,INH200008644,RA,Quant,Momentum / Factor / Quant,2023-02-12,2023-02-13,3.7,UNPUBLISHED,no,yes,75000,1y:31859; 6m:17699,31859,31.86,15.93,weekly,196,22,7.9,10.3,49.3,20.2,27.3,4Y,7.7,10.9,24.2,True,no
SMWANM_0014,Aspire Diversified Stocks Portfolio Quant,smartwealth,SmartWealth.ai,INH200008644,RA,Quant,IT / Tech,2021-12-05,2021-12-06,4.8,UNPUBLISHED,no,yes,2060,1y:14159; 6m:7669,14159,14.16,7.08,weekly,338,6,0,38,57.0,32.5,27.7,5Y,1.9,11.5,30.3,True,no
SMWAQM_0001,Sprint Thematic Stocks Portfolio Quant,smartwealth,SmartWealth.ai,INH200008644,RA,Quant,Momentum / Factor / Quant,2025-06-26,2025-06-27,1.3,UNPUBLISHED,no,yes,27522,1y:13569; 6m:7079,13569,13.57,6.78,weekly,64,15,6.7,20.0,73.3,23.6,0.3,1Y,6.3,,,True,no
SMWAQM_0002,SmartWealth.ai Samvat Portfolio Quant,smartwealth,SmartWealth.ai,INH200008644,RA,Quant,Banks / Financials,2025-10-16,2025-10-17,1.0,UNPUBLISHED,no,no,3981,free (no plan),,,,weekly,35,5,0,30.0,10,65.0,11.7,11M,,,,True,no
SOLET_0001,The Wisdom ETF Sector Rotation Theme,solomoninvestments,Solomon Investments ,INH000009630,RA,Thematic,IT / Tech,2020-05-09,2020-05-11,6.4,UNPUBLISHED,no,yes,10546,1y:5500; 3m:1500; 6m:3000,5500,5.5,2.75,monthly,27,13,15.0,25,0,,17.5,6Y,2.6,3.3,12.8,True,no
SOLMO_0002,Three Wise Kings Factor Model,solomoninvestments,Solomon Investments ,INH000009630,RA,Mixed-Model,Momentum / Factor / Quant,2021-06-14,2021-06-15,5.3,UNPUBLISHED,no,yes,2781,1y:6700; 3m:1800; 6m:3600,6700,6.7,3.35,monthly,47,3,33.3,33.3,33.3,53.2,14.2,5Y,-1.6,0.1,2.0,True,no
SOLMO_0001,The Wisdom Equal Model,solomoninvestments,SolomonInvestments ,INH000009630,RA,Mixed-Model,Momentum / Factor / Quant,2020-02-04,2020-02-05,6.7,UNPUBLISHED,no,yes,51892,1y:6700; 3m:1800; 6m:3600,6700,6.7,3.35,monthly,41,15,20.9,34.8,44.3,23.9,12.0,7Y,-4.7,-6.2,7.8,True,no
SYVMO_0003,APNA STAYVAN Quant,stayvan,Stayvan,INH000006077,RA,Quant,IT / Tech,2020-10-24,2020-10-26,6.0,UNPUBLISHED,no,yes,13865,1y:5999; 3m:2999,5999,6.0,3.0,none,292,11,0,13.1,85.3,-1.9,22.3,6Y,-25.1,-18.8,-4.1,True,no
SYVMO_0004,SUBH STAYVAN Model,stayvan,Stayvan,INH000006077,RA,Mixed-Model,IT / Tech,2021-01-16,2021-01-18,5.7,UNPUBLISHED,no,yes,1193029,1y:5999; 3m:2999,5999,6.0,3.0,none,179,10,12,1,76.5,181.0,14.5,6Y,-5.0,0.9,10.5,True,no
SYVMO_0005,SABKA STAYVAN Quant,stayvan,Stayvan,INH000006077,RA,Quant,IT / Tech,2021-02-01,2021-02-02,5.7,UNPUBLISHED,no,yes,1954,1y:5999; 3m:2999,5999,6.0,3.0,none,247,6,6,0,71,-13.6,13.6,6Y,9.6,12.1,22.0,True,no
SYVMO_0006,LABH STAYVAN Model,stayvan,Stayvan,INH000006077,RA,Mixed-Model,IT / Tech,2021-03-17,2021-03-18,5.6,UNPUBLISHED,no,yes,84979,1y:5999; 3m:2999,5999,6.0,3.0,none,162,9,0,14.0,85.5,34.5,18.8,6Y,12.0,10.1,16.4,True,no
SYVMO_0007,KUBER STAYVAN Model,stayvan,Stayvan,INH000006077,RA,Mixed-Model,IT / Tech,2022-10-03,2022-10-04,4.0,UNPUBLISHED,no,yes,19486,1y:5999; 3m:2999,5999,6.0,3.0,none,112,11,0,18,79.0,-2.0,13.4,4Y,-14.6,-8.2,5.2,True,no
SYVMO_0008,MAHURAT STAYVAN Model,stayvan,Stayvan,INH000006077,RA,Mixed-Model,IT / Tech,2023-11-11,2023-11-13,2.9,UNPUBLISHED,no,yes,6946,1y:5999; 3m:2999,5999,6.0,3.0,none,100,6,0,0,100.0,25.8,7.2,3Y,-9.5,-3.8,,True,no
SYVMO_0010,ANANTA STAYVAN Model,stayvan,Stayvan,INH000006077,RA,Mixed-Model,IT / Tech,2024-10-29,2024-10-30,1.9,UNPUBLISHED,no,yes,84989,1y:5999; 3m:2999,5999,6.0,3.0,quarterly,10,10,0,20,80,56.3,5.1,2Y,2.3,,,True,no
SYVMX_0013,SAMVAT STAYVAN Fundamental,stayvan,Stayvan,INH000006077,RA,Fundamental,IT / Tech,2025-10-15,2025-10-16,1.0,UNPUBLISHED,no,no,18743,free (no plan),,,,none,19,9,0,8,66.0,16.6,-12.4,11M,,,,True,no
SEPKAA_0001,SE ETF Dynamic Wealth Asset Allocation,stockedge-publisher,StockEdge,INH300007493,RA,Asset-Allocation,Banks / Financials,2025-08-27,2025-08-28,1.1,UNPUBLISHED,no,yes,1562,1y:3000,3000,3.0,1.5,none,11,3,16.7,0,0,,5.6,1Y,2.7,,,True,no
SEPKMX_0001,SE Momentum N50 Top 10 Model,stockedge-publisher,StockEdge,INH300007493,RA,Factor-Model,Momentum / Factor / Quant,2025-08-27,2025-08-28,1.1,UNPUBLISHED,no,yes,193671,1y:12000,12000,12.0,6.0,none,12,11,45.0,5,0,35.7,-4.2,1Y,-7.5,,,True,no
SEPKMX_0002,SE Momentum N-Next 50 Top 10 Model,stockedge-publisher,StockEdge,INH300007493,RA,Mixed-Model,Momentum / Factor / Quant,2025-08-27,2025-08-28,1.1,UNPUBLISHED,no,yes,396299,1y:12000,12000,12.0,6.0,none,11,11,45.0,5,0,63.6,7.4,1Y,7.1,,,True,no
SEPKMX_0003,SE Momentum N200 Top 10 Model,stockedge-publisher,StockEdge,INH300007493,RA,Factor-Model,Momentum / Factor / Quant,2025-08-27,2025-08-28,1.1,UNPUBLISHED,no,yes,91659,1y:12000,12000,12.0,6.0,none,11,11,20,25,5,82.5,13.6,1Y,8.6,,,True,no
SEPKMX_0004,SE Momentum N500 Top 10 Model,stockedge-publisher,StockEdge,INH300007493,RA,Mixed-Model,Momentum / Factor / Quant,2025-08-27,2025-08-28,1.1,UNPUBLISHED,no,yes,168115,1y:12000,12000,12.0,6.0,none,11,11,10,20,20,43.0,32.7,1Y,33.3,,,True,no
SEPKNM_0002,SE Sector Rotation Quant,stockedge-publisher,StockEdge,INH300007493,RA,Quant,Momentum / Factor / Quant,2026-03-24,2026-03-25,0.5,UNPUBLISHED,no,yes,88115,1y:6000,6000,6.0,3.0,none,6,11,5,20,25,56.7,19.9,7M,,,,True,no
STBAMO_0003,Blue-Chip Value Mix Model,stoxbazar,StoxBazar,INH100008939,RA,Mixed-Model,Momentum / Factor / Quant,2022-02-22,2022-02-23,4.6,UNPUBLISHED,no,yes,19392,1y:6999; 3m:2499; 6m:3999,6999,7.0,3.5,none,17,10,57.0,15.0,28.0,10.5,18.8,5Y,-14.2,-10.2,9.3,True,no
STBAMO_0005,Strategic Diversified Mix Model,stoxbazar,StoxBazar,INH100008939,RA,Mixed-Model,Momentum / Factor / Quant,2022-12-24,2022-12-26,3.8,UNPUBLISHED,no,yes,95533,1y:6999; 3m:2499; 6m:3999,6999,7.0,3.5,none,19,16,54,25,21.0,20.7,13.8,4Y,-8.6,-2.2,10.8,True,no
STBANM_0001,Passive Income Investments Model,stoxbazar,StoxBazar,INH100008939,RA,Factor-Model,Momentum / Factor / Quant,2022-02-26,2022-02-28,4.6,UNPUBLISHED,no,yes,13300,1y:6999; 3m:2499; 6m:3999,6999,7.0,3.5,none,16,13,39.8,23.1,37.1,8.3,27.5,5Y,1.2,-0.3,21.7,True,no
STBANM_0002,Swing Trading Portfolio Quant,stoxbazar,StoxBazar,INH100008939,RA,Quant,Momentum / Factor / Quant,2022-12-24,2022-12-26,3.8,UNPUBLISHED,no,yes,30330,1y:6999; 3m:2499; 6m:3999,6999,7.0,3.5,none,47,13,12.4,25.5,62.1,8.5,10.5,4Y,-5.6,-1.8,6.2,True,no
STBANM_0004,IPO Rebound Theme,stoxbazar,StoxBazar,INH100008939,RA,Thematic,Momentum / Factor / Quant,2025-05-25,2025-05-26,1.4,UNPUBLISHED,no,yes,23515,1y:6999; 3m:2499; 6m:3999,6999,7.0,3.5,none,3,11,8,12,70,20.4,-5.7,1Y,-14.4,,,True,no
STBANM_0005,Festive Forge Theme,stoxbazar,StoxBazar,INH100008939,RA,Thematic,Asset allocation / Multi-asset,2025-10-16,2025-10-17,1.0,UNPUBLISHED,no,no,8361,free (no plan),,,,none,0,5,0,0,50,55.2,16.6,11M,,,,True,no
STBATR_0001,Banking & Beyond Tracker,stoxbazar,StoxBazar,INH100008939,RA,Sector-Trackers,Banks / Financials,2022-03-29,2022-03-30,4.5,UNPUBLISHED,yes,yes,24425,1y:7150; 3m:2550; 6m:4100,7150,7.15,3.58,none,12,13,40.0,30,30,8.0,36.1,4Y,10.8,11.1,16.4,True,no
TRTUMX_0001,True Turtles Trend Master Quant,true-turtles,TRUE TURTLES LLP,INH000023621,RA,Quant,IT / Tech,2025-11-24,2025-11-25,0.9,UNPUBLISHED,no,yes,295400,1y:11799; 6m:8849,11799,11.8,5.9,monthly,14,25,9,33.0,33.0,99.5,7.7,11M,,,,True,no
TRTUMX_0004,True Turtles Microcap Leaders Model,true-turtles,TRUE TURTLES LLP,INH000023621,RA,Mixed-Model,IT / Tech,2026-02-04,2026-02-05,0.7,UNPUBLISHED,no,yes,350000,1y:19999,19999,20.0,10.0,none,14,30,0,6,94.0,61.4,47.2,8M,,,,True,no
TRTUQM_0001,True Turtles ETF Leaders Quant,true-turtles,TRUE TURTLES LLP,INH000023621,RA,Quant,IT / Tech,2026-01-25,2026-01-27,0.7,UNPUBLISHED,no,yes,50000,1y:4719,4719,4.72,2.36,none,19,7,10,0,10,,-6.3,9M,,,,True,no
TRTUQM_0002,True Turtles Swing Select Quant,true-turtles,TRUE TURTLES RESEARCH,INH000023621,RA,Quant,Momentum / Factor / Quant,2026-08-05,2026-08-05,0.2,UNPUBLISHED,no,yes,175469,1y:10620,10620,10.62,5.31,none,9,15,0,35,40,83.8,1.6,2M,,,,True,no
TRTUQM_0004,True Turtles VECTOR ALPHA Quant,true-turtles,TRUE TURTLES RESEARCH,INH000023621,RA,Quant,Momentum / Factor / Quant,2026-09-16,2026-09-16,0.1,UNPUBLISHED,no,yes,16780,1y:8260,8260,8.26,4.13,none,3,5,0,0,100,1283.7,3.4,1M,,,,True,no
TRTUQM_0005,True Turtles VECTOR BETA Quant,true-turtles,TRUE TURTLES RESEARCH,INH000023621,RA,Quant,Momentum / Factor / Quant,2026-09-16,2026-09-16,0.1,UNPUBLISHED,no,yes,18454,1y:8260,8260,8.26,4.13,none,2,5,0,0,100,32.5,1.9,1M,,,,True,no
TJPMO_0003,TM Multiplier Fundamental,tejimandi-publisher,Teji Mandi,INH000009445,RA,Fundamental,Capital goods / Manufacturing,2021-02-10,2021-02-11,5.7,UNPUBLISHED,no,yes,56834,1y:4234; 6m:2825,4234,4.23,2.12,none,37,18,16,6,78,53.8,26.2,6Y,7.2,-2.3,13.6,True,no
THIVFMM_0001,CT Earnings Compounders Fundamental,thoughtful-investors,Thoughtful Investors Research LLP,INH000022932,RA,Fundamental,Momentum / Factor / Quant,2026-02-11,2026-02-12,0.7,UNPUBLISHED,no,yes,55754,1y:8999; 6m:6999,8999,9.0,4.5,quarterly,4,13,29.2,41.7,29.2,23.7,-1.4,8M,,,,True,no
TIKONM_0001,Young India - Multicap Theme,tikona-capital,Tikona Capital,INH000009807,RA,Thematic,Momentum / Factor / Quant,2022-07-13,2022-07-14,4.2,UNPUBLISHED,no,yes,105618,1y:15000,15000,15.0,7.5,monthly,40,17,40,12.5,47.5,29.4,13.6,4Y,3.2,-0.3,9.6,True,no
VLSMO_0027,VS Bluechip Edge Fundamental,valuestocks,Value Stocks,INA300002022,RIA,Fundamental,Momentum / Factor / Quant,2020-12-18,2020-12-21,5.8,UNPUBLISHED,no,yes,250000,1m:1(AUM%),,,,quarterly,37,25,39.6,23.7,36.7,47.0,30.7,6Y,24.8,14.4,30.4,True,no
VLSMO_0028,VS Emerging Winners Fundamental,valuestocks,Value Stocks,INA300002022,RIA,Fundamental,Momentum / Factor / Quant,2020-12-18,2020-12-21,5.8,UNPUBLISHED,no,yes,250000,1m:1(AUM%),,,,quarterly,34,25,36,20,44.0,48.4,37.9,6Y,18.7,0.3,20.2,True,no
VIYIMO_0001,ViniyogIndia Momentum Model,viniyogindia,ViniyogIndia,INA300008614,RIA,Factor-Model,Momentum / Factor / Quant,2021-02-08,2021-02-09,5.7,UNPUBLISHED,no,yes,163797,1m:1(AUM%),,,,quarterly,38,20,5,20,75.0,38.0,34.3,6Y,38.9,19.3,37.5,True,no
VIYIMO_0003,ViniyogIndia Armadillo Quant,viniyogindia,ViniyogIndia,INA300008614,RIA,Quant,Momentum / Factor / Quant,2021-03-13,2021-03-15,5.6,UNPUBLISHED,no,yes,100000,1m:1(AUM%),,,,quarterly,31,19,5,5,61,40.9,24.1,6Y,24.4,13.2,23.6,True,no
VIYIMO_0005,ViniyogIndia Multifactor Value Model,viniyogindia,ViniyogIndia,INA300008614,RIA,Mixed-Model,Momentum / Factor / Quant,2023-05-15,2023-05-16,3.4,UNPUBLISHED,no,yes,80005,1y:7999; 3m:3999; 6m:5999,7999,8.0,4.0,quarterly,15,20,5,15.0,80.0,43.2,39.4,3Y,34.9,12.9,35.1,True,no
VIYIMO_0006,ViniyogIndia Chameleon Quant,viniyogindia,ViniyogIndia,INA300008614,RIA,Quant,Momentum / Factor / Quant,2023-05-16,2023-05-17,3.4,UNPUBLISHED,no,yes,157731,1y:7999; 3m:3999; 6m:5999,7999,8.0,4.0,quarterly,16,20,0,5,95.0,70.9,39.6,3Y,37.6,19.3,32.2,True,no
VIYIMO_0008,ViniyogIndia Smallcap - Size Model,viniyogindia,ViniyogIndia,INA300008614,RIA,Mixed-Model,Momentum / Factor / Quant,2023-07-16,2023-07-17,3.2,UNPUBLISHED,no,yes,137322,1y:6850; 3m:2050; 6m:3700,6850,6.85,3.42,quarterly,13,20,15.0,15.0,70,28.9,23.4,3Y,8.0,4.5,15.2,True,no
WECEMO_0008,Venture Capital Investors Portfolio Theme,wealth-culture,Wealth Culture,INH000025805,RA,Thematic,Momentum / Factor / Quant,2022-07-18,2022-07-19,4.2,UNPUBLISHED,no,yes,7500,1y:10000; 6m:5500,10000,10.0,5.0,none,18,5,20,0,0,146.9,31.9,4Y,11.6,13.3,24.9,True,no
WECEMO_0014,WC TechnoFunda Theme,wealth-culture,Wealth Culture,INH000025805,RA,Thematic,IT / Tech,2022-11-02,2022-11-03,3.9,UNPUBLISHED,no,yes,7500,1y:10000; 6m:5500,10000,10.0,5.0,none,26,5,20,0,0,196.6,35.1,4Y,13.5,12.2,22.7,True,no
WETRMO_0002,Value Multicap Equities Fundamental,wealthtrust,WealthTrust Capital Services,INH000011149,RA,Fundamental,Momentum / Factor / Quant,2022-06-16,2022-06-17,4.3,UNPUBLISHED,no,yes,65462,1y:8260; 6m:4484,8260,8.26,4.13,quarterly,27,22,53.5,10,32.0,19.3,18.4,4Y,2.8,4.5,17.9,True,no
WETRMO_0003,Keystone Asset Allocation,wealthtrust,WealthTrust Capital Services,INH000011149,RA,Asset-Allocation,Momentum / Factor / Quant,2022-06-21,2022-06-22,4.3,UNPUBLISHED,no,yes,581,1y:7080; 3m:2360,7080,7.08,3.54,quarterly,21,6,12,0,0,10.5,16.1,4Y,3.6,2.6,14.2,True,no
WETRMO_0004,Balance 25 Fundamental,wealthtrust,WealthTrust Capital Services,INH000011149,RA,Fundamental,Momentum / Factor / Quant,2022-06-28,2022-06-29,4.3,UNPUBLISHED,no,yes,231700,1y:8260; 6m:4720,8260,8.26,4.13,quarterly,17,24,39.5,17,27,25.4,15.4,4Y,-5.9,-5.5,10.5,True,no
WETRMO_0007,Bedrock Portfolio Fundamental,wealthtrust,WealthTrust Capital Services,INH000011149,RA,Fundamental,Momentum / Factor / Quant,2024-03-21,2024-03-22,2.5,UNPUBLISHED,no,yes,39771,1y:10030; 6m:5310,10030,10.03,5.01,none,20,23,31.8,20.5,38.5,22.8,7.5,2Y,-2.1,-11.3,,True,no
WETRMO_0008,Cyclical Opportunities Theme,wealthtrust,WealthTrust Capital Services,INH000011149,RA,Thematic,Momentum / Factor / Quant,2025-01-06,2025-01-07,1.8,UNPUBLISHED,no,yes,45035,1y:10030; 6m:5310,10030,10.03,5.01,none,20,25,24.2,16.8,48.0,23.4,10.9,2Y,-3.3,,,True,no
WETRMX_0001,Smart Momentum Model,wealthtrust,WealthTrust Capital Services,INH000011149,RA,Mixed-Model,IT / Tech,2025-06-02,2025-06-03,1.3,UNPUBLISHED,no,yes,29689,1y:10030; 3m:2950; 6m:5310,10030,10.03,5.01,none,15,9,17.4,8.1,74.5,27.8,15.0,1Y,13.6,,,True,no
WKIMO_0004,Mi MT Allcap Momentum Model,weekend-investing,Weekend Investing,INH100008717,RA,Factor-Model,Momentum / Factor / Quant,2018-11-24,2019-01-02,7.8,UNPUBLISHED,yes,yes,360581,1y:19999; 3m:5000,19999,20.0,10.0,weekly,415,20,15.0,30,55.0,59.2,22.1,8Y,-1.3,-11.2,9.6,True,no
WKIMO_0007,Mi ST ATH Momentum Model,weekend-investing,Weekend Investing,INH100008717,RA,Factor-Model,Momentum / Factor / Quant,2019-03-30,2019-04-01,7.5,UNPUBLISHED,yes,yes,93134,1y:14999; 3m:4999,14999,15.0,7.5,weekly,393,10,10,40,50,63.3,21.7,7Y,13.8,1.6,13.1,True,no
WKIMO_0008,Mi25 Smallcap Momentum Model,weekend-investing,Weekend Investing,INH100008717,RA,Factor-Model,Momentum / Factor / Quant,2020-08-04,2020-08-05,6.2,UNPUBLISHED,yes,yes,209528,1y:14999; 3m:4999,14999,15.0,7.5,weekly,326,25,0,40,60,68.7,21.5,6Y,3.6,-3.7,10.3,True,no
WKIMO_0009,MI NNF10 Momentum Model,weekend-investing,Weekend Investing,INH100008717,RA,Factor-Model,IT / Tech,2020-11-12,2020-11-13,5.9,PUBLISHED,yes,yes,90117,1y:9999; 3m:3334,9999,10.0,5.0,monthly,73,10,100.0,0,0,23.8,20.9,6Y,1.4,-7.6,17.4,True,no
WKIMO_0010,Mi30 Momentum Model,weekend-investing,Weekend Investing,INH100008717,RA,Factor-Model,Momentum / Factor / Quant,2021-02-20,2021-02-22,5.6,UNPUBLISHED,yes,yes,307272,1y:35400; 3m:11800,35400,35.4,17.7,weekly,293,33,12.1,24.2,63.6,62.9,12.5,6Y,4.3,-5.1,7.1,True,no
WKIMO_0016,Mi 35 Momentum Model,weekend-investing,Weekend Investing,INH100008717,RA,Factor-Model,Momentum / Factor / Quant,2021-07-15,2021-07-16,5.2,UNPUBLISHED,yes,yes,291907,1y:10000; 3m:3334,10000,10.0,5.0,weekly,278,35,0,31.4,68.6,63.8,20.0,5Y,14.0,-2.1,16.0,True,no
WKIMO_0017,Mi 20 Momentum Model,weekend-investing,Weekend Investing,INH100008717,RA,Factor-Model,Momentum / Factor / Quant,2021-07-15,2021-07-16,5.2,PUBLISHED,yes,yes,160962,1y:14999; 3m:4999,14999,15.0,7.5,weekly,275,20,5,25,70,60.8,17.6,5Y,-1.9,-14.4,7.4,True,no
WKIMO_0018,Mi ATH2 Momentum Model,weekend-investing,Weekend Investing,INH100008717,RA,Factor-Model,Momentum / Factor / Quant,2021-07-15,2021-07-16,5.2,UNPUBLISHED,yes,yes,36746,1y:9999; 3m:3334,9999,10.0,5.0,weekly,275,10,0,10,90.0,24.3,8.4,5Y,11.8,0.1,11.5,True,no
WKIMO_0019,Mi EverGreen Momentum Model,weekend-investing,Weekend Investing,INH100008717,RA,Factor-Model,Energy / Power,2021-12-26,2021-12-27,4.8,PUBLISHED,yes,yes,246596,1y:14999; 3m:4999,14999,15.0,7.5,monthly,65,21,33.8,41.2,0,49.8,22.7,5Y,1.5,4.4,24.5,True,no
WKIMO_0020,Mi INDIA Top10 Momentum Model,weekend-investing,Weekend Investing,INH100008717,RA,Factor-Model,Momentum / Factor / Quant,2022-08-04,2022-08-05,4.2,PUBLISHED,yes,yes,95523,1y:6999; 3m:2333,6999,7.0,3.5,monthly,51,10,100.0,0,0,32.4,8.1,4Y,-12.2,-12.1,8.4,True,no
WKIAA_0001,Mi Allcap Gold Asset Allocation,weekend-investing,WeekendInvesting,INH100008717,RA,Asset-Allocation,Momentum / Factor / Quant,2025-05-26,2025-05-27,1.4,UNPUBLISHED,no,yes,371763,1y:19999; 3m:6666,19999,20.0,10.0,monthly,19,31,32.5,27.5,15,46.1,16.9,1Y,12.8,,,True,no
SCAW_0001,Timeless Asset Allocation,smallcaseHQ,Windmill Capital,INH200007645,RA,Asset-Allocation,Momentum / Factor / Quant,2018-07-16,2019-01-02,7.8,PUBLISHED,yes,no,2973,free (no plan),,,,quarterly,34,4,49.6,0,0,,12.9,8Y,1.6,9.2,15.9,True,yes
SCET_0004,Top 100 Stocks - Quant Tracker,smallcaseHQ,Windmill Capital,INH200007645,RA,Sector-Trackers,Momentum / Factor / Quant,2019-01-21,2019-01-22,7.7,PUBLISHED,yes,no,3044,free (no plan),,,,quarterly,31,2,100,0,0,,11.7,8Y,-8.1,-4.4,8.2,True,yes
SCET_0005,Equity & Gold Asset Allocation,smallcaseHQ,Windmill Capital,INH200007645,RA,Asset-Allocation,Asset allocation / Multi-asset,2019-01-16,2019-01-17,7.7,PUBLISHED,yes,no,373,free (no plan),,,,quarterly,31,2,70,0,0,,14.7,8Y,-1.4,7.4,14.6,True,yes
SCET_0013,Equity & Debt Asset Allocation,smallcaseHQ,Windmill Capital,INH200007645,RA,Asset-Allocation,Asset allocation / Multi-asset,2021-02-12,2021-02-15,5.6,PUBLISHED,yes,no,4361,free (no plan),,,,quarterly,23,3,60,0,0,,9.7,6Y,-1.1,0.0,10.6,True,yes
SCET_0014,Global Opportunities Asset Allocation,smallcaseHQ,Windmill Capital,INH200007645,RA,Asset-Allocation,Asset allocation / Multi-asset,2021-02-12,2021-02-15,5.6,PUBLISHED,yes,no,3123,free (no plan),,,,quarterly,23,3,100,0,0,,18.2,6Y,15.3,18.8,26.8,True,yes
SCET_0015,Top 250 Stocks - Quant Tracker,smallcaseHQ,Windmill Capital,INH200007645,RA,Sector-Trackers,Momentum / Factor / Quant,2021-02-16,2021-02-17,5.6,PUBLISHED,yes,no,1951,free (no plan),,,,quarterly,23,3,76.8,23.2,0,,12.8,6Y,-2.8,-3.1,11.4,True,yes
SCET_0016,Horizon 2030 Target Date,smallcaseHQ,Windmill Capital,INH200007645,RA,Target-Date,Asset allocation / Multi-asset,2020-12-31,2021-01-01,5.8,PUBLISHED,yes,yes,4447,1y:1450,1450,1.45,0.72,yearly,6,4,17.5,0,0,,8.8,6Y,4.0,7.3,10.0,True,yes
SCET_0017,Horizon 2035 Target Date,smallcaseHQ,Windmill Capital,INH200007645,RA,Target-Date,Asset allocation / Multi-asset,2020-12-31,2021-01-01,5.8,PUBLISHED,yes,yes,2819,1y:1400,1400,1.4,0.7,yearly,6,4,26.6,0,0,,9.7,6Y,3.0,7.6,11.1,True,yes
SCET_0018,Horizon 2040 Target Date,smallcaseHQ,Windmill Capital,INH200007645,RA,Target-Date,Asset allocation / Multi-asset,2020-12-31,2021-01-01,5.8,PUBLISHED,yes,yes,3076,1y:1450,1450,1.45,0.72,yearly,6,3,33.6,0,0,,10.4,6Y,2.4,7.8,11.9,True,yes
SCET_0019,Horizon 2045 Target Date,smallcaseHQ,Windmill Capital,INH200007645,RA,Target-Date,Asset allocation / Multi-asset,2020-12-31,2021-01-01,5.8,PUBLISHED,yes,yes,3822,1y:1400,1400,1.4,0.7,yearly,6,3,40.6,0,0,,11.1,6Y,1.9,8.0,12.7,True,yes
SCET_0020,Horizon 2050 Target Date,smallcaseHQ,Windmill Capital,INH200007645,RA,Target-Date,Asset allocation / Multi-asset,2020-12-31,2021-01-01,5.8,PUBLISHED,yes,yes,4942,1y:1450,1450,1.45,0.72,yearly,6,3,47.6,0,0,,11.8,6Y,1.3,8.1,13.4,True,yes
SCET_0021,Horizon 2055 Target Date,smallcaseHQ,Windmill Capital,INH200007645,RA,Target-Date,Asset allocation / Multi-asset,2020-12-31,2021-01-01,5.8,PUBLISHED,yes,yes,7413,1y:1400,1400,1.4,0.7,yearly,6,3,54.6,0,0,,12.5,6Y,0.7,8.3,14.2,True,yes
SCMO_0007,Smallcap Quality & Growth Model,smallcaseHQ,Windmill Capital,INH200007645,RA,Mixed-Model,Momentum / Factor / Quant,2016-04-04,2019-01-04,7.8,PUBLISHED,yes,yes,36612,1y:6550; 3m:2250,6550,6.55,3.27,quarterly,41,11,0,45.5,54.5,38.6,10.9,8Y,8.1,1.9,11.3,True,yes
SCMO_0010,Value & Momentum Model,smallcaseHQ,Windmill Capital,INH200007645,RA,Mixed-Model,Momentum / Factor / Quant,2016-04-04,2019-01-02,7.8,PUBLISHED,yes,yes,48093,1y:12000; 3m:4800,12000,12.0,6.0,quarterly,41,15,6.7,33.3,60,23.3,25.5,8Y,24.1,6.9,16.4,True,yes
SCMO_0013,Dividend Stars Model,smallcaseHQ,Windmill Capital,INH200007645,RA,Mixed-Model,Momentum / Factor / Quant,2016-04-04,2019-01-02,7.8,PUBLISHED,yes,yes,61593,1y:6550; 3m:2250,6550,6.55,3.27,annual,13,12,16.7,33.3,50.0,14.7,14.3,8Y,-4.8,-10.8,8.5,True,yes
SCMO_0014,Dividend Aristocrats Model,smallcaseHQ,Windmill Capital,INH200007645,RA,Mixed-Model,Momentum / Factor / Quant,2016-04-04,2019-01-02,7.8,PUBLISHED,yes,no,43807,free (no plan),,,,annual,13,10,30.0,40,30.0,33.1,12.6,8Y,-10.7,-11.5,-0.4,True,yes
SCMO_0015,Safe Haven Model,smallcaseHQ,Windmill Capital,INH200007645,RA,Mixed-Model,IT / Tech,2016-07-25,2019-01-02,7.8,PUBLISHED,yes,no,45451,free (no plan),,,,quarterly,41,10,0,30.0,70,45.4,17.3,8Y,9.8,5.4,14.1,True,yes
SCMO_0016,Growth & Value Multicap Model,smallcaseHQ,Windmill Capital,INH200007645,RA,Mixed-Model,IT / Tech,2016-09-19,2019-01-02,7.8,PUBLISHED,yes,yes,22394,1y:8600,8600,8.6,4.3,quarterly,40,10,0,30.0,70,15.9,22.5,8Y,8.6,-0.6,21.5,True,yes
SCMO_0024,Private Equity Investing Theme,smallcaseHQ,Windmill Capital,INH200007645,RA,Thematic,Mutual-fund / ETF basket,2016-12-26,2019-01-02,7.8,PUBLISHED,yes,no,54596,free (no plan),,,,annual,10,15,13.3,33.3,53.3,17.2,13.9,8Y,5.8,5.3,11.9,True,yes
SCMO_0026,Growth & Income Model,smallcaseHQ,Windmill Capital,INH200007645,RA,Mixed-Model,Momentum / Factor / Quant,2017-01-06,2019-01-02,7.8,PUBLISHED,yes,no,39300,free (no plan),,,,quarterly,39,10,0,29.7,70.3,30.7,19.9,8Y,1.1,-1.8,12.2,True,yes
SCMO_0027,Zero Debt Quality Model,smallcaseHQ,Windmill Capital,INH200007645,RA,Factor-Model,Momentum / Factor / Quant,2017-02-13,2019-01-02,7.8,PUBLISHED,yes,no,60484,free (no plan),,,,annual,10,14,14.3,21.4,64.3,51.0,10.7,8Y,-2.8,-3.3,6.9,True,yes
SCMO_0029,GEM-Q Model,smallcaseHQ,Windmill Capital,INH200007645,RA,Mixed-Model,IT / Tech,2017-03-06,2019-01-02,7.8,PUBLISHED,yes,yes,55833,1y:12000; 3m:3950,12000,12.0,6.0,quarterly,38,14,21.4,7.1,71.4,45.4,24.3,8Y,4.7,4.1,23.8,True,yes
SCMO_0041,Quality Smallcap Quant,smallcaseHQ,Windmill Capital,INH200007645,RA,Quant,Momentum / Factor / Quant,2020-12-02,2020-12-03,5.8,PUBLISHED,yes,yes,20396,1y:12000; 3m:4800,12000,12.0,6.0,monthly,70,10,0,0,100.0,16.4,25.8,6Y,5.3,-0.4,15.9,True,yes
SCMO_0043,Smallcap Quality & Growth - Asset Allocation Model,smallcaseHQ,Windmill Capital,INH200007645,RA,Mixed-Model,Momentum / Factor / Quant,2021-10-30,2021-11-01,4.9,PUBLISHED,yes,yes,38442,1y:6550; 3m:2250,6550,6.55,3.27,weekly,256,2,0,0,0,39.2,13.9,5Y,37.7,18.2,22.9,True,yes
SCMO_0044,Value & Momentum - Asset Allocation Model,smallcaseHQ,Windmill Capital,INH200007645,RA,Mixed-Model,Momentum / Factor / Quant,2021-10-30,2021-11-01,4.9,PUBLISHED,yes,yes,40316,1y:12900; 3m:5100,12900,12.9,6.45,weekly,257,2,0,0,0,23.5,14.9,5Y,11.9,9.2,18.0,True,yes
SCMO_0045,GEM-Q - Asset Allocation Model,smallcaseHQ,Windmill Capital,INH200007645,RA,Mixed-Model,IT / Tech,2021-10-30,2021-11-01,4.9,PUBLISHED,yes,yes,56403,1y:12900; 3m:4300,12900,12.9,6.45,weekly,257,2,0,0,0,45.0,14.6,5Y,-2.4,2.1,22.3,True,yes
SCMX_0002,Defence Picks Theme,smallcaseHQ,Windmill Capital,INH200007645,RA,Thematic,Defence,2025-11-18,2025-11-19,0.9,PUBLISHED,yes,yes,33067,1y:6550; 3m:2250,6550,6.55,3.27,monthly,10,8,23.3,0,76.7,60.4,12.3,11M,,,,True,yes
SCNM_0001,Transporting India Theme,smallcaseHQ,Windmill Capital,INH200007645,RA,Thematic,Mutual-fund / ETF basket,2016-04-04,2019-01-02,7.8,PUBLISHED,yes,no,47186,free (no plan),,,,quarterly,41,10,24.8,10.3,64.9,38.2,13.1,8Y,-3.3,-2.9,5.3,True,yes
SCNM_0007,Brand Value Theme,smallcaseHQ,Windmill Capital,INH200007645,RA,Thematic,Consumption,2016-04-04,2019-01-02,7.8,PUBLISHED,yes,yes,88727,1y:6550; 3m:2250,6550,6.55,3.27,quarterly,41,14,73.8,20.3,5.9,77.0,10.0,8Y,-8.2,-3.2,6.2,True,yes
SCNM_0008,Banking Privately Theme,smallcaseHQ,Windmill Capital,INH200007645,RA,Thematic,Banks / Financials,2016-04-04,2019-01-02,7.8,PUBLISHED,yes,no,33696,free (no plan),,,,quarterly,41,15,40.1,27.7,32.2,9.8,6.4,8Y,5.0,5.5,9.2,True,yes
SCNM_0010,The Great Indian Middle Class Theme,smallcaseHQ,Windmill Capital,INH200007645,RA,Thematic,Consumption,2016-04-04,2019-01-02,7.8,PUBLISHED,yes,no,61131,free (no plan),,,,quarterly,41,14,61.5,33.2,5.3,106.0,7.0,8Y,-10.5,-6.4,3.2,True,yes
SCNM_0012,Rising Rural Demand Theme,smallcaseHQ,Windmill Capital,INH200007645,RA,Thematic,Consumption,2016-04-04,2019-01-02,7.8,PUBLISHED,yes,no,36192,free (no plan),,,,quarterly,41,15,50.5,18,31.6,27.4,7.3,8Y,-17.8,-13.8,-1.5,True,yes
SCNM_0014,Digital Inclusion Theme,smallcaseHQ,Windmill Capital,INH200007645,RA,Thematic,IT / Tech,2016-04-04,2019-01-02,7.8,PUBLISHED,yes,no,53824,free (no plan),,,,quarterly,41,12,27.8,28.2,44.0,64.7,11.2,8Y,-19.1,-9.1,5.6,True,yes
SCNM_0015,Bringing the Bling Theme,smallcaseHQ,Windmill Capital,INH200007645,RA,Thematic,Consumption,2016-04-04,2019-01-02,7.8,PUBLISHED,yes,no,47078,free (no plan),,,,quarterly,42,9,34.5,41.7,23.8,56.6,16.4,8Y,10.9,5.2,14.1,True,yes
SCNM_0025,Electric Mobility Theme,smallcaseHQ,Windmill Capital,INH200007645,RA,Thematic,Autos / EV,2017-11-15,2019-01-02,7.8,PUBLISHED,yes,no,72689,free (no plan),,,,quarterly,35,10,54.4,16.6,29.0,31.2,15.2,8Y,-1.2,-8.0,16.4,True,yes
SCNM_0027,AI & Data Center Value Chain Theme,smallcaseHQ,Windmill Capital,INH200007645,RA,Thematic,IT / Tech,2026-06-08,2026-06-08,0.3,UNPUBLISHED,no,yes,67486,1y:6150,6150,6.15,3.08,quarterly,1,14,37.7,8.1,54.1,59.3,1.3,4M,,,,True,yes
SCNM_0028,Post-IPO Quality Theme,smallcaseHQ,Windmill Capital,INH200007645,RA,Thematic,Momentum / Factor / Quant,2026-06-08,2026-06-08,0.3,UNPUBLISHED,no,yes,18367,1y:6150,6150,6.15,3.08,quarterly,1,12,10,18,72.0,36.0,3.8,4M,,,,True,yes
SCQM_0001,Quality Bluechips - Quant,smallcaseHQ,Windmill Capital,INH200007645,RA,Quant,Momentum / Factor / Quant,2025-02-21,2025-02-24,1.6,PUBLISHED,yes,yes,75000,1y:8600; 3m:3300,8600,8.6,4.3,monthly,20,13,14.3,60.0,0,30.7,20.8,2Y,3.8,,,True,yes
SCQM_0002,Growth Multicap - Quant,smallcaseHQ,Windmill Capital,INH200007645,RA,Quant,Momentum / Factor / Quant,2025-03-07,2025-03-10,1.6,PUBLISHED,yes,yes,77385,1y:8600; 3m:3300,8600,8.6,4.3,monthly,19,20,20,20,60,54.4,14.5,2Y,14.4,,,True,yes
SCSB_0001,Dividend Smart Beta,smallcaseHQ,Windmill Capital,INH200007645,RA,Smart-Beta,Momentum / Factor / Quant,2018-07-20,2019-01-02,7.8,UNPUBLISHED,yes,yes,100805,1y:6550; 3m:2250,6550,6.55,3.27,quarterly,23,15,74.0,26.0,0,28.9,8.4,8Y,-9.9,-9.4,3.0,True,yes
SCSB_0003,Low Risk Smart Beta,smallcaseHQ,Windmill Capital,INH200007645,RA,Smart-Beta,Momentum / Factor / Quant,2018-07-20,2019-01-02,7.8,PUBLISHED,yes,yes,75217,1y:6550; 3m:2250,6550,6.55,3.27,quarterly,33,12,84.9,15.1,0,40.7,9.9,8Y,-6.1,-4.6,5.7,True,yes
SCSB_0004,Quality Smart Beta,smallcaseHQ,Windmill Capital,INH200007645,RA,Smart-Beta,Momentum / Factor / Quant,2018-07-20,2019-01-02,7.8,PUBLISHED,yes,yes,69475,1y:6550; 3m:2250,6550,6.55,3.27,annual,9,11,79.4,20.6,0,41.8,10.5,8Y,-9.9,-7.4,9.9,True,yes
SCTD_0001,Horizon 2060 Target Date,smallcaseHQ,Windmill Capital,INH200007645,RA,Target-Date,Asset allocation / Multi-asset,2026-01-05,2026-01-06,0.8,UNPUBLISHED,no,yes,13337,1y:1450,1450,1.45,0.72,yearly,0,3,61.6,0,0,,-6.6,9M,,,,True,yes
SCTR_0001,Auto Tracker,smallcaseHQ,Windmill Capital,INH200007645,RA,Sector-Trackers,Autos / EV,2016-04-04,2019-01-02,7.8,PUBLISHED,yes,no,85974,free (no plan),,,,quarterly,41,14,46.8,18.2,34.9,32.9,12.3,8Y,-0.9,-3.4,14.8,True,yes
SCTR_0002,Banking Tracker,smallcaseHQ,Windmill Capital,INH200007645,RA,Sector-Trackers,Banks / Financials,2016-04-04,2019-01-02,7.8,PUBLISHED,yes,no,12567,free (no plan),,,,quarterly,41,10,59.8,31.3,8.8,7.4,8.3,8Y,8.2,9.7,12.1,True,yes
SCTR_0003,Energy Tracker,smallcaseHQ,Windmill Capital,INH200007645,RA,Sector-Trackers,Energy / Power,2016-04-04,2019-01-02,7.8,PUBLISHED,yes,no,12295,free (no plan),,,,quarterly,41,11,75.3,24.7,0,11.3,11.4,8Y,-8.8,-13.2,9.4,True,yes
SCTR_0004,FMCG Tracker,smallcaseHQ,Windmill Capital,INH200007645,RA,Sector-Trackers,Consumption,2016-04-04,2019-01-02,7.8,PUBLISHED,yes,no,40202,free (no plan),,,,quarterly,41,10,57.6,42.4,0,43.6,7.3,8Y,-14.2,-14.1,-1.6,True,yes
SCTR_0005,Infra Tracker,smallcaseHQ,Windmill Capital,INH200007645,RA,Sector-Trackers,Infrastructure,2016-04-04,2019-01-02,7.8,PUBLISHED,yes,no,189188,free (no plan),,,,quarterly,41,15,59.8,22.4,17.8,27.8,16.2,8Y,1.5,-1.8,11.5,True,yes
SCTR_0006,IT Tracker,smallcaseHQ,Windmill Capital,INH200007645,RA,Sector-Trackers,IT / Tech,2016-04-04,2019-01-02,7.8,PUBLISHED,yes,no,106580,free (no plan),,,,quarterly,41,9,59.0,41.0,0,23.3,17.9,8Y,-13.8,-14.6,4.8,True,yes
SCTR_0008,Metal Tracker,smallcaseHQ,Windmill Capital,INH200007645,RA,Sector-Trackers,Metals / Materials,2016-04-04,2019-01-02,7.8,PUBLISHED,yes,no,29097,free (no plan),,,,quarterly,41,12,30.7,52.1,17.3,19.2,19.0,8Y,21.1,10.7,24.1,True,yes
SCTR_0009,Pharma Tracker,smallcaseHQ,Windmill Capital,INH200007645,RA,Sector-Trackers,Pharma / Healthcare,2016-04-04,2019-01-02,7.8,PUBLISHED,yes,no,40449,free (no plan),,,,quarterly,41,12,29.6,65.3,5,33.6,17.1,8Y,5.1,-2.9,11.3,True,yes
SCTR_0010,Realty Tracker,smallcaseHQ,Windmill Capital,INH200007645,RA,Sector-Trackers,Infrastructure,2016-04-04,2019-01-02,7.8,PUBLISHED,yes,no,17047,free (no plan),,,,quarterly,41,12,9.3,50.3,40.4,51.6,18.9,8Y,-7.9,-9.2,15.0,True,yes
SCTR_0011,Insurance Tracker,smallcaseHQ,Windmill Capital,INH200007645,RA,Sector-Trackers,Banks / Financials,2017-12-18,2019-01-02,7.8,PUBLISHED,yes,no,25202,free (no plan),,,,quarterly,35,8,34.8,51.2,14.0,58.8,5.3,8Y,-20.2,-11.3,1.7,True,yes
SCTR_0013,House of Bajaj Tracker,smallcaseHQ,Windmill Capital,INH200007645,RA,Sector-Trackers,Diversified / other (Sector-Trackers),2021-02-13,2021-02-15,5.6,PUBLISHED,yes,yes,34908,1y:1450,1450,1.45,0.72,quarterly,23,4,71.5,28.6,0,27.7,8.8,6Y,-9.1,-8.7,3.8,True,yes
SCTR_0014,House of Tata Tracker,smallcaseHQ,Windmill Capital,INH200007645,RA,Sector-Trackers,Momentum / Factor / Quant,2021-02-13,2021-02-15,5.6,PUBLISHED,yes,yes,35211,1y:1450,1450,1.45,0.72,quarterly,23,9,56.9,25.4,17.6,35.6,14.7,6Y,-7.4,-9.8,4.7,True,yes
SCTR_0015,House of HDFC Tracker,smallcaseHQ,Windmill Capital,INH200007645,RA,Sector-Trackers,Momentum / Factor / Quant,2021-02-13,2021-02-15,5.6,PUBLISHED,yes,yes,9250,1y:1450,1450,1.45,0.72,quarterly,23,4,45.1,54.9,0,28.0,0.6,6Y,-24.7,-5.6,3.7,True,yes
SCTR_0016,House of Mahindra Tracker,smallcaseHQ,Windmill Capital,INH200007645,RA,Sector-Trackers,Momentum / Factor / Quant,2022-07-14,2022-07-15,4.2,PUBLISHED,yes,yes,10462,1y:1450,1450,1.45,0.72,quarterly,17,4,57.3,18.0,24.7,22.5,13.8,4Y,-2.2,-3.8,8.5,True,yes
SCTR_0017,House of Murugappa Tracker,smallcaseHQ,Windmill Capital,INH200007645,RA,Sector-Trackers,Momentum / Factor / Quant,2022-07-14,2022-07-15,4.2,PUBLISHED,yes,yes,12470,1y:1450,1450,1.45,0.72,quarterly,17,5,36.4,40.2,23.4,33.1,14.0,4Y,-15.8,-6.4,7.7,True,yes
SCTR_0018,Capital Markets Tracker,smallcaseHQ,Windmill Capital,INH200007645,RA,Sector-Trackers,Diversified / other (Sector-Trackers),2025-04-06,2025-04-07,1.5,PUBLISHED,yes,no,52066,free (no plan),,,,quarterly,6,16,19.7,20.0,60.3,44.2,27.7,1Y,8.5,,,True,yes
SCTR_0019,Healthcare Tracker,smallcaseHQ,Windmill Capital,INH200007645,RA,Sector-Trackers,Pharma / Healthcare,2025-08-03,2025-08-04,1.2,UNPUBLISHED,no,no,70653,free (no plan),,,,quarterly,5,12,11.0,16.2,72.7,57.1,-3.8,1Y,-4.5,,,True,yes
WRTMO_0003,Balanced Multi Factor Model,wright-research,Wright Research,INH000017295,RA,Mixed-Model,Momentum / Factor / Quant,2019-08-20,2019-08-21,7.1,PUBLISHED,yes,yes,48656,1y:7200; 6m:4500,7200,7.2,3.6,monthly,116,19,3.1,32.1,54.3,29.7,23.7,7Y,3.4,-1.1,13.3,True,no
WRTMO_0007,Wright Smallcaps Model,wright-research,Wright Research,INH000017295,RA,Mixed-Model,Momentum / Factor / Quant,2020-09-12,2020-09-14,6.1,UNPUBLISHED,no,yes,47534,1y:7200; 6m:4500,7200,7.2,3.6,monthly,80,17,16.1,6.6,77.2,35.9,25.4,6Y,-0.8,-6.6,13.3,True,no
WRTMO_0018,Alpha Prime Momentum Model,wright-research,Wright Research,INH000017295,RA,Factor-Model,Momentum / Factor / Quant,2023-06-23,2023-06-26,3.3,PUBLISHED,yes,yes,28876,1y:10000; 6m:6600,10000,10.0,5.0,weekly,118,10,24.1,19.6,56.3,46.5,23.9,3Y,6.9,-2.3,16.4,True,no
WRTMO_0020,Wright HNI Quant Advantage Model,wright-research,Wright Research,INH000017295,RA,Mixed-Model,Momentum / Factor / Quant,2024-03-22,2024-03-26,2.5,UNPUBLISHED,no,yes,496018,3m:16520; 6m:23600,,,,none,22,20,17.7,28.1,54.1,57.5,8.5,2Y,9.9,-1.8,,True,no
WRTMO_0022,Wright Titan Quality Model,wright-research,Wright Research,INH000017295,RA,Factor-Model,Momentum / Factor / Quant,2024-03-22,2024-03-26,2.5,UNPUBLISHED,no,yes,49916,1y:10000; 6m:6250,10000,10.0,5.0,monthly,33,19,23.1,50.2,26.6,31.7,3.3,2Y,-4.4,-9.6,,True,no
WRTNM_0001,Wright Momentum Model,wright-research,Wright Research,INH000017295,RA,Factor-Model,Momentum / Factor / Quant,2020-11-25,2020-11-26,5.9,UNPUBLISHED,no,yes,48965,1y:7200; 6m:4500,7200,7.2,3.6,monthly,99,20,13.8,23.9,56.9,39.0,30.5,6Y,3.7,0.5,17.7,True,no
WRTNM_0003,Wright New India Manufacturing Theme,wright-research,Wright Research,INH000017295,RA,Thematic,Capital goods / Manufacturing,2022-05-01,2022-05-02,4.4,UNPUBLISHED,no,yes,48184,1y:7200; 6m:4500,7200,7.2,3.6,monthly,56,19,32.0,30.2,37.8,36.8,28.3,4Y,8.9,-1.3,22.8,True,no
WRTNM_0004,Wright Innovation Theme,wright-research,Wright Research,INH000017295,RA,Thematic,Momentum / Factor / Quant,2021-03-25,2021-09-27,5.0,UNPUBLISHED,no,yes,48292,1y:7200; 6m:4500,7200,7.2,3.6,monthly,59,18,28.7,28.3,43.0,34.3,17.7,5Y,7.7,7.5,19.5,True,no
WRTNM_0005,Wright Consumption Theme,wright-research,Wright Research,INH000017295,RA,Thematic,Consumption,2025-08-26,2025-08-28,1.1,UNPUBLISHED,yes,yes,40282,1y:10000; 6m:6250,10000,10.0,5.0,monthly,14,14,14.9,32.1,53.0,49.2,2.6,1Y,-0.8,,,True,no
YSEMO_0001,Top Ideas Basket Fundamental,yellowstone-equity,Yellowstone Equity,INH000007216,RA,Fundamental,Momentum / Factor / Quant,2020-12-24,2020-12-28,5.8,UNPUBLISHED,no,yes,20985,1y:16520; 6m:8850,16520,16.52,8.26,none,15,9,10,0,90.0,19.1,15.7,6Y,-22.5,-13.9,0.9,True,no
ZENIFMM_0001,Zen Nivesh Stock SIP in Microcaps Fundamental,zen-nivesh-advisors,Zen Nivesh Advisors Private Limited,INA000020323,RIA,Fundamental,Momentum / Factor / Quant,2026-02-07,2026-02-09,0.7,UNPUBLISHED,no,yes,20445,1y:11800,11800,11.8,5.9,monthly,8,11,0,0,100.0,13.3,-6.3,8M,,,,True,no
ZEFHAA_0001,3-in-1 Multi Asset Allocation,zerodha-mf,Zerodha Fund House,MF/080/23/06,RA,Asset-Allocation,Asset allocation / Multi-asset,2025-04-17,2025-04-21,1.5,PUBLISHED,yes,no,201,free (no plan),,,,quarterly,6,4,30,30,0,,9.5,1Y,3.0,,,True,no
ZEFHAA_0002,Gold & Debt Asset Allocation,zerodha-mf,Zerodha Fund House,MF/080/23/06,RA,Asset-Allocation,Asset allocation / Multi-asset,2025-04-17,2025-04-21,1.5,PUBLISHED,yes,no,100,free (no plan),,,,quarterly,6,2,0,0,0,,23.0,1Y,14.5,,,True,no
ZEFHAA_0003,Midcaps & Gold Asset Allocation,zerodha-mf,Zerodha Fund House,MF/080/23/06,RA,Asset-Allocation,Asset allocation / Multi-asset,2025-04-17,2025-04-21,1.5,PUBLISHED,yes,no,56,free (no plan),,,,quarterly,6,2,0,60,0,,17.5,1Y,9.5,,,True,no
ZEFHAA_0004,Equity & Precious Metals Asset Allocation,zerodha-mf,Zerodha Fund House,MF/080/23/06,RA,Asset-Allocation,Metals / Materials,2025-09-12,2025-09-15,1.1,PUBLISHED,yes,no,224,free (no plan),,,,quarterly,4,4,35,35,0,,9.4,1Y,5.4,,,True,no
ZEFHAA_0005,Equity & Debt 70/30 Asset Allocation,zerodha-mf,Zerodha Fund House,MF/080/23/06,RA,Asset-Allocation,Asset allocation / Multi-asset,2025-09-12,2025-09-15,1.1,PUBLISHED,yes,no,102,free (no plan),,,,quarterly,4,3,35,35,0,,-2.5,1Y,-2.4,,,True,no
ZEFHTR_0001,Large & Midcap Tracker,zerodha-mf,Zerodha Fund House,MF/080/23/06,RA,Sector-Trackers,Diversified / other (Sector-Trackers),2025-04-17,2025-04-21,1.5,PUBLISHED,yes,no,31,free (no plan),,,,quarterly,6,2,60,40,0,,1.0,1Y,-5.0,,,True,no
ZEFHTR_0002,Precious Metals Tracker,zerodha-mf,Zerodha Fund House,MF/080/23/06,RA,Sector-Trackers,Metals / Materials,2025-04-17,2025-04-21,1.5,PUBLISHED,yes,no,46,free (no plan),,,,quarterly,6,2,0,0,0,,49.2,1Y,28.2,,,True,no
ZEFHTR_0003,Equity Multicap Tracker,zerodha-mf,Zerodha Fund House,MF/080/23/06,RA,Sector-Trackers,Diversified / other (Sector-Trackers),2025-09-12,2025-09-15,1.1,PUBLISHED,yes,no,32,free (no plan),,,,quarterly,4,3,35,35,30,,-1.5,1Y,-0.7,,,True,no
ZEFHTR_0004,Mid & Smallcap Tracker,zerodha-mf,Zerodha Fund House,MF/080/23/06,RA,Sector-Trackers,Diversified / other (Sector-Trackers),2025-09-30,2025-10-01,1.0,PUBLISHED,yes,no,22,free (no plan),,,,quarterly,4,2,0,60,40,,4.3,1Y,3.1,,,True,no
STBXMO_0005,Stockbox Momentum Model,stockbox,stockbox,INH100008799,RA,Factor-Model,IT / Tech,2022-01-21,2022-01-24,4.7,UNPUBLISHED,no,yes,40723,1y:6962; 1y:6962; 3m:3422; 3m:3422,6962,6.96,3.48,quarterly,138,8,51.9,28.0,10.1,18.7,7.6,5Y,-2.5,-10.2,-4.4,True,no
STBXMO_0006,Evertime Portfolio Asset Fundamental,stockbox,stockbox,INH100008799,RA,Fundamental,Momentum / Factor / Quant,2022-03-05,2022-03-07,4.6,UNPUBLISHED,no,yes,46160,1y:6962; 3m:3422,6962,6.96,3.48,quarterly,17,17,72.0,16,12,12.7,8.5,5Y,-9.1,-6.8,2.5,True,no
STBXNM_0002,SB Riveting IT Portfolio Tracker,stockbox,stockbox,INH100008799,RA,Sector-Trackers,IT / Tech,2022-07-21,2022-07-22,4.2,UNPUBLISHED,no,yes,55397,1y:5900; 3m:2832,5900,5.9,2.95,quarterly,27,12,48,19,33,20.8,6.9,4Y,-3.3,-8.6,2.4,True,no
STBXNM_0003,Midcap Leaders Fundamental,stockbox,stockbox,INH100008799,RA,Fundamental,Momentum / Factor / Quant,2023-02-15,2023-02-16,3.6,UNPUBLISHED,no,yes,38522,1y:5900; 3m:2891,5900,5.9,2.95,quarterly,16,12,8.3,25.0,66.6,16.9,16.8,4Y,3.3,-1.0,12.2,True,no
STBXTR_0001,Pollution Free India - EV Theme,stockbox,stockbox,INH100008799,RA,Thematic,Autos / EV,2021-12-25,2021-12-27,4.8,UNPUBLISHED,no,yes,42018,1y:5900; 3m:3422,5900,5.9,2.95,quarterly,41,12,26.5,37.4,36.1,12.8,19.3,5Y,-6.9,-5.4,14.9,True,no
